ticker,data_sinal,mrs_atual,mrs_ontem,rsv_atual,preco_entrada,ret_5d,ret_bova_5d,ret_rel_5d,mrs_manteve_5d,ret_10d,ret_bova_10d,ret_rel_10d,mrs_manteve_10d,ret_20d,ret_bova_20d,ret_rel_20d,mrs_manteve_20d
ABEV3,2022-06-29,0.388,-1.359,74.443,10.240,4.555,-0.604,5.160,0,7.054,-1.552,8.606,0,10.066,1.906,8.160,0
ABEV3,2022-08-18,2.127,-0.855,90.389,12.040,-1.125,-0.309,-0.816,0,-3.562,-3.047,-0.515,0,-4.562,-3.948,-0.615,0
ABEV3,2022-08-24,1.910,-0.431,9.699,11.890,-3.354,-3.068,-0.286,1,-1.899,-2.748,0.849,1,-0.823,0.870,-1.693,1
ABEV3,2022-10-26,0.020,-2.793,16.800,11.360,6.093,3.971,2.121,1,5.894,-2.464,8.358,1,4.437,-3.411,7.848,1
ABEV3,2024-09-10,0.779,-0.539,39.504,11.040,-2.115,0.536,-2.651,0,-3.625,-1.493,-2.133,0,-1.208,-2.067,0.858,0
ABEV3,2025-02-26,2.113,-3.985,235.477,10.290,11.966,0.107,11.859,1,16.581,3.226,13.355,1,15.870,5.639,10.231,1
ABEV3,2025-07-02,1.849,-0.575,110.607,12.230,-2.491,-1.324,-1.166,0,0.220,-2.583,2.802,0,-3.663,-3.664,0.001,0
ABEV3,2026-01-07,0.508,-0.414,40.528,13.700,3.650,2.166,1.483,0,4.453,6.392,-1.939,0,11.679,12.217,-0.538,0
ABEV3,2026-01-09,1.242,-0.381,7.318,13.900,1.439,0.918,0.521,1,7.194,9.744,-2.550,0,10.935,11.955,-1.020,0
ASAI3,2022-03-28,0.594,-2.065,109.402,15.140,4.040,2.135,1.905,0,1.768,-0.671,2.439,0,-0.063,-9.124,9.061,0
ASAI3,2022-04-05,0.038,-1.170,5.275,15.570,-1.780,-3.622,1.841,0,0.307,-5.034,5.341,0,-4.944,-10.634,5.690,0
ASAI3,2024-01-29,4.741,-0.414,7.541,13.370,-2.029,-1.199,-0.830,0,-3.261,-0.760,-2.501,0,6.594,2.207,4.388,0
AURE3,2023-06-16,0.337,-1.291,31.959,11.220,0.279,4.792,-4.513,0,-3.210,5.190,-8.400,0,-6.839,-6.665,-0.174,0
AURE3,2023-06-20,0.295,-0.824,13.691,11.210,-0.978,0.150,-1.128,1,-5.311,-0.318,-4.993,0,-5.101,-9.704,4.603,0
AURE3,2024-06-03,0.683,-1.010,37.861,12.340,-2.246,5.932,-8.178,1,-2.877,7.883,-10.760,1,-0.772,8.338,-9.109,1
AURE3,2025-05-30,0.635,-0.298,30.027,11.400,2.875,0.949,1.926,1,3.049,0.973,2.076,1,4.007,-3.802,7.809,1
AZZA3,2022-01-26,3.270,-0.976,136.168,68.650,0.110,0.279,-0.169,0,0.146,0.782,-0.636,0,0.635,0.177,0.458,0
AZZA3,2022-01-31,2.352,-0.594,21.936,68.550,-0.538,-0.241,-0.297,1,2.555,1.426,1.129,1,-1.956,2.889,-4.846,0
AZZA3,2022-02-22,1.087,-0.744,62.631,69.050,-3.750,1.853,-5.604,0,-5.947,0.367,-6.314,0,5.256,5.266,-0.011,0
AZZA3,2022-03-15,1.304,-2.666,69.029,66.720,4.258,7.817,-3.559,0,14.433,10.343,4.090,0,13.428,6.549,6.879,0
AZZA3,2022-03-24,0.756,-0.053,74.478,72.680,3.990,0.750,3.240,1,8.960,-0.078,9.038,1,6.123,-6.955,13.078,1
AZZA3,2022-05-27,0.991,-0.552,15.919,69.440,-2.038,-0.389,-1.649,0,-10.906,-5.635,-5.271,0,-15.638,-9.778,-5.860,0
AZZA3,2022-06-02,0.176,-0.453,65.665,69.180,-8.670,-4.381,-4.290,0,-13.821,-11.270,-2.551,0,-14.856,-11.805,-3.051,0
AZZA3,2022-06-23,0.308,-3.354,12.202,60.200,-2.673,0.359,-3.032,0,1.976,2.873,-0.898,0,5.294,0.729,4.565,0
AZZA3,2022-07-08,0.230,-0.418,16.718,61.460,2.905,-3.726,6.631,0,2.531,-1.507,4.038,0,18.354,6.049,12.305,0
AZZA3,2022-07-13,1.179,-1.425,31.097,60.470,4.344,0.466,3.879,1,8.506,3.513,4.993,1,21.468,12.750,8.718,1
AZZA3,2022-12-02,0.466,-0.825,10.838,74.200,-8.857,-3.752,-5.105,0,-15.273,-7.920,-7.352,0,-14.213,-4.928,-9.285,0
AZZA3,2023-01-30,1.574,-4.233,320.729,75.660,-3.064,-3.174,0.110,0,-9.091,-2.971,-6.119,0,-16.105,-6.900,-9.205,0
AZZA3,2023-08-15,1.289,-3.303,22.108,70.570,-0.135,0.036,-0.171,0,-9.533,2.002,-11.535,0,-11.439,1.860,-13.299,0
AZZA3,2025-05-12,1.418,-1.935,18.441,35.860,14.040,2.272,11.768,1,0.304,1.214,-0.910,1,6.944,-0.495,7.439,1
AZZA3,2025-07-17,0.524,-0.044,22.459,33.070,0.330,-1.276,1.606,0,-1.951,-1.955,0.004,0,-11.816,0.672,-12.488,0
B3SA3,2022-01-21,2.253,-0.957,69.676,11.780,8.065,2.751,5.314,0,3.592,3.171,0.421,0,4.619,3.639,0.980,0
B3SA3,2022-01-26,1.089,-1.430,28.684,11.900,2.540,0.279,2.261,1,2.758,0.782,1.975,0,5.878,0.177,5.701,0
B3SA3,2022-08-12,1.453,-3.442,21.357,11.590,-4.504,-1.022,-3.482,0,-5.114,-0.258,-4.857,0,1.145,0.838,0.307,0
B3SA3,2022-09-08,3.120,-1.487,49.898,11.500,-3.385,-0.066,-3.319,0,3.385,3.720,-0.335,0,14.785,6.866,7.919,0
B3SA3,2022-09-19,2.685,-1.398,46.808,11.700,-2.043,-2.855,0.812,1,5.644,3.863,1.781,1,6.557,3.437,3.120,1
B3SA3,2022-12-20,1.946,-0.256,7.113,11.230,2.817,1.304,1.513,0,-4.820,-1.574,-3.246,0,4.354,4.616,-0.262,0
B3SA3,2023-01-10,1.136,-0.649,23.672,11.530,1.166,0.578,0.588,1,-0.156,2.099,-2.255,0,-7.543,-2.874,-4.669,0
B3SA3,2023-01-30,0.484,-0.518,68.943,11.540,-5.905,-3.174,-2.731,0,-7.382,-2.971,-4.410,0,-18.136,-6.900,-11.236,0
B3SA3,2023-12-14,1.479,-0.271,25.640,13.640,-2.293,1.159,-3.451,0,-3.786,1.482,-5.267,0,-5.076,-1.096,-3.980,0
B3SA3,2024-08-21,0.243,-0.013,42.741,12.220,-2.006,0.663,-2.669,0,-3.164,-0.271,-2.892,0,-6.404,-2.027,-4.378,0
B3SA3,2025-01-06,1.094,-0.299,1.621,9.930,-5.684,-0.897,-4.787,0,-0.578,2.340,-2.919,0,7.514,4.758,2.757,0
B3SA3,2025-01-08,0.776,-0.439,17.533,9.850,1.942,2.486,-0.544,0,1.262,2.786,-1.524,0,6.699,4.886,1.813,0
B3SA3,2025-01-28,0.138,-0.501,68.272,10.090,4.929,0.727,4.202,1,5.972,2.000,3.972,1,2.370,1.487,0.882,1
B3SA3,2025-03-05,0.697,-0.531,158.807,10.070,-0.285,0.575,-0.860,0,17.284,7.955,9.329,0,18.550,7.372,11.178,0
B3SA3,2025-03-13,8.751,-0.093,120.382,11.100,6.897,5.175,1.721,1,7.355,5.934,1.421,1,2.762,0.735,2.028,1
B3SA3,2025-09-03,0.837,-1.006,31.959,12.520,0.154,1.673,-1.519,0,5.946,4.186,1.759,0,1.678,4.128,-2.450,0
B3SA3,2025-09-15,0.826,-1.389,4.518,12.930,0.972,1.096,-0.124,1,0.816,2.136,-1.320,0,-4.375,-1.210,-3.165,0
B3SA3,2025-11-28,0.313,-0.859,40.804,14.550,-6.350,-1.072,-5.279,0,-4.211,1.059,-5.270,0,-7.152,1.380,-8.532,0
BBAS3,2022-11-14,0.240,-1.473,9.037,14.130,-4.296,-3.817,-0.478,0,-0.894,-1.785,0.891,0,-9.499,-8.184,-1.316,0
BBAS3,2024-08-19,1.330,-0.018,8.227,26.250,-1.135,0.932,-2.067,0,-0.821,-0.667,-0.155,0,0.354,-0.455,0.809,0
BBAS3,2024-09-02,0.988,-1.168,19.612,26.030,2.498,-0.046,2.544,1,1.185,0.214,0.972,1,-3.737,-2.037,-1.701,0
BBDC3,2022-01-10,0.826,-0.782,88.215,11.240,3.359,4.216,-0.857,0,3.889,5.740,-1.851,0,10.885,9.438,1.447,0
BBDC3,2022-01-17,0.198,-0.884,26.019,11.620,0.513,1.462,-0.949,0,7.184,5.264,1.919,0,0.777,6.765,-5.989,0
BBDC3,2022-05-09,1.112,-1.900,9.685,11.020,6.171,4.735,1.436,1,9.157,7.103,2.055,1,9.072,6.762,2.310,1
BBDC3,2022-07-26,0.074,-0.339,6.003,10.590,2.644,3.515,-0.872,0,9.374,9.256,0.118,0,13.020,13.469,-0.448,0
BBDC3,2022-08-09,0.141,-1.179,9.378,11.580,4.487,4.484,0.004,0,3.333,3.855,-0.522,0,2.098,0.857,1.242,0
BBDC3,2022-08-16,0.161,-0.852,12.921,12.100,-1.104,-0.601,-0.503,0,-1.043,-3.061,2.018,0,-2.286,-2.742,0.456,0
BBDC3,2023-05-08,0.568,-0.988,33.937,10.270,3.046,2.908,0.139,1,4.037,3.961,0.075,1,5.925,6.488,-0.564,0
BBDC3,2023-12-13,0.314,-0.551,30.189,11.950,3.409,0.883,2.526,1,6.452,3.723,2.729,1,0.087,1.678,-1.592,0
BBDC3,2024-02-06,0.238,-1.622,75.260,12.120,-15.840,-2.223,-13.618,0,-14.118,-0.457,-13.661,0,-15.999,-1.742,-14.257,0
BBDC3,2024-08-05,1.187,-7.046,195.233,10.660,7.253,4.829,2.425,1,14.833,8.385,6.448,1,14.262,7.662,6.600,1
BBDC3,2025-05-08,10.637,-0.801,257.461,12.500,0.000,2.278,-2.278,1,0.149,0.759,-0.610,1,3.037,0.158,2.879,1
BBDC4,2022-01-13,1.551,-0.607,28.032,13.730,2.629,3.299,-0.670,1,8.471,6.548,1.923,1,2.665,7.435,-4.769,0
BBDC4,2022-04-18,0.065,-1.871,39.156,14.620,-7.804,-6.442,-1.362,0,-8.767,-7.841,-0.925,0,0.624,-5.886,6.510,0
BBDC4,2022-08-09,0.713,-0.495,6.921,14.090,4.673,4.484,0.190,1,3.452,3.855,-0.403,1,2.226,0.857,1.369,0
BBDC4,2023-05-08,0.716,-2.412,142.432,12.060,2.546,2.908,-0.362,0,3.916,3.961,-0.045,0,6.721,6.488,0.233,0
BBDC4,2023-05-19,1.773,-0.307,16.019,12.660,0.249,0.327,-0.078,1,-1.748,1.736,-3.483,0,7.405,8.371,-0.965,0
BBDC4,2023-06-05,2.405,-1.001,6.693,12.870,2.511,3.482,-0.971,1,5.879,6.121,-0.242,1,2.625,5.589,-2.964,0
BBDC4,2023-12-13,0.153,-1.576,75.486,13.630,1.769,0.883,0.886,1,4.953,3.723,1.231,0,-2.428,1.678,-4.107,0
BBDC4,2023-12-22,0.664,-0.354,81.807,14.090,-0.362,0.039,-0.401,1,-4.705,-1.551,-3.154,0,-8.869,-3.855,-5.014,0
BBDC4,2024-02-06,1.036,-2.525,184.552,13.930,-19.096,-2.223,-16.874,0,-15.663,-0.457,-15.206,0,-16.994,-1.742,-15.252,0
BBDC4,2024-08-05,0.135,-7.422,157.158,11.880,8.009,4.829,3.180,1,14.916,8.385,6.531,1,14.622,7.662,6.960,1
BBDC4,2025-05-08,12.011,-0.945,398.006,14.130,1.790,2.278,-0.487,1,2.454,0.759,1.694,1,6.026,0.158,5.868,1
BBSE3,2022-01-18,1.802,-1.192,64.837,13.080,4.037,3.384,0.654,1,13.688,6.125,7.562,1,18.457,7.535,10.921,1
BBSE3,2023-05-24,1.468,-1.505,27.099,22.930,-1.403,-0.408,-0.994,1,-1.211,6.184,-7.395,0,-3.124,9.490,-12.614,0
BBSE3,2023-10-18,0.147,-2.470,24.254,24.520,-1.944,-0.924,-1.020,0,-2.132,1.078,-3.211,0,-0.345,9.722,-10.067,0
BBSE3,2024-01-18,1.153,-1.076,3.078,26.430,-1.862,0.728,-2.590,0,-0.204,0.809,-1.013,0,-1.066,1.279,-2.345,0
BBSE3,2025-05-21,0.111,-0.769,50.444,33.540,0.131,0.832,-0.701,0,-5.537,-0.580,-4.957,0,-6.770,0.617,-7.387,0
BBSE3,2025-05-23,0.083,-0.453,17.040,33.530,-1.549,-0.357,-1.192,0,-4.357,-1.049,-3.308,0,-6.798,-0.744,-6.054,0
BEEF3,2022-10-10,0.104,-4.434,94.258,12.190,6.364,-0.125,6.489,1,4.394,-1.428,5.821,1,8.561,-2.079,10.639,1
BEEF3,2023-01-11,4.919,-0.733,120.507,13.380,6.211,-0.706,6.917,1,2.623,1.421,1.202,1,-7.315,-2.530,-4.786,0
BEEF3,2023-02-01,0.160,-0.831,14.198,12.880,-3.728,-1.900,-1.827,0,-5.950,-2.168,-3.782,0,-15.412,-7.362,-8.051,0
BEEF3,2023-02-07,2.095,-0.449,26.413,12.630,-7.164,0.317,-7.481,0,-13.743,0.048,-13.791,0,-13.962,-2.440,-11.522,0
BEEF3,2024-08-07,0.981,-2.777,84.252,6.750,9.366,4.547,4.819,1,13.833,7.014,6.819,1,6.772,6.724,0.049,1
BEEF3,2025-08-22,1.419,-2.800,55.549,5.590,4.870,2.479,2.391,1,6.261,3.330,2.931,1,13.043,5.653,7.391,1
BHIA3,2022-10-17,1.210,-0.171,44.861,76.120,-13.793,2.038,-15.831,0,-10.057,2.047,-12.105,0,-31.897,-3.512,-28.384,0
BHIA3,2025-03-10,4.998,-19.856,624.646,4.690,14.712,5.326,9.387,1,75.480,5.680,69.800,1,61.834,1.179,60.655,1
BHIA3,2025-09-01,17.107,-2.298,387.830,5.150,-17.476,0.369,-17.845,0,-17.282,1.562,-18.843,0,-19.029,3.731,-22.760,0
BHIA3,2025-09-17,7.743,-3.957,11.309,4.900,-7.755,0.575,-8.330,0,-23.061,-0.056,-23.005,0,-33.061,-2.181,-30.880,0
BPAC11,2022-04-19,2.645,-0.483,18.200,23.260,-7.989,-4.868,-3.121,0,-11.154,-5.896,-5.258,0,-7.873,-7.853,-0.021,0
BPAC11,2022-05-09,0.727,-4.329,108.220,20.370,8.065,4.735,3.330,0,7.713,7.103,0.610,0,4.099,6.762,-2.663,0
BPAC11,2022-05-12,2.786,-0.375,11.813,21.240,3.719,1.019,2.700,1,5.452,5.860,-0.408,1,-1.860,1.607,-3.467,0
BPAC11,2022-06-21,0.783,-0.225,51.775,19.410,4.392,0.674,3.718,1,3.421,-1.660,5.081,1,5.132,-1.763,6.895,1
BPAC11,2023-04-12,1.284,-0.750,65.579,21.400,-3.152,-2.777,-0.375,1,-0.043,-3.696,3.653,1,10.060,1.645,8.416,1
BPAC11,2024-11-12,0.534,-0.502,138.609,32.460,-2.094,-0.483,-1.611,0,-8.850,-2.335,-6.515,0,-9.292,-1.192,-8.100,0
BPAC11,2025-01-23,0.219,-0.282,90.128,30.090,3.655,3.733,-0.078,1,3.816,3.071,0.745,1,7.697,4.168,3.530,0
BRAP4,2022-11-11,4.260,-1.028,90.577,17.480,0.264,-2.275,2.540,1,1.170,-3.132,4.302,1,9.777,-6.218,15.996,1
BRAP4,2023-04-27,0.467,-0.643,89.546,16.300,-3.623,2.391,-6.014,0,-6.581,5.546,-12.127,0,-5.595,8.018,-13.612,0
BRAP4,2023-11-21,1.569,-1.437,95.909,18.840,-2.912,0.788,-3.701,0,-3.071,1.027,-4.098,0,-0.847,5.166,-6.013,0
BRAP4,2023-12-21,0.055,-1.175,14.495,19.040,-0.079,0.319,-0.398,0,-3.932,-0.592,-3.340,0,-9.005,-2.961,-6.044,0
BRAP4,2024-01-02,0.240,-0.157,21.399,19.020,-3.857,-0.909,-2.948,0,-7.163,-2.540,-4.623,0,-9.839,-4.031,-5.808,0
BRAP4,2024-11-01,2.010,-0.042,193.899,15.660,-2.074,-0.080,-1.994,1,-5.489,-0.152,-5.337,0,-3.523,-1.541,-1.982,0
BRAP4,2024-12-09,1.403,-2.393,91.141,15.280,-5.395,-2.860,-2.535,0,-7.636,-4.897,-2.740,0,-13.209,-6.303,-6.907,0
BRAP4,2025-07-22,0.128,-2.079,47.349,15.070,-4.368,-1.258,-3.110,0,-6.671,-0.755,-5.916,0,-6.612,0.015,-6.627,0
BRAP4,2025-11-12,0.196,-1.352,39.705,17.050,-0.629,-1.580,0.951,0,3.839,0.570,3.269,0,13.155,1.133,12.022,0
BRAP4,2025-11-17,0.703,-0.271,11.690,17.050,1.634,-0.533,2.167,1,8.769,2.718,6.051,1,16.612,0.891,15.721,1
BRAV3,2022-01-03,0.230,-2.491,27.855,34.150,1.054,-1.501,2.555,0,7.028,2.652,4.376,0,11.977,8.056,3.921,0
BRAV3,2022-01-07,1.400,-4.377,0.120,34.000,7.912,4.428,3.484,1,5.882,6.079,-0.197,1,10.235,9.443,0.793,0
BRAV3,2022-02-04,2.349,-0.129,181.807,37.480,5.043,1.194,3.848,1,-4.856,0.454,-5.310,0,4.216,-0.676,4.891,0
BRAV3,2022-02-21,2.327,-2.469,46.336,37.040,3.294,3.397,-0.103,0,0.864,2.168,-1.305,0,7.289,5.072,2.217,0
BRAV3,2022-03-02,2.423,-7.456,352.902,38.260,-2.352,-1.188,-1.164,1,-11.239,-3.564,-7.675,0,10.298,4.320,5.978,0
BRAV3,2022-08-31,0.080,-0.922,9.775,37.200,1.290,-0.423,1.713,0,3.548,0.329,3.219,0,-3.898,-1.485,-2.413,0
BRAV3,2022-09-05,0.574,-1.509,84.768,37.270,-0.054,2.297,-2.351,0,2.227,1.055,1.172,0,2.093,4.958,-2.866,0
BRAV3,2022-09-14,1.610,-2.145,78.125,37.140,4.523,1.748,2.775,0,-6.408,-2.150,-4.258,0,14.351,3.655,10.696,0
BRAV3,2022-09-20,0.009,-1.174,21.567,38.100,-8.661,-2.855,-5.806,0,-0.131,3.863,-3.994,0,9.213,3.437,5.775,0
BRAV3,2022-10-04,3.129,-5.603,132.813,38.050,13.062,-0.285,13.346,1,9.356,-0.409,9.765,1,23.653,0.365,23.288,1
BRAV3,2023-01-11,10.561,-0.885,288.248,39.080,13.357,0.578,12.779,1,19.115,2.099,17.015,1,11.796,-2.874,14.670,1
BRAV3,2024-03-28,2.082,-0.645,23.403,32.050,8.612,-0.298,8.910,1,13.136,-0.266,13.402,1,6.521,-2.531,9.052,1
BRAV3,2025-01-07,0.035,-2.471,20.183,23.200,7.414,0.442,6.972,1,9.224,3.291,5.933,0,-3.319,6.540,-9.859,0
BRAV3,2025-01-21,2.650,-1.325,44.906,25.340,-10.576,0.168,-10.744,0,-11.484,3.145,-14.628,0,-19.495,4.713,-24.208,0
BRAV3,2025-03-26,0.989,-5.257,39.539,21.300,8.451,-0.694,9.145,0,-13.850,-4.259,-9.590,0,-13.052,0.694,-13.746,0
BRAV3,2025-08-05,0.885,-4.415,162.014,19.390,3.404,2.578,0.826,0,0.774,3.079,-2.306,0,3.404,6.892,-3.488,0
BRKM5,2022-01-28,1.546,-5.977,266.757,48.060,8.180,0.409,7.771,0,6.400,1.608,4.792,0,-4.540,1.227,-5.767,0
BRKM5,2022-02-01,2.578,-0.611,8.701,49.370,5.218,-0.843,6.061,1,0.487,1.328,-0.842,1,-5.685,1.713,-7.399,0
BRKM5,2023-05-09,1.281,-1.469,140.350,26.280,-13.394,0.800,-14.194,0,-11.454,2.543,-13.997,0,-5.441,7.004,-12.445,0
BRKM5,2023-06-12,1.073,-4.449,161.026,27.150,13.996,2.191,11.805,1,5.488,0.686,4.802,1,-2.136,0.405,-2.541,1
BRKM5,2024-03-19,2.189,-2.786,32.329,23.130,13.403,-0.396,13.799,1,12.884,-0.154,13.037,1,-2.983,-2.578,-0.405,1
CMIG4,2022-10-18,1.852,-0.101,70.391,5.610,0.000,-1.304,1.304,1,5.471,0.777,4.694,1,-8.161,-5.583,-2.578,0
CMIG4,2022-11-21,5.041,-1.065,38.119,5.600,0.270,-0.877,1.146,1,-1.169,-0.424,-0.745,1,-3.597,-4.440,0.843,1
CMIG4,2023-10-20,1.002,-0.220,73.444,6.540,1.016,0.320,0.696,1,7.367,4.849,2.517,1,6.435,11.196,-4.761,0
CMIG4,2024-03-22,2.694,-0.653,70.968,7.210,4.220,0.065,4.155,1,7.177,1.558,5.619,1,6.602,-1.144,7.746,1
CMIG4,2025-07-01,1.043,-0.115,63.593,10.410,0.182,-0.271,0.453,1,-3.279,-3.040,-0.239,0,-4.827,-5.142,0.315,0
CMIG4,2025-07-23,0.266,-0.980,6.449,10.030,-0.756,-1.103,0.347,1,-1.323,-0.680,-0.643,0,3.686,-0.446,4.132,0
CMIG4,2025-09-08,0.020,-0.182,33.080,10.510,0.090,1.189,-1.099,0,1.713,2.298,-0.585,0,-0.387,1.347,-1.735,0
CMIN3,2022-01-03,4.245,-1.214,11.790,4.010,-0.851,-1.501,0.650,1,-0.142,2.652,-2.794,1,-0.993,8.056,-9.049,0
CMIN3,2022-12-09,8.725,-0.948,278.197,2.850,-5.651,-4.331,-1.320,1,-0.983,2.021,-3.004,1,5.077,1.396,3.682,1
CMIN3,2023-09-20,0.124,-0.960,53.331,3.530,1.099,-3.764,4.863,1,2.418,-4.216,6.634,1,5.055,-3.851,8.906,1
CMIN3,2024-03-18,1.606,-0.925,119.450,4.540,-3.936,0.114,-4.049,0,-5.546,0.561,-6.106,0,-11.807,-1.788,-10.019,0
CMIN3,2024-05-21,0.237,-2.352,111.035,4.640,-6.897,-2.846,-4.051,0,-15.245,-4.689,-10.556,0,-7.985,-5.610,-2.375,0
CMIN3,2024-09-06,3.302,-2.403,154.450,5.200,7.443,0.191,7.252,0,2.589,-2.543,5.132,0,11.112,-2.108,13.219,0
CMIN3,2024-09-11,2.164,-0.289,125.108,5.140,3.601,-0.884,4.485,1,10.475,-2.507,12.982,1,4.585,-3.704,8.289,1
CMIN3,2025-01-10,1.858,-1.772,27.204,4.450,5.567,2.837,2.730,1,6.186,3.010,3.176,1,10.103,4.760,5.343,1
CMIN3,2025-10-06,1.527,-2.240,8.682,5.520,-2.253,-1.365,-0.888,0,0.867,0.427,0.440,0,5.719,4.763,0.956,0
CMIN3,2025-10-13,0.738,-0.927,11.159,5.400,3.191,1.816,1.375,0,2.837,3.784,-0.947,0,1.856,9.730,-7.874,0
COGN3,2022-04-19,0.167,-5.726,178.088,2.450,-9.408,-4.868,-4.539,0,-13.240,-5.896,-7.344,0,-7.666,-7.853,0.187,0
COGN3,2022-05-12,2.296,-5.553,9.808,2.230,-0.383,1.019,-1.402,0,4.981,5.860,-0.880,0,-2.299,1.607,-3.906,0
COGN3,2022-05-17,3.725,-1.652,219.903,2.320,-2.583,1.659,-4.242,0,-2.214,2.173,-4.388,0,-16.974,-6.235,-10.740,0
COGN3,2022-07-07,1.281,-1.506,13.484,2.020,0.844,-4.960,5.804,1,-2.954,-2.085,-0.869,1,5.485,5.237,0.248,0
COGN3,2022-08-25,3.471,-0.094,16.037,2.280,-3.371,-2.746,-0.624,0,1.498,-1.095,2.593,0,12.734,-1.606,14.340,0
COGN3,2023-05-17,5.034,-0.408,12.769,2.130,6.827,-0.698,7.525,1,16.064,-1.104,17.168,1,29.719,8.858,20.861,1
COGN3,2023-10-04,0.019,-1.890,47.874,2.220,0.769,3.013,-2.244,0,-8.077,0.381,-8.458,0,1.154,4.148,-2.994,0
COGN3,2023-11-10,1.205,-1.097,60.945,2.420,6.714,4.478,2.236,1,10.601,4.213,6.387,0,13.781,5.213,8.568,0
COGN3,2023-11-27,6.553,-0.272,57.061,2.670,2.236,0.836,1.400,1,2.875,0.959,1.916,1,9.904,6.323,3.581,1
COGN3,2025-02-07,1.830,-1.043,10.138,1.300,11.842,2.791,9.052,1,11.842,2.025,9.817,1,8.553,-0.766,9.318,1
CPFE3,2023-03-28,1.520,-1.023,7.084,28.700,3.350,0.490,2.861,1,7.147,5.427,1.721,1,5.456,1.530,3.926,1
CPFE3,2023-05-19,0.781,-0.477,19.065,31.090,-0.157,0.327,-0.484,1,-5.629,1.736,-7.365,0,0.000,8.371,-8.371,0
CPFE3,2023-06-23,0.129,-5.747,294.794,32.950,2.047,-0.989,3.036,1,5.935,-0.104,6.039,1,5.549,0.945,4.604,1
CPFE3,2023-10-19,2.484,-0.115,38.437,33.000,2.364,0.723,1.640,1,4.667,3.752,0.914,1,10.424,10.533,-0.109,1
CPFE3,2024-01-09,1.370,-0.665,1.679,38.500,-3.429,-1.646,-1.783,0,-6.364,-2.383,-3.981,0,-5.273,-0.556,-4.716,0
CPFE3,2025-11-04,0.684,-0.071,68.841,43.080,3.644,4.928,-1.283,0,9.889,4.067,5.822,0,15.111,7.368,7.743,0
CPFE3,2025-11-12,1.500,-0.626,133.135,45.510,4.966,-1.580,6.546,1,8.240,0.570,7.670,1,7.339,1.133,6.206,1
CPLE3,2022-10-24,5.523,-3.989,65.884,5.770,0.574,0.009,0.565,1,10.904,0.143,10.761,1,11.411,-6.153,17.564,1
CPLE3,2023-02-28,1.404,-0.472,320.844,5.460,-0.316,-0.247,-0.069,1,-2.057,-1.552,-0.505,0,-2.215,-3.085,0.869,0
CPLE3,2023-03-14,0.798,-0.535,124.096,5.350,-5.008,-1.657,-3.351,0,-0.162,-1.557,1.395,0,10.016,3.786,6.230,0
CPLE3,2023-03-23,0.542,-0.637,41.397,5.070,6.814,6.228,0.587,1,7.836,3.182,4.654,1,18.228,6.386,11.842,1
CPLE3,2023-06-09,8.006,-0.516,229.105,6.630,-0.782,1.493,-2.275,1,3.390,1.855,1.535,1,4.694,1.749,2.945,1
CPLE3,2024-04-04,0.576,-0.746,0.537,7.890,-5.909,0.032,-5.941,0,-5.795,-2.587,-3.208,0,1.626,0.922,0.704,0
CPLE3,2024-05-03,0.877,-2.925,73.527,8.020,-8.202,-0.649,-7.553,0,-2.584,-0.361,-2.224,0,-5.955,-5.111,-0.844,0
CPLE3,2024-05-21,0.126,-2.569,77.648,7.910,-4.897,-2.846,-2.052,0,-3.986,-4.689,0.702,0,-6.834,-5.610,-1.223,0
CPLE3,2024-11-26,1.696,-2.641,161.346,8.250,-3.667,-3.135,-0.532,1,-3.778,-1.477,-2.301,0,-6.415,-6.861,0.447,0
CPLE3,2026-01-09,1.677,-1.433,461.769,12.820,-3.978,0.918,-4.896,0,5.460,9.744,-4.284,0,4.524,11.955,-7.431,0
CSAN3,2022-02-16,1.596,-0.962,6.281,21.070,-10.777,-2.880,-7.897,0,-2.661,-0.334,-2.327,0,-0.698,-0.036,-0.662,0
CSAN3,2022-03-18,0.198,-1.498,73.457,20.930,7.865,3.630,4.234,0,4.569,5.843,-1.274,0,1.714,0.659,1.054,0
CSAN3,2022-03-22,0.831,-1.395,1.804,21.520,3.375,2.343,1.032,1,-0.043,1.247,-1.289,0,-2.905,-2.697,-0.208,0
CSAN3,2022-04-12,1.359,-0.753,34.656,21.460,-2.614,-1.539,-1.075,0,-8.526,-5.288,-3.238,0,-18.705,-8.705,-10.000,0
CSAN3,2022-04-20,0.121,-0.851,15.858,20.900,-6.071,-3.807,-2.264,0,-15.750,-7.769,-7.981,0,-17.514,-6.333,-11.180,0
CSAN3,2022-05-27,0.501,-1.365,108.060,20.340,-1.063,-0.389,-0.674,0,-8.738,-5.635,-3.103,0,-14.055,-9.778,-4.277,0
CSAN3,2022-06-06,0.325,-0.228,14.120,20.040,-10.840,-6.860,-3.980,0,-13.468,-9.416,-4.052,0,-18.864,-10.919,-7.945,0
CSAN3,2023-06-05,0.117,-1.202,59.159,16.180,4.358,3.482,0.876,1,5.612,6.121,-0.509,1,9.313,5.589,3.724,1
CSAN3,2023-11-07,1.016,-1.153,108.471,17.180,0.787,3.406,-2.619,0,1.519,5.602,-4.084,0,-3.881,5.230,-9.111,0
CSAN3,2023-11-13,0.217,-0.380,45.838,17.210,1.010,4.229,-3.219,0,-1.010,5.051,-6.061,0,-3.760,4.948,-8.708,0
CSNA3,2023-11-16,0.042,-5.492,119.395,12.660,12.559,1.587,10.971,1,17.124,2.158,14.966,1,25.612,4.894,20.718,1
CSNA3,2026-01-07,1.896,-4.553,159.718,9.850,4.264,2.166,2.098,1,-4.873,6.392,-11.265,0,3.858,12.217,-8.359,0
CURY3,2022-01-21,1.572,-5.202,0.742,5.280,2.835,2.751,0.084,1,-0.515,3.171,-3.686,0,-3.737,3.639,-7.376,0
CURY3,2022-04-28,2.104,-0.121,31.114,5.060,-3.161,-4.119,0.958,1,-3.450,-3.609,0.159,0,-5.474,2.040,-7.514,0
CURY3,2022-05-12,2.975,-1.751,21.413,4.890,-6.437,1.019,-7.456,0,-2.096,5.860,-7.956,0,-6.287,1.607,-7.895,0
CURY3,2022-06-29,0.258,-2.275,73.523,4.420,4.967,-0.604,5.571,1,20.364,-1.552,21.916,1,19.536,1.906,17.630,1
CURY3,2026-01-05,0.595,-2.880,64.011,32.500,-1.549,1.028,-2.577,0,-0.972,2.157,-3.130,0,10.662,13.046,-2.383,0
CURY3,2026-01-09,1.743,-1.579,167.143,33.320,-6.163,0.918,-7.081,0,0.563,9.744,-9.181,0,15.535,11.955,3.580,0
CVCB3,2023-11-03,1.131,-4.476,44.536,3.250,-6.462,1.970,-8.431,0,-6.154,6.536,-12.690,0,2.462,7.155,-4.693,0
CVCB3,2023-11-24,0.737,-2.854,9.811,3.330,5.105,2.121,2.984,0,8.108,1.356,6.752,0,18.919,5.984,12.935,0
CVCB3,2024-11-14,2.350,-3.643,305.522,2.300,19.565,1.127,18.439,1,5.217,-1.923,7.141,1,-18.261,-3.259,-15.002,0
CVCB3,2025-03-24,6.009,-1.588,30.160,2.120,0.000,-0.694,0.694,1,-6.604,-4.259,-2.344,1,9.906,0.694,9.211,1
CVCB3,2026-01-09,2.082,-4.531,203.335,2.520,-4.365,0.918,-5.283,0,-3.968,9.744,-13.712,0,-0.397,11.955,-12.352,0
CVCB3,2026-01-19,0.788,-3.044,377.616,2.510,0.000,8.250,-8.250,0,-0.797,10.658,-11.455,0,-7.171,12.653,-19.824,0
CYRE3,2022-03-25,1.548,-5.044,95.168,14.800,-4.676,2.135,-6.811,0,-15.940,-0.671,-15.269,0,-21.803,-9.124,-12.679,0
CYRE3,2022-08-04,6.025,-2.721,85.516,12.200,-3.081,3.318,-6.399,0,0.603,7.279,-6.677,0,1.407,4.011,-2.604,0
CYRE3,2022-08-15,3.639,-2.070,60.745,12.660,-9.167,-2.056,-7.112,0,-6.068,-0.523,-5.545,0,4.906,-1.826,6.733,0
CYRE3,2022-09-01,4.033,-2.008,80.043,12.370,10.502,1.698,8.804,1,3.963,-0.929,4.892,1,21.202,-0.122,21.324,1
CYRE3,2023-01-31,0.076,-1.517,9.396,12.400,-7.576,-5.226,-2.350,0,0.593,-4.925,5.518,0,-2.569,-9.013,6.444,0
CYRE3,2023-02-02,2.674,-0.018,87.880,12.320,-2.321,-1.750,-0.571,0,-1.857,0.188,-2.045,0,-0.332,-4.544,4.212,0
CYRE3,2023-02-09,2.059,-0.359,47.949,12.040,0.475,1.972,-1.497,1,2.851,-2.059,4.910,1,9.233,-4.462,13.695,1
CYRE3,2023-11-03,2.443,-1.883,1.342,16.630,4.118,1.970,2.148,1,5.999,6.536,-0.537,1,9.100,7.155,1.945,0
CYRE3,2023-11-28,0.743,-0.896,60.912,17.830,5.690,0.236,5.454,0,7.951,-0.098,8.049,0,15.892,6.120,9.773,0
CYRE3,2023-11-30,3.371,-0.052,89.832,18.470,5.311,-1.036,6.347,1,12.981,2.679,10.303,1,7.544,4.200,3.344,1
CYRE3,2024-01-08,2.292,-0.142,13.630,19.550,0.395,-0.583,0.978,1,-2.327,-4.566,2.239,1,-2.853,-3.663,0.810,1
CYRE3,2024-10-30,0.703,-2.268,188.675,19.320,0.091,-0.731,0.822,1,0.000,-2.279,2.279,1,-15.866,-3.859,-12.007,0
CYRE3,2024-11-26,0.067,-1.473,29.258,19.060,-14.921,-3.135,-11.787,0,-13.670,-1.477,-12.194,0,-20.806,-6.861,-13.945,0
CYRE3,2025-12-30,1.594,-0.124,57.756,29.620,-17.319,1.013,-18.332,0,-15.766,2.880,-18.646,0,0.270,13.703,-13.432,0
ECOR3,2023-03-17,5.863,-4.032,219.922,4.750,-5.620,-3.025,-2.595,0,0.388,-0.364,0.752,0,19.380,3.905,15.475,0
ECOR3,2025-04-14,0.167,-2.701,52.305,6.050,4.265,2.112,2.153,0,4.423,4.129,0.294,0,3.318,7.642,-4.324,0
ECOR3,2025-05-27,3.539,-1.211,11.238,6.590,4.058,-1.510,5.568,1,5.797,-2.279,8.076,1,8.696,-2.865,11.561,1
EGIE3,2023-02-22,0.214,-1.035,2.203,23.420,0.383,-2.317,2.700,0,3.219,-0.367,3.586,0,1.124,-6.342,7.466,0
EGIE3,2023-09-15,1.477,-0.080,13.267,27.350,0.093,-2.010,2.103,1,-3.314,-1.540,-1.774,0,-3.967,-1.723,-2.244,0
EGIE3,2024-05-08,2.273,-1.875,353.818,28.750,0.826,-1.209,2.034,1,1.881,-2.926,4.807,1,0.940,-5.050,5.990,1
EGIE3,2025-04-10,0.023,-0.204,3.165,26.960,-0.683,2.528,-3.211,0,3.160,6.677,-3.517,0,3.309,9.886,-6.577,0
EGIE3,2025-05-28,0.861,-0.125,6.445,29.250,-2.334,-1.400,-0.934,0,-4.144,-1.282,-2.862,0,2.882,-1.290,4.171,0
EGIE3,2025-06-03,0.382,-0.976,31.659,28.770,-1.695,-0.781,-0.914,0,-2.107,0.833,-2.940,0,13.123,1.124,12.000,0
EGIE3,2025-08-21,0.600,-0.996,131.121,27.930,1.508,5.075,-3.567,0,-0.659,4.847,-5.506,0,4.517,8.281,-3.764,0
EGIE3,2025-10-13,1.573,-0.306,14.083,29.560,-3.855,1.816,-5.672,0,-3.952,3.784,-7.736,0,4.217,9.730,-5.513,0
ENEV3,2022-04-12,1.309,-0.524,143.377,15.480,-5.103,-1.539,-3.564,0,-10.530,-5.288,-5.242,0,-14.341,-8.705,-5.636,0
ENEV3,2022-05-16,0.892,-3.015,80.290,14.300,1.189,2.261,-1.072,0,8.671,2.414,6.258,0,-2.448,-5.057,2.610,0
ENEV3,2022-09-29,1.725,-0.598,137.285,14.450,-3.599,9.316,-12.915,0,-6.574,4.258,-10.833,0,-5.606,8.863,-14.469,0
ENEV3,2023-07-31,0.769,-1.004,32.353,13.370,-3.366,-1.984,-1.382,0,-3.291,-3.934,0.643,0,-7.779,-3.773,-4.006,0
ENEV3,2024-04-25,0.518,-0.816,60.879,12.660,0.790,3.234,-2.444,0,-1.501,2.564,-4.065,0,1.027,-0.223,1.250,0
ENEV3,2024-05-23,0.588,-0.261,15.695,12.600,-1.349,-2.015,0.666,1,0.794,-3.278,4.072,1,-1.349,-2.543,1.194,1
ENEV3,2024-07-25,1.132,-0.263,29.724,12.740,-1.570,1.087,-2.656,0,2.433,2.361,0.072,0,5.887,7.483,-1.596,0
ENEV3,2024-08-06,0.794,-1.000,74.669,12.740,2.433,4.921,-2.488,0,7.614,7.903,-0.289,0,5.965,6.428,-0.463,0
ENEV3,2024-08-14,0.783,-1.663,43.950,13.470,1.930,2.360,-0.429,1,1.114,3.038,-1.925,0,3.192,1.180,2.012,0
ENEV3,2024-09-03,0.121,-1.360,45.502,13.500,2.148,0.000,2.148,1,4.667,0.536,4.131,1,3.185,-1.355,4.540,1
ENGI11,2022-09-01,0.015,-2.171,129.894,33.850,0.941,1.698,-0.757,0,1.056,-0.929,1.985,0,-3.812,-0.122,-3.690,0
ENGI11,2022-09-06,0.690,-0.265,60.789,33.880,2.523,0.755,1.768,0,3.349,2.086,1.263,0,0.872,6.956,-6.085,0
ENGI11,2022-09-13,0.787,-0.480,84.089,34.250,2.042,1.748,0.294,1,-2.292,-2.150,-0.142,1,-0.840,3.655,-4.494,0
ENGI11,2022-10-14,0.518,-2.698,77.801,34.470,5.930,7.586,-1.656,0,4.848,4.417,0.431,0,5.524,0.943,4.582,0
ENGI11,2022-10-18,1.392,-0.019,79.352,35.970,-0.022,-1.304,1.283,0,4.451,0.777,3.674,0,-5.726,-5.583,-0.143,0
ENGI11,2023-03-28,2.225,-2.960,97.787,31.640,3.666,0.490,3.176,0,8.687,5.427,3.260,0,5.348,1.530,3.818,0
ENGI11,2023-03-30,0.001,-0.050,13.609,31.720,4.558,-2.867,7.425,1,10.894,2.558,8.336,1,5.635,-1.971,7.606,1
ENGI11,2023-06-02,0.711,-0.634,15.677,34.880,4.190,4.238,-0.047,0,2.687,6.522,-3.834,0,15.213,6.347,8.865,0
ENGI11,2023-06-06,0.856,-1.239,223.233,35.580,2.813,3.637,-0.824,1,4.778,4.682,0.096,0,12.838,4.295,8.543,0
ENGI11,2023-06-20,1.547,-2.864,165.221,37.350,1.850,-1.770,3.620,0,7.210,-0.501,7.710,0,5.274,-1.615,6.889,0
ENGI11,2023-06-23,4.819,-0.990,474.336,38.400,3.848,-0.989,4.836,1,4.820,-0.104,4.924,1,4.055,0.945,3.109,1
ENGI11,2023-10-19,1.105,-1.887,20.594,36.370,5.496,0.723,4.773,1,7.270,3.752,3.517,1,13.941,10.533,3.407,1
ENGI11,2024-02-01,0.168,-0.302,168.283,41.970,0.313,-0.040,0.353,0,-1.272,0.466,-1.738,0,-2.407,-0.048,-2.359,0
ENGI11,2024-02-06,1.021,-0.284,68.842,43.120,-3.295,-2.223,-1.073,0,-4.286,-0.457,-3.829,0,-4.019,-1.742,-2.277,0
ENGI11,2025-04-03,0.624,-4.098,32.352,37.080,-4.102,-3.661,-0.441,1,0.877,-1.226,2.103,1,6.118,1.780,4.338,1
EQTL3,2022-01-10,1.687,-0.252,27.016,19.290,2.624,4.216,-1.592,0,0.184,5.740,-5.556,0,10.497,9.438,1.059,0
EQTL3,2022-02-04,1.857,-0.342,121.739,21.280,-0.751,1.194,-1.945,0,4.215,0.454,3.762,0,3.881,-0.676,4.557,0
EQTL3,2022-02-15,1.920,-0.038,60.469,21.830,2.197,-1.447,3.644,1,4.231,0.380,3.851,1,6.753,-1.718,8.471,1
EQTL3,2022-05-24,1.683,-1.862,85.888,22.010,-1.614,0.506,-2.120,0,1.241,-0.459,1.701,0,-2.731,-9.949,7.219,0
EQTL3,2022-08-31,0.040,-1.161,85.214,22.020,1.820,0.331,1.489,0,1.241,0.265,0.976,0,7.568,-1.918,9.486,0
EQTL3,2022-09-05,1.880,-0.261,64.496,22.980,-2.854,-1.355,-1.498,0,-2.497,0.369,-2.866,0,12.168,3.596,8.572,0
EQTL3,2022-09-13,0.303,-1.554,19.121,22.320,0.367,1.748,-1.381,0,6.691,-2.150,8.841,0,16.891,3.655,13.236,0
EQTL3,2022-09-23,9.351,-0.559,253.336,24.560,-0.260,-1.280,1.020,1,3.819,4.581,-0.762,1,4.375,3.987,0.388,1
EQTL3,2023-12-20,0.436,-1.993,238.601,32.620,1.133,2.815,-1.683,0,-1.755,1.380,-3.135,0,-3.766,-3.249,-0.517,0
EQTL3,2024-01-15,0.073,-1.604,13.706,32.910,-4.630,-4.006,-0.624,0,-1.263,-2.402,1.139,0,-5.752,-3.591,-2.161,0
EQTL3,2024-01-25,0.371,-1.596,121.811,32.180,2.812,0.080,2.732,1,-1.750,0.040,-1.791,0,-3.673,1.053,-4.725,0
EQTL3,2024-07-22,0.485,-1.332,48.896,31.090,-2.353,-0.644,-1.709,0,-1.599,-2.004,0.405,0,6.496,6.213,0.283,0
EQTL3,2024-09-04,2.529,-0.367,87.931,33.460,-3.868,-0.884,-2.984,0,-5.521,-1.760,-3.761,0,-8.856,-1.911,-6.945,0
EQTL3,2024-11-14,1.773,-2.269,127.637,30.640,0.704,1.127,-0.423,0,-7.805,-1.923,-5.882,0,-10.927,-3.259,-7.668,0
EQTL3,2024-11-19,2.747,-0.008,10.013,31.060,-2.506,-0.625,-1.881,1,-9.964,-1.706,-8.258,0,-13.949,-5.429,-8.520,0
EQTL3,2025-02-25,0.084,-1.762,57.527,29.170,-2.516,-1.978,-0.538,0,2.613,-0.261,2.873,0,5.355,5.658,-0.303,0
EQTL3,2025-03-07,0.133,-0.474,10.147,28.980,4.610,3.116,1.494,1,7.143,5.765,1.378,1,8.214,1.722,6.492,0
EQTL3,2025-12-12,0.301,-1.236,60.216,39.690,-2.812,-1.397,-1.415,0,-3.003,0.317,-3.321,0,-4.893,3.206,-8.099,0
FLRY3,2022-06-30,4.425,-11.086,369.180,12.420,-1.288,2.505,-3.794,0,-1.718,-2.579,0.861,0,-2.209,4.316,-6.524,0
FLRY3,2022-07-06,0.149,-0.688,13.673,11.910,1.472,-0.954,2.426,1,-3.073,-0.493,-2.580,0,3.073,5.009,-1.936,0
FLRY3,2022-09-05,1.276,-0.400,8.847,13.060,-4.670,-1.355,-3.315,0,0.584,0.369,0.215,0,9.107,3.596,5.511,0
FLRY3,2022-09-15,0.261,-2.324,23.311,12.580,6.723,3.789,2.935,1,5.209,-2.177,7.386,1,11.872,1.989,9.883,1
FLRY3,2022-12-14,0.818,-2.205,7.511,11.920,-0.536,3.148,-3.684,0,5.651,6.058,-0.406,0,4.071,7.507,-3.436,0
FLRY3,2022-12-28,0.390,-0.006,37.794,12.590,-5.794,-2.369,-3.425,0,-1.495,1.367,-2.862,0,-5.857,3.390,-9.246,0
FLRY3,2023-03-24,0.675,-0.501,102.115,11.450,-0.548,2.744,-3.292,0,-4.589,2.921,-7.510,0,-2.808,4.235,-7.044,0
FLRY3,2023-05-05,3.220,-1.811,39.518,12.400,5.187,3.081,2.105,1,6.199,5.152,1.047,1,-0.696,6.977,-7.672,0
FLRY3,2023-10-02,3.553,-1.295,211.022,13.050,-0.575,0.224,-0.799,1,-1.660,0.762,-2.423,1,-4.278,-1.677,-2.601,1
FLRY3,2024-09-03,0.223,-2.414,70.876,14.070,2.108,0.000,2.108,1,2.666,0.536,2.130,1,-6.138,-1.355,-4.783,0
FLRY3,2025-07-21,12.397,-1.507,537.509,13.400,-0.620,-1.486,0.866,1,-1.447,-0.915,-0.533,1,-0.191,2.386,-2.577,1
FLRY3,2025-12-10,0.885,-0.931,18.191,14.820,-1.754,-1.058,-0.697,0,0.472,1.167,-0.694,0,2.092,1.968,0.124,0
FLRY3,2026-01-06,2.408,-0.358,95.599,15.590,-2.951,-0.705,-2.245,0,0.321,1.698,-1.377,0,8.724,13.727,-5.003,0
FLRY3,2026-01-09,1.690,-0.223,98.510,15.500,-0.452,0.918,-1.370,0,8.194,9.744,-1.550,0,9.226,11.955,-2.729,0
GGBR4,2022-03-03,3.944,-0.575,141.215,17.120,7.423,-1.459,8.882,1,5.074,-2.090,7.164,1,9.629,4.125,5.503,1
GGBR4,2023-07-25,0.892,-2.076,126.440,21.580,0.552,-0.390,0.942,0,-7.069,-2.297,-4.772,0,-11.648,-4.721,-6.927,0
GGBR4,2023-07-31,1.364,-0.342,108.194,21.760,-5.026,-1.984,-3.042,0,-11.658,-3.934,-7.724,0,-12.368,-3.773,-8.596,0
GGBR4,2024-07-25,0.439,-2.008,56.232,17.280,-0.819,1.087,-1.905,0,-5.131,2.361,-7.492,0,0.470,7.483,-7.013,0
GGBR4,2024-10-29,0.437,-1.070,7.337,17.550,-1.461,-0.079,-1.382,0,6.494,-2.397,8.890,0,11.252,-4.676,15.928,0
GGBR4,2024-11-06,9.098,-1.078,214.716,18.960,-0.852,-1.560,0.708,1,0.663,-0.222,0.884,1,4.122,-3.040,7.162,1
GGBR4,2025-10-09,0.101,-0.584,9.542,17.310,0.569,0.295,0.274,0,3.529,2.832,0.696,0,8.822,8.180,0.642,0
GGBR4,2025-10-13,1.198,-0.351,72.705,17.460,3.047,1.816,1.231,1,2.822,3.784,-0.962,1,7.788,9.730,-1.942,1
GGBR4,2025-11-12,0.817,-0.281,16.934,19.050,-2.940,-1.580,-1.360,0,0.315,0.570,-0.255,0,4.252,1.133,3.119,0
GGBR4,2025-12-03,2.112,-0.362,11.090,19.630,-0.204,-1.515,1.311,1,3.464,-2.557,6.021,1,7.234,1.136,6.097,1
GGPS3,2022-02-18,2.662,-5.160,42.852,13.480,-4.198,-1.154,-3.044,0,-14.753,-3.520,-11.233,0,-11.975,3.431,-15.407,0
GGPS3,2023-03-03,4.344,-0.574,2922.136,8.940,9.032,6.668,2.364,1,8.473,7.285,1.188,1,15.456,9.315,6.141,1
GGPS3,2024-01-05,1.656,-0.257,33.547,14.350,-0.770,1.970,-2.740,0,6.872,6.536,0.336,0,5.450,7.155,-1.704,0
GGPS3,2024-01-24,3.085,-0.161,33.579,15.100,0.507,0.562,-0.055,1,3.547,-0.480,4.027,1,9.741,4.452,5.289,0
GGPS3,2024-06-12,0.859,-0.085,36.100,17.050,-5.167,-0.491,-4.676,0,-3.951,0.581,-4.533,0,-2.989,1.998,-4.987,0
GGPS3,2024-09-18,1.100,-0.961,0.353,14.750,-0.761,-0.195,-0.566,0,4.333,-0.171,4.503,0,3.571,7.719,-4.147,0
GGPS3,2025-08-13,3.660,-5.902,203.733,13.730,-1.226,-1.470,0.244,1,2.645,0.331,2.314,1,-0.645,-2.719,2.074,1
GGPS3,2026-01-08,2.111,-1.136,137.239,17.290,-0.564,2.700,-3.263,0,-2.766,1.077,-3.844,0,1.588,7.255,-5.667,0
GOAU4,2022-03-03,0.220,-3.130,48.149,6.200,5.452,-1.459,6.911,1,4.659,-2.090,6.749,1,8.007,4.125,3.882,1
GOAU4,2022-04-08,0.076,-1.136,71.149,6.410,0.852,-2.211,3.063,1,-7.751,-8.510,0.759,1,-8.177,-12.932,4.755,1
GOAU4,2022-10-11,0.767,-0.584,52.191,6.510,-0.089,1.317,-1.406,0,1.870,-1.903,3.773,0,8.549,-4.320,12.868,0
GOAU4,2022-11-04,2.985,-1.076,12.396,6.810,12.170,-4.781,16.951,1,10.383,-6.947,17.330,1,18.084,-7.342,25.426,1
GOAU4,2023-07-25,1.613,-0.566,65.209,8.450,1.626,-0.390,2.016,1,-5.321,-2.297,-3.024,0,-11.157,-4.721,-6.436,0
GOAU4,2024-04-15,1.917,-2.127,117.957,7.560,2.204,0.206,1.998,0,-2.112,1.826,-3.938,0,2.938,2.682,0.256,0
GOAU4,2024-05-02,0.513,-1.189,15.228,7.520,3.967,0.949,3.018,1,7.222,0.973,6.249,1,0.468,-3.802,4.270,1
GOAU4,2024-11-06,8.258,-1.416,173.180,8.060,-2.736,-1.560,-1.176,1,-1.845,-0.222,-1.623,1,3.335,-3.040,6.375,1
GOAU4,2025-10-03,0.100,-1.478,25.206,7.380,0.300,-2.415,2.714,1,3.397,-0.581,3.977,1,10.789,3.675,7.114,1
HAPV3,2023-07-31,0.374,-2.551,81.368,72.000,-0.625,-1.984,1.359,0,4.583,-3.934,8.517,0,-5.417,-3.773,-1.644,0
HAPV3,2023-08-04,2.819,-1.404,23.313,71.400,9.874,-1.219,11.093,1,-2.731,-3.424,0.693,1,-6.933,-1.392,-5.541,1
HAPV3,2023-10-10,3.099,-0.184,87.828,63.900,-10.798,-2.440,-8.358,0,-9.155,-3.341,-5.814,0,4.695,1.812,2.883,0
HAPV3,2023-10-23,1.462,-2.084,27.140,60.000,-9.000,-0.357,-8.643,0,8.000,5.780,2.220,0,14.000,11.706,2.294,0
HAPV3,2023-11-07,4.456,-3.065,80.295,64.800,5.324,3.406,1.918,1,5.556,5.602,-0.047,1,-1.157,5.230,-6.388,0
HAPV3,2023-12-18,1.938,-0.143,9.626,67.650,-4.435,1.870,-6.305,0,-8.869,0.063,-8.932,0,-11.308,-2.915,-8.393,0
HAPV3,2024-01-12,0.306,-3.619,5.536,67.950,-11.258,-2.664,-8.594,0,-13.245,-1.690,-11.555,0,-22.517,-2.437,-20.080,0
HAPV3,2024-05-14,2.441,-7.058,200.452,66.750,0.674,-0.889,1.564,1,-6.742,-3.710,-3.032,0,-14.831,-6.690,-8.141,0
HAPV3,2024-08-01,3.512,-0.222,32.433,63.150,6.888,1.261,5.628,1,4.988,5.455,-0.467,1,1.900,6.813,-4.912,0
HAPV3,2024-09-03,2.445,-0.109,20.061,65.550,3.432,0.000,3.432,1,5.492,0.536,4.956,1,-7.551,-1.355,-6.197,0
HAPV3,2025-08-25,0.453,-1.825,9.819,39.100,6.266,2.354,3.912,1,3.453,2.731,0.722,1,-3.939,5.092,-9.031,0
HYPE3,2022-02-14,2.914,-1.178,0.278,27.460,-0.777,-1.890,1.113,1,3.700,1.443,2.258,1,4.726,-2.173,6.899,1
HYPE3,2023-06-09,0.632,-2.235,782.455,40.640,-1.418,1.493,-2.911,0,-4.581,1.855,-6.436,0,0.447,1.749,-1.302,0
HYPE3,2025-10-30,3.903,-0.639,102.630,25.350,-3.779,3.020,-6.799,0,0.701,5.765,-5.064,0,4.402,6.966,-2.564,0
HYPE3,2025-11-28,0.204,-0.752,59.237,26.460,-5.410,-1.072,-4.339,0,-11.716,1.059,-12.775,0,-10.975,1.380,-12.354,0
IGTI11,2022-09-14,1.994,-3.621,202.560,16.290,-0.408,-1.154,0.746,1,-16.069,-3.520,-12.549,1,3.397,3.431,-0.034,1
IGTI11,2023-03-07,0.881,-1.168,39.231,16.240,0.618,-2.744,3.362,1,2.867,-2.088,4.955,1,7.251,-4.257,11.509,1
IGTI11,2023-09-01,0.415,-1.327,116.357,16.390,-6.072,-4.331,-1.741,0,5.181,2.021,3.160,0,0.111,1.396,-1.284,0
IGTI11,2024-01-05,0.001,-0.294,62.219,18.200,1.160,-0.204,1.364,1,-1.431,-3.790,2.359,0,8.595,1.856,6.739,0
IGTI11,2024-01-29,0.217,-0.892,48.256,19.750,-0.660,3.081,-3.741,1,3.110,5.152,-2.041,0,1.838,6.977,-5.139,0
IGTI11,2024-02-22,0.182,-1.738,166.280,20.500,-2.406,2.220,-4.626,0,-1.135,5.779,-6.914,0,1.906,6.556,-4.650,0
IGTI11,2024-02-28,0.138,-1.263,67.379,20.110,2.129,4.238,-2.109,1,1.851,6.522,-4.671,1,4.535,6.347,-1.813,1
IGTI11,2026-01-09,1.396,-1.779,185.659,18.860,6.682,4.957,1.725,1,8.527,4.039,4.488,0,16.275,8.892,7.383,0
IRBR3,2023-04-28,3.353,-6.309,232.995,31.470,4.639,1.576,3.064,1,14.395,4.529,9.865,1,17.922,5.818,12.104,1
IRBR3,2024-08-15,3.157,-20.620,200.300,42.490,10.214,0.828,9.387,1,14.545,1.287,13.257,1,10.261,-0.138,10.399,1
ITSA4,2022-03-09,1.149,-1.715,35.195,5.700,-0.498,-2.405,1.907,1,7.570,2.842,4.728,1,4.270,3.726,0.544,1
ITSA4,2022-04-14,0.011,-0.830,27.790,5.800,-2.178,-4.380,2.202,1,-9.406,-7.998,-1.408,0,-8.515,-6.494,-2.021,0
ITSA4,2022-09-20,1.977,-0.247,10.746,5.710,-3.764,-3.831,0.067,1,4.985,3.215,1.769,1,5.697,3.215,2.481,1
ITSA4,2022-12-14,0.865,-0.635,65.294,5.260,5.131,3.148,1.983,1,7.009,6.058,0.951,1,8.886,7.507,1.379,1
ITSA4,2023-02-08,5.788,-0.335,121.948,5.830,-1.243,-0.273,-0.970,1,-5.989,-3.724,-2.265,1,-8.552,-5.765,-2.788,1
ITSA4,2023-10-11,1.151,-0.047,133.932,6.350,-3.825,-2.555,-1.270,0,-2.160,-1.850,-0.309,0,3.777,3.093,0.684,0
ITSA4,2023-11-07,1.219,-0.073,49.490,6.500,4.082,3.406,0.675,1,6.337,5.602,0.735,1,9.098,5.230,3.867,1
ITSA4,2024-11-26,0.573,-0.952,77.083,8.170,-7.247,-3.135,-4.113,0,-4.727,-1.477,-3.250,0,-9.723,-6.861,-2.862,0
ITSA4,2025-01-28,0.507,-0.170,50.363,7.780,0.746,0.727,0.019,0,3.412,2.000,1.412,0,2.983,1.487,1.496,0
ITSA4,2025-02-04,0.412,-0.371,49.277,7.830,2.645,1.263,1.382,1,4.258,2.781,1.477,1,0.949,-1.239,2.188,1
ITSA4,2025-11-13,0.167,-0.596,71.257,10.930,-1.340,-1.395,0.055,0,3.266,1.136,2.131,0,5.720,2.206,3.514,0
ITSA4,2025-11-28,1.809,-0.274,244.047,11.290,0.435,-1.072,1.507,1,2.376,1.059,1.318,1,3.450,1.380,2.070,1
ITUB4,2022-02-11,1.853,-3.618,200.903,17.650,-1.357,-0.732,-0.625,1,-3.944,-0.375,-3.569,0,-5.274,-4.034,-1.239,0
ITUB4,2022-04-18,0.713,-0.040,9.670,17.650,-6.722,-6.442,-0.280,0,-9.790,-7.841,-1.948,0,-4.537,-5.886,1.349,0
ITUB4,2022-04-20,0.864,-0.579,36.640,17.450,-7.181,-3.807,-3.374,0,-10.973,-7.769,-3.204,0,-5.125,-6.333,1.209,0
ITUB4,2022-05-11,1.752,-0.146,23.513,16.080,3.277,1.560,1.717,1,6.595,5.982,0.613,1,4.052,3.935,0.117,1
ITUB4,2022-12-01,0.168,-1.217,18.806,17.610,-3.580,-3.260,-0.320,0,-8.069,-6.127,-1.942,0,-1.868,-1.037,-0.831,0
ITUB4,2022-12-06,1.079,-0.141,42.618,17.720,-9.564,-6.033,-3.531,0,-3.870,-2.989,-0.882,0,-6.144,-4.516,-1.628,0
ITUB4,2023-02-08,4.271,-1.575,229.199,18.400,0.715,-0.273,0.988,1,-3.424,-3.724,0.300,1,-9.380,-5.765,-3.616,0
ITUB4,2023-03-21,0.835,-0.931,44.230,16.540,0.509,0.102,0.407,1,3.887,0.592,3.295,1,8.211,2.604,5.607,1
ITUB4,2023-07-28,0.962,-0.119,13.654,20.230,-2.252,-0.738,-1.514,0,-3.094,-1.948,-1.146,0,-5.828,-3.750,-2.078,0
ITUB4,2023-08-21,0.315,-0.127,13.771,19.050,3.426,2.446,0.980,0,2.114,3.024,-0.910,0,2.220,2.988,-0.767,0
ITUB4,2023-08-28,1.382,-0.760,63.289,19.700,-1.269,0.564,-1.833,0,-0.512,0.634,-1.146,0,-3.204,-2.511,-0.693,0
ITUB4,2023-09-11,0.246,-0.632,25.150,19.480,0.219,1.031,-0.812,0,-0.667,-0.802,0.135,0,1.827,-1.533,3.361,0
ITUB4,2023-09-20,0.368,-0.479,2.958,19.800,-3.874,-3.764,-0.110,0,-1.421,-4.216,2.796,0,-1.964,-3.851,1.887,0
ITUB4,2023-09-25,0.206,-0.111,10.673,19.350,-0.157,-0.959,0.802,1,2.511,-0.737,3.248,1,0.028,-2.070,2.098,1
ITUB4,2025-11-13,0.295,-0.268,66.444,37.090,-1.162,-1.395,0.233,0,2.967,1.136,1.832,0,3.985,2.206,1.779,0
ITUB4,2025-11-28,1.576,-0.294,223.962,38.190,-0.871,-1.072,0.201,1,0.989,1.059,-0.070,1,2.632,1.380,1.252,1
ITUB4,2026-01-21,0.340,-0.270,42.837,41.650,11.207,7.369,3.838,1,7.122,5.475,1.647,1,18.190,10.500,7.690,1
KLBN11,2022-12-06,0.578,-1.068,3.268,14.960,-1.352,-6.033,4.681,1,-4.297,-2.989,-1.309,0,-1.721,-4.516,2.795,0
KLBN11,2023-04-19,2.538,-0.241,3.761,13.890,-2.859,-0.945,-1.913,1,5.400,1.423,3.977,1,18.456,6.648,11.808,1
KLBN11,2023-11-29,0.669,-0.459,27.730,17.960,-10.158,-0.450,-9.708,0,-8.152,2.813,-10.965,0,-4.484,6.641,-11.125,0
KLBN11,2024-03-15,2.433,-0.500,81.103,18.130,5.024,0.277,4.747,1,7.643,0.342,7.301,1,4.981,-1.074,6.055,1
KLBN11,2024-05-07,0.507,-0.547,65.381,18.350,1.371,-0.470,1.841,1,1.181,-1.356,2.537,1,-6.427,-5.981,-0.446,0
KLBN11,2024-08-20,1.025,-1.683,8.697,19.340,0.182,0.430,-0.248,1,-1.913,-1.367,-0.547,0,-1.777,-0.838,-0.939,0
KLBN11,2024-09-03,0.554,-0.321,47.046,18.970,2.183,0.000,2.183,1,0.139,0.536,-0.397,1,-2.926,-1.355,-1.571,0
KLBN11,2024-11-01,1.498,-0.554,69.433,18.520,-1.522,-0.080,-1.442,0,-0.564,-0.152,-0.412,0,9.597,-1.541,11.138,0
LREN3,2022-07-27,2.785,-0.364,2.697,19.560,8.089,2.423,5.666,1,10.904,8.924,1.980,1,7.970,11.602,-3.632,0
LREN3,2024-05-08,3.719,-1.743,168.900,13.990,-11.573,-1.209,-10.364,0,-22.196,-2.926,-19.269,0,-20.593,-5.050,-15.544,0
LREN3,2024-08-09,1.705,-3.100,43.103,12.980,4.401,2.486,1.916,1,14.887,3.815,11.072,1,14.693,3.013,11.680,1
LREN3,2024-12-03,0.645,-1.344,42.285,13.060,0.584,1.712,-1.127,0,-4.500,-0.880,-3.620,0,-9.269,-4.573,-4.697,0
LREN3,2025-09-11,0.571,-0.206,33.035,15.700,5.377,1.836,3.541,0,-1.483,1.658,-3.141,0,-13.265,-0.865,-12.401,0
LREN3,2025-09-15,0.448,-0.957,28.105,15.740,0.308,1.096,-0.788,0,-1.476,2.136,-3.612,0,-11.604,-1.210,-10.393,0
MGLU3,2022-11-03,0.124,-6.190,30.366,42.110,-18.275,-6.189,-12.086,0,-35.318,-7.294,-28.024,0,-33.470,-4.553,-28.917,0
MGLU3,2023-01-16,1.524,-11.416,28.757,33.290,4.935,2.304,2.631,0,13.247,3.062,10.184,0,7.273,0.000,7.273,0
MGLU3,2023-01-23,5.994,-0.577,60.453,34.940,7.921,0.741,7.179,1,2.228,-2.456,4.684,1,-12.871,-3.985,-8.886,0
MGLU3,2025-04-09,0.609,-7.043,12.114,9.030,5.937,0.586,5.350,1,6.960,5.572,1.388,0,-7.430,7.098,-14.527,0
MGLU3,2025-05-19,0.380,-0.752,59.447,9.430,-8.687,-1.034,-7.653,0,-3.636,-2.067,-1.569,0,-3.636,-0.257,-3.380,0
MGLU3,2025-06-02,0.315,-3.518,76.174,9.090,-0.629,-0.651,0.022,1,0.000,1.849,-1.849,0,1.782,2.186,-0.404,0
MOVI3,2022-02-23,0.600,-1.050,81.588,13.480,-12.296,2.621,-14.917,0,-11.131,0.112,-11.242,0,-0.641,6.665,-7.306,0
MOVI3,2022-04-13,1.573,-1.584,47.417,14.260,1.056,-5.128,6.184,1,0.833,-8.105,8.939,1,-4.091,-8.203,4.112,0
MOVI3,2022-05-04,3.051,-0.485,41.627,13.450,-2.550,-3.583,1.033,1,1.978,-2.079,4.057,1,12.027,2.960,9.067,1
MOVI3,2023-11-10,2.095,-2.307,18.678,9.520,1.577,4.478,-2.901,0,1.206,4.213,-3.007,0,8.163,5.213,2.950,0
MOVI3,2023-12-05,3.869,-0.845,183.347,10.410,-4.835,-0.333,-4.501,0,3.562,4.097,-0.535,0,-3.986,4.260,-8.246,0
MOVI3,2023-12-13,1.503,-1.623,32.513,10.500,-5.299,0.883,-6.182,0,0.000,3.723,-3.723,0,-13.288,1.678,-14.967,0
MOVI3,2025-04-03,5.047,-0.951,136.397,5.260,-3.328,-3.661,0.334,1,6.130,-1.226,7.355,1,16.858,1.780,15.078,1
MRVE3,2022-08-04,8.454,-1.592,168.009,11.080,-10.133,3.318,-13.451,0,-6.044,7.279,-13.324,0,-1.778,4.011,-5.788,0
MRVE3,2022-08-15,2.053,-5.612,32.751,11.090,-14.387,-2.056,-12.332,0,-7.194,-0.523,-6.671,0,9.414,-1.826,11.240,0
MRVE3,2022-09-01,3.155,-3.478,198.996,10.880,10.317,1.698,8.619,1,13.575,-0.929,14.503,1,14.168,-0.122,14.290,1
MRVE3,2023-05-10,4.471,-1.830,68.815,8.800,1.136,1.962,-0.826,1,3.409,1.250,2.159,1,32.841,7.512,25.329,1
MRVE3,2025-06-30,0.288,-5.480,35.525,6.370,-3.611,0.442,-4.052,0,-1.570,-2.768,1.198,0,-6.593,-4.858,-1.735,0
MRVE3,2025-07-14,3.130,-1.017,1.999,6.270,-6.061,-0.674,-5.387,0,-5.104,-2.150,-2.954,0,3.349,0.310,3.039,0
MRVE3,2025-07-23,2.801,-0.508,120.324,6.210,-2.576,-1.103,-1.474,1,2.576,-0.680,3.256,1,14.493,-0.446,14.938,1
MRVE3,2025-10-08,0.025,-0.055,27.776,6.350,2.992,0.208,2.784,0,8.189,1.925,6.264,0,22.205,8.032,14.173,0
MRVE3,2025-10-15,2.823,-1.350,10.159,6.540,5.046,1.713,3.332,1,8.716,4.165,4.550,1,24.465,10.718,13.747,1
MULT3,2022-01-21,0.083,-1.915,26.681,17.060,6.670,2.751,3.919,0,3.811,3.171,0.640,0,11.635,3.639,7.996,0
MULT3,2023-02-08,0.899,-0.725,37.020,21.010,-0.042,-0.273,0.231,0,3.070,-3.724,6.794,0,5.425,-5.765,11.189,0
MULT3,2023-02-10,1.879,-0.087,68.825,20.900,5.030,0.773,4.256,1,6.382,-3.437,9.819,1,4.649,-4.936,9.585,1
MULT3,2023-07-28,0.468,-1.208,202.256,23.920,3.296,-0.738,4.034,0,-0.112,-1.948,1.836,0,-3.970,-3.750,-0.220,0
MULT3,2023-10-24,0.474,-1.284,63.684,23.120,-3.322,-0.562,-2.759,0,3.434,4.790,-1.356,0,7.969,11.466,-3.497,0
MULT3,2024-07-22,0.031,-3.605,204.464,23.900,-6.599,-0.644,-5.955,0,-3.202,-2.004,-1.198,0,4.998,6.213,-1.215,0
MULT3,2024-08-06,1.465,-0.781,60.222,23.840,4.932,4.921,0.011,0,5.832,7.903,-2.071,0,0.157,6.428,-6.272,0
MULT3,2024-09-11,0.864,-0.004,43.683,25.070,0.670,-0.884,1.554,1,-4.319,-2.507,-1.811,0,-5.287,-3.704,-1.583,0
MULT3,2024-10-23,0.706,-0.124,16.211,23.740,0.079,1.129,-1.050,0,-0.590,0.389,-0.979,0,1.101,0.167,0.934,0
MULT3,2025-04-08,2.480,-0.440,86.126,22.380,4.470,4.263,0.207,1,9.158,8.543,0.615,1,11.415,10.079,1.336,1
MULT3,2025-11-05,0.764,-0.423,26.369,28.350,2.058,2.700,-0.642,0,3.418,1.077,2.341,0,7.115,7.255,-0.140,0
MULT3,2025-11-13,0.711,-0.115,107.061,29.120,-0.849,-1.395,0.546,1,2.411,1.136,1.275,1,-2.581,2.206,-4.787,0
NEOE3,2022-01-12,0.533,-1.466,73.778,12.270,2.557,2.100,0.457,0,4.721,5.377,-0.656,0,4.590,6.202,-1.611,0
NEOE3,2022-04-11,2.406,-0.157,268.381,13.950,-0.288,-1.466,1.177,1,8.508,-6.263,14.771,1,4.109,-10.598,14.706,1
NEOE3,2022-07-26,0.799,-0.161,37.471,12.460,1.815,3.515,-1.701,0,8.401,9.256,-0.856,0,13.777,13.469,0.308,0
NEOE3,2022-09-06,0.637,-1.758,53.404,13.830,-0.363,0.755,-1.118,0,-3.392,2.086,-5.478,0,-6.965,6.956,-13.922,0
NEOE3,2022-09-15,0.353,-0.349,33.370,13.790,-2.795,3.789,-6.583,0,-7.473,-2.177,-5.296,0,-4.860,1.989,-6.849,0
NEOE3,2023-12-01,3.658,-0.011,55.491,18.140,-0.049,-0.749,0.699,1,0.990,1.642,-0.652,1,3.068,3.823,-0.755,0
NEOE3,2023-12-27,0.170,-1.771,10.831,18.680,0.909,-1.520,2.429,1,3.409,-2.304,5.713,1,1.791,-3.955,5.746,1
NEOE3,2024-04-01,0.891,-0.351,1.381,18.720,1.517,1.492,0.024,0,-0.440,-1.411,0.971,0,-4.314,0.389,-4.703,0
NEOE3,2024-11-08,0.437,-1.437,10.873,18.230,0.257,-0.072,0.329,0,2.928,1.727,1.201,0,4.058,0.225,3.833,0
NEOE3,2024-11-18,0.907,-1.174,88.482,18.270,2.664,1.800,0.863,1,-1.793,-1.391,-0.402,1,4.969,-2.259,7.228,1
NEOE3,2025-02-04,0.976,-0.284,10.839,17.790,-1.919,1.263,-3.182,0,8.156,2.781,5.375,0,4.264,-1.239,5.503,0
NEOE3,2025-02-13,0.787,-0.533,85.732,17.700,5.196,2.293,2.903,1,4.928,0.058,4.870,1,10.820,4.997,5.823,1
PETR3,2023-01-17,4.302,-0.245,17.216,17.080,4.810,1.512,3.298,1,1.938,1.892,0.045,1,3.979,-3.126,7.105,0
PETR3,2024-03-28,0.618,-1.505,13.585,28.590,1.985,-1.150,3.136,1,5.277,-1.778,7.054,1,17.339,-1.206,18.545,1
PETR3,2024-10-31,0.605,-0.575,10.059,32.900,-1.741,-0.158,-1.582,0,3.712,-1.576,5.288,0,9.396,-3.469,12.865,0
PETR3,2025-03-20,0.008,-1.009,24.106,35.890,4.484,0.722,3.762,1,-0.806,-0.582,-0.224,0,-14.514,-1.801,-12.714,0
PETR4,2022-11-28,0.206,-1.674,16.422,13.790,5.172,0.456,4.716,1,-1.847,-3.186,1.339,1,2.381,0.000,2.381,0
PETR4,2023-01-20,1.259,-1.049,52.190,14.920,-2.844,-0.046,-2.798,0,-5.992,-3.301,-2.691,0,0.265,-2.665,2.930,0
PETR4,2023-02-06,0.857,-2.566,16.755,14.590,3.957,0.209,3.748,1,-0.078,-1.568,1.490,1,-1.396,-1.929,0.532,0
PETR4,2023-04-03,0.307,-4.087,1.478,13.860,4.777,4.690,0.088,0,11.842,4.476,7.365,0,5.885,0.661,5.224,0
PETR4,2023-04-05,0.294,-0.867,32.286,13.780,6.899,5.429,1.471,0,9.610,3.452,6.158,0,13.387,4.978,8.409,0
PETR4,2024-08-26,5.640,-0.524,362.829,32.920,-1.440,-1.584,0.144,1,-4.069,-1.629,-2.440,1,-7.430,-4.662,-2.768,0
PETR4,2025-03-17,0.140,-0.103,15.670,32.470,1.632,0.337,1.295,0,2.765,-0.360,3.126,0,-12.251,-1.057,-11.194,0
PETR4,2025-03-21,0.956,-0.476,77.555,33.040,1.712,-0.225,1.937,1,-6.114,-3.822,-2.292,0,-13.900,-1.279,-12.621,0
PRIO3,2023-06-21,1.275,-4.814,163.128,38.610,-6.543,-2.787,-3.756,0,-0.129,-0.370,0.241,0,14.145,-2.167,16.313,0
PRIO3,2024-03-12,1.960,-2.389,165.173,47.500,3.600,-0.065,3.665,1,-0.442,-0.460,0.018,1,5.663,0.275,5.389,0
PRIO3,2024-03-28,3.129,-0.043,17.248,48.740,3.508,-1.150,4.659,1,4.350,-1.778,6.127,1,1.046,-1.206,2.253,1
PRIO3,2024-08-09,0.726,-1.046,4.384,47.830,2.864,2.486,0.379,1,-1.631,3.815,-5.446,0,-11.227,3.013,-14.240,0
PRIO3,2025-06-11,1.097,-0.227,13.422,43.310,0.900,1.082,-0.182,0,-3.371,-0.007,-3.364,0,-3.486,-0.269,-3.218,0
PSSA3,2022-08-08,4.849,-0.054,55.614,18.030,2.147,3.979,-1.832,1,-2.473,1.842,-4.315,0,5.108,3.483,1.625,0
PSSA3,2022-08-24,1.865,-0.242,102.040,18.090,1.033,-3.068,4.101,1,1.320,-2.748,4.068,1,8.068,0.870,7.198,1
PSSA3,2023-06-07,3.965,-1.797,125.464,22.440,5.226,3.239,1.988,1,6.659,3.113,3.546,1,13.642,1.664,11.978,1
PSSA3,2023-09-08,0.770,-0.049,21.493,23.170,4.479,2.920,1.560,1,3.522,0.851,2.671,1,2.450,-0.896,3.346,1
PSSA3,2023-11-13,0.435,-0.180,10.763,24.690,-1.560,4.229,-5.788,0,1.596,5.051,-3.455,0,2.466,4.948,-2.481,0
PSSA3,2023-12-06,0.189,-0.259,18.443,25.630,-0.699,3.278,-3.977,0,-1.048,4.190,-5.238,0,1.872,5.628,-3.756,0
PSSA3,2024-02-28,2.341,-4.578,360.732,26.610,0.171,-0.879,1.050,1,5.141,-1.497,6.637,1,8.122,-1.750,9.872,1
PSSA3,2024-05-14,0.310,-1.159,33.275,26.390,9.415,-0.889,10.305,1,5.320,-3.710,9.030,1,3.570,-6.690,10.260,1
RADL3,2022-09-01,0.132,-1.414,71.558,19.860,2.247,1.698,0.549,1,1.079,-0.929,2.007,1,2.157,-0.122,2.279,1
RADL3,2023-10-23,1.491,-0.269,21.268,24.970,-4.377,-0.357,-4.021,0,-2.264,5.780,-8.044,0,7.170,11.706,-4.536,0
RADL3,2023-11-28,0.119,-0.794,141.134,27.860,-3.382,0.236,-3.618,0,-3.617,-0.098,-3.519,0,-1.044,6.120,-7.164,0
RADL3,2024-06-25,0.181,-0.731,75.039,25.020,-3.982,2.044,-6.026,0,-4.307,3.902,-8.209,0,-0.888,3.406,-4.294,0
RADL3,2025-10-15,3.531,-0.587,147.761,19.070,-0.715,1.713,-2.428,1,0.562,4.165,-3.604,1,16.641,10.718,5.924,0
RADL3,2025-11-05,1.377,-0.517,98.284,19.660,13.119,2.700,10.419,1,14.851,1.077,13.774,1,19.208,7.255,11.953,1
RAIL3,2022-03-28,0.185,-1.700,16.732,17.780,0.855,2.000,-1.145,0,-2.511,-1.694,-0.817,0,-5.609,-7.851,2.242,0
RAIL3,2022-04-12,1.322,-0.525,31.059,17.530,2.004,-1.539,3.543,0,-5.748,-5.288,-0.460,0,-17.190,-8.705,-8.485,0
RAIL3,2022-04-20,4.879,-0.488,158.974,17.880,-7.600,-3.807,-3.792,1,-16.584,-7.769,-8.815,0,-17.010,-6.333,-10.676,0
RAIL3,2022-05-31,2.403,-0.372,445.357,16.810,1.075,-0.961,2.036,1,-3.507,-8.229,4.722,1,-7.579,-10.431,2.852,1
RAIL3,2022-10-11,3.796,-1.479,140.095,18.060,8.947,1.317,7.631,1,6.158,-1.903,8.061,1,3.158,-4.320,7.477,1
RAIL3,2023-03-02,1.663,-1.453,33.321,16.890,7.372,1.621,5.751,1,4.952,0.060,4.892,1,7.203,0.530,6.673,1
RAIL3,2024-08-01,3.073,-0.591,32.715,21.950,4.017,1.261,2.757,1,4.148,5.455,-1.307,1,-3.755,6.813,-10.568,0
RAIZ4,2023-05-19,1.888,-3.400,16.148,3.070,-1.198,-2.964,1.767,0,8.683,0.348,8.335,0,-3.593,1.863,-5.456,0
RAIZ4,2023-05-30,2.783,-0.673,43.067,3.070,8.683,3.729,4.954,1,0.000,-0.878,0.878,1,0.599,6.343,-5.744,1
RAIZ4,2023-08-24,2.633,-1.612,132.592,2.350,-2.429,-3.025,0.596,1,15.385,-0.364,15.749,0,26.316,3.905,22.411,0
RAIZ4,2023-09-05,3.082,-1.283,95.660,2.620,2.545,-0.934,3.479,1,10.182,4.444,5.737,1,16.000,2.385,13.615,0
RAIZ4,2023-10-11,0.705,-0.934,38.474,3.150,-5.136,2.908,-8.044,0,10.272,3.961,6.311,0,13.897,6.488,7.409,0
RAIZ4,2023-10-19,1.656,-0.728,41.922,2.990,16.242,1.024,15.218,1,12.420,1.233,11.188,1,23.885,7.083,16.803,0
RAIZ4,2023-12-21,1.266,-0.970,7.741,3.880,4.657,2.141,2.516,0,1.563,2.246,-0.683,0,-5.093,0.254,-5.347,0
RDOR3,2024-05-07,5.763,-2.825,315.818,26.380,3.227,-0.470,3.697,1,4.168,-1.356,5.524,1,-9.580,-5.981,-3.599,1
RDOR3,2025-02-04,0.444,-0.705,51.232,25.410,2.808,1.263,1.545,0,6.648,2.781,3.867,0,-3.910,-1.239,-2.672,0
RDOR3,2025-03-12,0.194,-3.651,23.266,25.210,3.726,7.338,-3.612,0,3.941,7.040,-3.099,0,4.666,3.156,1.511,0
RECV3,2024-01-18,5.058,-6.733,261.858,13.730,2.556,5.140,-2.584,1,1.252,5.626,-4.374,1,11.661,7.059,4.602,1
RECV3,2024-03-11,0.400,-1.790,46.616,15.640,-4.706,-1.589,-3.117,1,-3.106,-3.458,0.352,1,8.471,-3.907,12.378,0
RECV3,2024-04-24,1.895,-3.025,236.855,16.950,1.606,0.503,1.102,0,-0.521,-0.511,-0.009,0,1.693,-1.670,3.363,0
RECV3,2024-06-03,0.158,-1.380,60.442,16.620,-2.391,0.243,-2.635,0,-1.816,0.738,-2.554,0,-2.170,-1.842,-0.328,0
RECV3,2024-07-02,3.433,-1.769,32.610,16.280,-2.356,3.234,-5.590,1,-3.444,2.564,-6.007,1,-10.874,-0.223,-10.651,1
RENT3,2021-12-30,1.155,-0.029,382.550,45.920,-6.660,-2.083,-4.577,0,-3.264,2.252,-5.516,0,8.377,6.726,1.651,0
RENT3,2022-01-21,1.229,-0.396,26.319,47.560,4.627,2.751,1.876,0,4.226,3.171,1.055,0,6.448,3.639,2.809,0
RENT3,2022-03-25,2.767,-0.045,62.705,52.700,2.708,2.135,0.573,1,-4.806,-0.671,-4.135,0,-12.353,-9.124,-3.229,0
RENT3,2022-04-12,0.681,-0.530,34.994,50.360,0.293,-1.539,1.832,0,-5.846,-5.288,-0.558,0,-4.126,-8.705,4.579,0
RENT3,2022-05-04,2.364,-0.285,34.925,47.750,-1.408,-3.583,2.175,1,1.280,-2.079,3.359,1,4.918,2.960,1.957,1
RENT3,2023-04-11,0.256,-4.184,29.371,50.860,0.123,-0.204,0.327,1,-0.352,-3.790,3.438,0,8.873,1.856,7.017,0
RENT3,2023-04-20,1.465,-1.007,13.569,50.610,2.636,-0.099,2.735,1,2.937,1.475,1.462,1,12.013,5.495,6.518,1
RENT3,2024-11-12,0.109,-6.449,319.200,42.660,-4.223,-0.483,-3.740,0,-14.210,-2.335,-11.875,0,-25.759,-1.192,-24.567,0
RENT3,2025-04-10,1.697,-0.450,10.216,36.030,7.620,2.528,5.092,1,15.134,6.677,8.457,1,11.604,9.886,1.719,1
RENT3,2025-09-11,0.036,-3.009,15.128,37.740,3.127,1.836,1.291,0,4.032,1.658,2.374,0,-3.887,-0.865,-3.022,0
RENT3,2025-10-27,0.267,-0.434,36.238,38.860,0.839,2.340,-1.501,0,6.994,5.729,1.265,0,10.656,6.229,4.427,0
RENT3,2025-11-04,1.495,-1.443,29.700,40.420,5.746,4.928,0.818,0,5.134,4.067,1.067,0,15.452,7.368,8.084,0
SANB11,2022-01-10,1.436,-0.812,18.336,24.100,0.158,4.216,-4.058,0,-1.862,5.740,-7.602,0,2.524,9.438,-6.914,0
SANB11,2022-03-14,3.205,-2.520,262.230,26.310,6.461,5.564,0.897,1,7.676,7.988,-0.311,1,5.394,6.158,-0.764,1
SANB11,2022-04-29,0.636,-1.582,100.293,25.090,3.843,-2.099,5.941,1,2.992,-0.106,3.098,1,6.047,4.352,1.695,1
SANB11,2023-01-10,0.071,-1.879,20.610,24.680,-4.716,0.578,-5.295,0,-5.508,2.099,-7.607,0,-6.776,-2.874,-3.902,0
SANB11,2023-02-14,0.088,-0.587,64.875,23.720,3.799,-0.268,4.067,0,-4.845,-4.300,-0.545,0,-6.971,-4.242,-2.729,0
SANB11,2023-04-14,0.397,-0.662,13.654,22.980,-3.886,-2.349,-1.538,0,-3.144,-4.416,1.272,0,8.840,1.543,7.297,0
SANB11,2023-04-25,0.707,-0.975,104.541,22.300,-0.038,-1.321,1.283,1,10.467,4.053,6.414,1,10.994,5.354,5.640,1
SANB11,2023-06-13,1.300,-0.913,92.185,25.440,2.112,2.550,-0.438,0,0.891,0.735,0.156,0,-2.640,0.761,-3.402,0
SANB11,2023-11-08,0.630,-2.018,38.830,25.210,9.633,4.709,4.924,1,6.102,6.371,-0.269,1,5.279,5.860,-0.581,0
SANB11,2023-12-04,0.294,-0.630,43.600,26.750,0.161,0.122,0.040,1,2.164,3.505,-1.341,0,2.422,3.570,-1.148,0
SANB11,2024-04-30,1.716,-2.125,273.838,25.690,1.246,2.754,-1.508,1,-2.907,1.512,-4.418,0,-4.118,-2.664,-1.454,0
SANB11,2024-05-23,0.456,-0.450,73.129,25.020,-1.421,-2.015,0.594,0,-3.091,-3.278,0.188,0,-2.167,-2.543,0.376,0
SANB11,2024-05-28,0.472,-1.206,41.217,24.840,-4.009,-1.897,-2.111,0,-3.221,-3.095,-0.126,0,-1.575,-0.865,-0.709,0
SANB11,2024-06-07,0.590,-0.117,64.250,24.250,-0.733,-0.777,0.044,0,0.953,0.760,0.193,0,-0.623,4.755,-5.379,0
SANB11,2024-07-29,0.909,-0.642,40.095,25.730,-0.736,-1.369,0.633,1,1.472,3.394,-1.922,0,9.601,7.897,1.703,0
SANB11,2025-02-05,2.397,-3.192,238.448,25.150,-3.656,-0.915,-2.741,0,-2.880,1.340,-4.221,0,-4.210,-0.343,-3.867,0
SANB11,2025-07-17,1.307,-0.444,77.700,26.590,-4.570,-1.276,-3.294,0,-4.461,-1.955,-2.506,0,-2.907,0.672,-3.579,0
SANB11,2025-09-03,0.136,-0.149,169.200,26.990,2.101,1.673,0.428,0,5.164,4.186,0.977,0,3.098,4.128,-1.030,0
SANB11,2025-09-05,1.987,-0.312,20.778,28.060,-1.816,-0.315,-1.501,1,-0.377,2.248,-2.625,0,-1.233,1.124,-2.358,0
SANB11,2025-10-24,0.389,-0.844,20.509,28.510,6.974,2.385,4.589,1,11.268,5.455,5.813,1,13.672,6.538,7.134,1
SANB11,2025-12-15,0.690,-1.172,39.845,32.260,-0.850,-2.698,1.848,0,2.398,-1.261,3.660,0,0.983,1.380,-0.397,0
SANB11,2026-01-19,0.135,-0.307,20.523,32.800,8.277,8.250,0.027,1,12.240,10.658,1.582,1,7.119,12.653,-5.534,0
SBSP3,2022-02-17,2.227,-0.990,35.684,32.290,7.425,-1.485,8.910,1,10.577,-1.824,12.401,1,21.528,2.603,18.925,1
SBSP3,2023-05-12,2.122,-4.534,37.438,47.070,-1.828,2.009,-3.836,0,2.905,2.342,0.563,0,5.233,8.177,-2.944,0
SBSP3,2023-05-26,2.239,-0.947,53.460,48.430,-0.710,1.405,-2.115,0,2.262,5.702,-3.440,0,2.636,6.427,-3.791,0
SBSP3,2023-08-14,0.284,-0.573,65.489,50.860,4.095,-2.224,6.319,0,5.092,0.168,4.924,0,5.893,0.803,5.090,0
SBSP3,2023-08-16,4.541,-1.377,164.118,52.340,2.163,2.172,-0.010,1,1.644,1.815,-0.171,1,6.073,3.325,2.747,1
SBSP3,2025-12-17,0.357,-0.067,13.815,127.350,5.258,2.248,3.010,1,2.455,3.790,-1.335,0,0.382,5.552,-5.170,0
SLCE3,2021-12-22,0.829,-4.767,48.652,11.890,8.873,-0.621,9.494,1,14.335,-2.692,17.027,1,20.612,3.224,17.388,1
SLCE3,2022-08-24,0.487,-2.641,133.526,15.610,3.207,-3.068,6.275,1,0.085,-2.748,2.833,1,5.139,0.870,4.269,0
SLCE3,2022-09-14,1.198,-0.262,11.869,15.550,-0.171,1.321,-1.491,0,-3.837,-1.808,-2.029,0,-6.459,3.288,-9.747,0
SLCE3,2022-09-22,2.784,-0.865,8.242,16.410,-12.321,-5.748,-6.573,0,-13.916,3.033,-16.949,0,-7.736,5.721,-13.456,0
SLCE3,2023-07-27,4.467,-0.934,212.015,17.310,0.609,0.577,0.032,1,-3.160,-1.319,-1.842,1,-11.761,-2.361,-9.399,0
SLCE3,2024-07-01,2.842,-3.573,168.327,15.330,1.657,1.536,0.121,1,1.336,3.832,-2.496,1,-2.726,1.966,-4.691,0
SLCE3,2024-12-02,2.283,-1.258,87.194,14.730,3.951,1.543,2.409,1,6.288,-1.362,7.650,1,-5.287,-5.276,-0.011,1
SLCE3,2025-02-04,0.094,-1.349,250.732,14.450,3.517,1.263,2.254,1,3.687,2.781,0.906,1,5.899,-1.239,7.138,1
SLCE3,2025-03-18,4.272,-3.168,136.549,15.850,-4.757,0.608,-5.365,0,-2.534,-0.172,-2.362,0,5.016,-1.606,6.622,0
SLCE3,2025-05-27,0.096,-0.359,7.298,16.150,-1.096,-1.510,0.414,1,-2.766,-2.279,-0.487,0,-7.098,-2.865,-4.233,0
SUZB3,2022-01-27,3.849,-0.546,10.787,51.690,0.992,-0.397,1.389,1,-0.222,0.832,-1.054,1,-7.796,-0.665,-7.131,0
SUZB3,2022-03-04,1.190,-5.721,30.689,50.660,6.541,-2.446,8.987,1,12.070,0.299,11.772,1,-5.442,6.159,-11.602,0
SUZB3,2022-06-30,1.746,-1.038,22.158,44.420,-1.409,2.505,-3.914,0,-9.439,-2.579,-6.860,0,-5.514,4.316,-9.830,0
SUZB3,2022-10-28,0.459,-0.633,39.724,49.260,-0.236,-1.575,1.339,0,4.772,-3.327,8.100,0,-3.266,-5.053,1.787,0
SUZB3,2022-12-05,3.469,-0.949,30.184,46.940,4.532,-3.626,8.158,1,-3.646,-4.033,0.387,1,-1.633,-4.876,3.243,0
SUZB3,2023-01-12,1.004,-1.804,30.844,46.550,-1.830,0.785,-2.616,0,-9.670,1.995,-11.665,0,-7.879,-3.529,-4.350,0
SUZB3,2023-12-20,0.448,-2.284,10.121,51.090,3.210,2.815,0.395,1,1.577,1.380,0.197,0,-4.137,-3.249,-0.889,0
SUZB3,2024-06-27,5.414,-4.686,494.002,54.030,0.000,1.507,-1.507,1,-7.000,3.121,-10.121,0,-7.947,1.333,-9.280,0
SUZB3,2024-10-21,1.059,-0.016,19.921,53.340,5.456,0.860,4.596,1,6.575,0.316,6.260,1,7.340,-1.475,8.815,1
TAEE11,2023-04-24,2.037,-0.634,191.981,28.180,1.806,-2.117,3.923,1,2.500,3.160,-0.660,1,5.328,5.784,-0.456,1
TAEE11,2024-04-01,0.103,-0.853,83.844,30.720,-0.385,1.492,-1.878,0,-1.431,-1.411,-0.020,0,-3.137,0.389,-3.526,0
TAEE11,2024-04-05,0.176,-0.036,4.034,30.610,-1.436,-0.635,-0.801,0,-1.381,-1.123,-0.258,0,1.346,1.473,-0.126,0
TAEE11,2024-04-11,0.688,-0.228,39.717,30.940,-2.705,-2.619,-0.086,0,-4.235,-2.271,-1.964,0,-2.384,0.234,-2.619,0
TAEE11,2024-05-02,0.281,-1.725,236.058,30.620,-0.819,0.949,-1.767,0,0.936,0.973,-0.037,0,-1.141,-3.802,2.661,0
TAEE11,2024-05-14,0.129,-0.878,5.019,30.900,2.143,-0.889,3.032,1,-0.343,-3.710,3.367,1,-4.514,-6.690,2.176,1
TAEE11,2025-05-15,0.287,-0.589,15.020,33.790,-0.028,-1.485,1.456,1,0.226,-0.522,0.748,1,-4.038,-1.036,-3.002,0
TAEE11,2025-09-25,0.388,-0.723,45.294,35.400,0.968,-0.907,1.875,1,-0.747,-2.481,1.734,1,1.798,0.281,1.517,1
TIMS3,2022-11-03,0.487,-1.837,88.390,9.780,-1.170,-6.189,5.020,0,-6.287,-7.294,1.008,0,-3.801,-4.553,0.752,0
TIMS3,2023-02-22,2.231,-1.551,183.505,9.020,-1.529,-2.317,0.788,1,-0.161,-0.367,0.206,1,1.368,-6.342,7.709,1
TIMS3,2024-05-22,2.537,-0.296,39.689,14.330,-3.095,-2.417,-0.679,1,-2.202,-2.187,-0.015,0,-6.548,-4.055,-2.493,0
TIMS3,2024-06-04,1.881,-0.872,89.290,13.850,-1.047,-0.135,-0.911,1,-3.387,-1.726,-1.660,0,-2.000,2.683,-4.683,0
TIMS3,2024-07-12,0.004,-0.581,6.706,14.570,-1.062,-0.958,-0.103,0,-3.953,-0.974,-2.978,0,3.953,1.542,2.411,0
TIMS3,2024-07-31,3.805,-1.741,160.554,15.040,-0.629,0.000,-0.629,1,3.488,4.547,-1.059,1,3.545,7.723,-4.178,0
TIMS3,2024-09-03,1.172,-0.509,2.563,15.510,0.998,0.000,0.998,1,3.326,0.536,2.790,1,3.791,-1.355,5.146,1
TIMS3,2024-10-16,0.719,-0.850,65.436,15.270,-2.380,-1.765,-0.615,0,-5.779,-0.656,-5.123,0,-7.252,-2.920,-4.332,0
TIMS3,2025-02-11,4.578,-1.508,86.793,14.920,3.440,1.499,1.942,1,1.482,-0.502,1.984,1,0.532,-0.761,1.294,1
TIMS3,2025-12-10,0.216,-0.129,2.586,22.790,-4.251,-1.058,-3.193,0,-5.848,1.167,-7.015,0,-4.094,1.968,-6.061,0
TIMS3,2026-01-20,0.514,-3.598,100.328,24.250,1.443,9.397,-7.954,0,3.505,11.828,-8.323,0,11.423,13.547,-2.124,0
TOTS3,2022-02-23,0.492,-0.759,18.150,30.800,-0.368,2.621,-2.989,0,-0.245,0.112,-0.357,0,5.460,6.665,-1.205,0
TOTS3,2022-03-29,2.451,-0.481,9.076,34.170,2.351,-1.071,3.422,1,-0.996,-3.438,2.443,1,-8.379,-8.544,0.165,0
TOTS3,2022-04-19,5.889,-0.119,211.026,34.020,-9.525,-4.868,-4.657,1,-10.636,-5.896,-4.740,0,-26.520,-7.853,-18.668,0
TOTS3,2022-08-10,0.067,-5.631,58.231,28.650,-0.463,3.219,-3.682,0,2.317,2.459,-0.142,0,-4.800,-0.357,-4.443,0
TOTS3,2022-08-18,0.236,-3.140,24.201,29.470,-0.483,-0.309,-0.173,0,-8.012,-3.047,-4.964,0,-4.472,-3.948,-0.525,0
TOTS3,2022-11-30,2.167,-2.078,38.989,29.260,-10.661,-2.754,-7.907,0,-15.165,-7.257,-7.908,0,-9.592,-1.639,-7.952,0
TOTS3,2023-01-17,0.288,-3.243,55.090,27.960,3.281,1.512,1.769,0,2.768,1.892,0.876,0,1.982,-3.126,5.108,0
TOTS3,2023-01-23,1.818,-0.615,4.036,28.320,-0.067,0.741,-0.809,0,1.484,-2.456,3.940,0,-4.825,-3.985,-0.839,0
TOTS3,2023-01-30,1.397,-0.196,32.884,28.300,1.553,-3.174,4.727,1,0.979,-2.971,3.951,1,-8.339,-6.900,-1.439,1
TOTS3,2023-05-25,2.790,-1.619,21.273,28.510,0.838,0.610,0.228,1,0.067,6.251,-6.184,0,-0.235,8.221,-8.456,0
TOTS3,2023-11-08,1.328,-4.225,426.585,29.190,10.294,4.709,5.584,1,8.875,6.371,2.504,1,14.860,5.860,8.999,1
TOTS3,2024-10-31,1.030,-0.916,145.927,29.160,4.323,-0.158,4.481,1,0.536,-1.576,2.112,1,-9.953,-3.469,-6.484,0
TOTS3,2024-12-10,0.373,-3.019,10.162,28.490,-2.802,-2.548,-0.253,1,-5.534,-5.466,-0.069,0,-7.541,-7.020,-0.520,0
TOTS3,2025-01-06,1.614,-1.602,24.892,26.970,-2.338,-0.897,-1.441,0,3.946,2.340,1.605,0,25.137,4.758,20.379,0
TOTS3,2025-01-10,0.243,-0.743,28.808,26.320,5.578,2.837,2.741,1,11.981,3.010,8.971,1,25.571,4.760,20.811,1
TOTS3,2025-10-21,0.805,-0.026,25.353,41.550,4.317,2.231,2.085,0,4.197,4.505,-0.309,0,12.878,8.755,4.122,0
UGPA3,2022-05-17,3.816,-0.433,125.624,12.170,-2.836,1.659,-4.495,0,2.892,2.173,0.718,0,-12.574,-6.235,-6.340,0
UGPA3,2022-06-22,2.690,-0.919,43.164,10.960,-0.159,-0.031,-0.128,0,-6.041,-0.635,-5.406,0,1.113,-1.125,2.238,0
UGPA3,2022-07-20,5.090,-0.514,1.682,11.080,1.336,3.033,-1.697,1,5.818,5.529,0.288,1,7.704,15.840,-8.136,0
UGPA3,2022-08-24,1.902,-1.356,30.586,12.360,-4.651,-3.068,-1.583,1,-5.990,-2.748,-3.242,0,-5.849,0.870,-6.719,0
UGPA3,2022-11-03,1.441,-0.059,22.801,12.420,-7.088,-6.189,-0.899,0,-7.789,-7.294,-0.495,0,-1.684,-4.553,2.869,0
UGPA3,2023-02-10,0.567,-0.464,8.693,11.310,1.772,0.773,0.999,0,2.287,-3.437,5.724,0,2.520,-4.936,7.455,0
UGPA3,2023-02-15,0.286,-1.548,9.391,11.420,4.116,-3.461,7.576,0,-0.110,-5.309,5.198,0,2.118,-6.789,8.907,0
UGPA3,2023-02-17,1.491,-1.819,229.245,11.510,0.506,-4.178,4.684,1,0.658,-4.415,5.073,1,3.861,-7.228,11.089,1
UGPA3,2024-05-22,0.446,-0.202,39.074,22.090,-3.595,-2.417,-1.178,0,-6.373,-2.187,-4.185,0,-12.051,-4.055,-7.996,0
UGPA3,2025-08-20,2.576,-1.306,168.114,16.900,4.199,3.338,0.861,1,11.089,3.847,7.243,1,18.488,8.194,10.294,1
USIM5,2021-12-30,1.216,-0.617,23.082,13.260,-3.166,-2.083,-1.083,0,8.509,2.252,6.257,0,5.607,6.726,-1.119,0
USIM5,2023-11-22,0.818,-0.342,65.970,7.630,-1.774,0.098,-1.873,0,5.070,-0.352,5.422,0,11.534,3.823,7.710,0
USIM5,2023-11-27,0.134,-1.092,14.272,7.550,6.146,0.836,5.309,0,8.835,0.959,7.875,0,19.334,6.323,13.011,0
USIM5,2023-12-01,3.562,-0.442,127.899,7.950,3.163,-0.749,3.912,1,7.421,1.642,5.779,1,10.462,3.823,6.639,1
USIM5,2024-05-21,1.008,-0.976,79.582,8.290,-4.584,-2.846,-1.738,0,-12.063,-4.689,-7.374,0,-11.460,-5.610,-5.849,0
USIM5,2025-10-30,0.115,-1.812,2.125,5.570,-2.693,3.020,-5.713,0,-5.386,5.765,-11.151,0,-2.873,6.966,-9.839,0
VALE3,2022-04-27,1.934,-2.118,52.133,58.010,-0.438,-1.080,0.642,1,-4.235,-4.625,0.390,0,2.592,1.080,1.512,0
VALE3,2022-11-11,5.869,-1.862,35.204,61.120,-2.892,-2.275,-0.616,1,-1.215,-3.132,1.917,1,4.605,-6.218,10.823,1
VALE3,2024-09-26,1.593,-3.156,139.314,56.270,-2.039,-1.005,-1.034,1,-4.669,-1.956,-2.713,0,-7.082,-2.111,-4.971,0
VALE3,2024-10-11,1.074,-0.676,21.288,54.410,-2.543,0.419,-2.962,0,-0.644,-0.095,-0.549,0,-2.414,-1.558,-0.857,0
VALE3,2024-10-16,0.351,-1.078,23.139,54.590,-4.796,-1.765,-3.032,0,0.209,-0.656,0.864,0,-8.309,-2.920,-5.389,0
VALE3,2024-10-25,1.123,-2.428,96.550,54.060,0.486,-1.385,1.871,1,-1.782,-1.464,-0.318,1,-6.966,0.237,-7.203,0
VALE3,2024-12-09,0.815,-3.257,100.294,52.400,-5.853,-2.860,-2.992,0,-7.505,-4.897,-2.609,0,-13.121,-6.303,-6.818,0
VALE3,2025-02-21,0.353,-0.814,89.183,51.390,-5.175,-3.171,-2.004,0,-2.743,-2.735,-0.008,0,2.438,4.115,-1.677,0
VALE3,2025-03-11,0.740,-0.757,42.598,49.980,5.658,6.396,-0.738,0,5.327,7.043,-1.716,0,-9.625,0.406,-10.032,0
VALE3,2025-07-22,1.873,-0.773,96.566,52.790,-4.661,-1.258,-3.403,0,-5.896,-0.755,-5.141,0,-4.160,0.015,-4.175,0
VALE3,2025-08-26,0.076,-0.992,11.550,52.650,-0.036,1.801,-1.837,0,1.408,2.712,-1.305,0,4.079,6.218,-2.139,0
VALE3,2025-09-22,0.257,-0.488,49.498,55.110,-1.241,1.028,-2.270,0,2.741,-0.930,3.671,0,5.000,-0.507,5.507,0
VALE3,2025-10-01,0.682,-1.101,12.583,55.410,1.526,-2.330,3.856,1,4.373,-2.126,6.499,1,8.609,1.951,6.659,1
VBBR3,2022-02-16,1.341,-1.886,87.821,17.980,-3.804,-2.880,-0.924,1,-7.239,-0.334,-6.905,0,-3.967,-0.036,-3.931,0
VBBR3,2023-08-15,6.421,-2.047,102.525,13.610,7.491,0.036,7.456,1,8.229,2.002,6.227,1,7.264,1.860,5.405,1
VBBR3,2024-11-06,0.118,-2.584,83.380,19.850,-4.165,-1.560,-2.605,0,-6.269,-0.222,-6.047,0,-13.310,-3.040,-10.270,0
VIVT3,2023-08-25,0.038,-0.277,49.116,18.120,1.067,1.694,-0.627,0,3.031,1.186,1.846,0,6.988,0.374,6.613,0
VIVT3,2023-09-06,0.950,-0.878,76.038,18.340,4.002,2.975,1.026,1,6.183,0.312,5.871,1,7.461,-2.227,9.689,1
VIVT3,2024-05-02,3.118,-0.847,72.373,22.720,-8.317,0.949,-9.265,0,-6.363,0.973,-7.336,0,-12.807,-3.802,-9.005,0
VIVT3,2024-08-01,3.803,-0.702,171.265,23.400,-0.217,1.261,-1.478,1,0.652,5.455,-4.803,0,2.891,6.813,-3.922,0
VIVT3,2024-09-02,1.605,-0.303,50.634,24.260,3.772,-0.046,3.818,1,6.856,0.214,6.642,1,6.894,-2.037,8.931,1
VIVT3,2025-04-01,4.051,-0.221,152.596,25.410,-4.321,-5.467,1.146,1,-2.352,-1.437,-0.915,1,4.897,2.976,1.921,1
VIVT3,2025-11-04,1.914,-0.288,98.210,32.730,4.997,4.928,0.069,0,5.512,4.067,1.445,0,4.226,7.368,-3.142,0
WEGE3,2022-09-05,0.339,-0.784,45.426,28.240,-0.939,-1.355,0.417,0,0.744,0.369,0.375,0,7.728,3.596,4.132,0
WEGE3,2022-09-12,2.631,-0.750,45.806,29.060,-3.774,-1.214,-2.560,1,-3.729,-4.035,0.306,1,7.923,2.309,5.614,1
WEGE3,2026-01-26,2.252,-1.511,12.851,51.610,0.659,2.225,-1.566,0,4.146,4.273,-0.126,0,-2.577,6.937,-9.514,0
YDUQ3,2023-05-10,7.246,-13.407,391.346,10.140,10.360,1.962,8.398,1,17.384,1.250,16.133,1,46.971,7.512,39.459,1
YDUQ3,2024-03-07,3.584,-0.515,33.166,19.520,-2.078,-0.682,-1.396,1,-13.343,-0.241,-13.102,0,-23.130,-1.420,-21.710,0
YDUQ3,2025-09-03,1.047,-0.485,123.297,12.530,5.183,1.673,3.510,1,6.860,4.186,2.673,0,-2.896,4.128,-7.024,0
YDUQ3,2025-09-15,4.047,-1.534,73.784,13.350,-3.219,1.096,-4.315,0,-6.652,2.136,-8.788,0,-17.239,-1.210,-16.029,0
