entry_date,exit_date,dias,entry_price,exit_price,stop_inicial,shares,pnl,pnl_pct,saida,equity_pos
2019-11-28,2019-12-13,15,36.42,36.14,34.54,530.81,-149.39,-0.77,trailing,99850.61
2020-06-03,2020-06-24,21,24.19,23.59,21.71,402.37,-243.13,-2.50,trailing,99607.48
2020-07-21,2020-07-23,2,25.87,23.93,23.76,472.47,-915.12,-7.49,trailing,98692.36
2020-10-21,2020-10-26,5,22.03,20.40,20.46,625.89,-1025.78,-7.44,stop,97666.58
2020-12-03,2020-12-22,19,23.69,23.21,21.67,482.99,-231.87,-2.03,trailing,97434.71
2021-03-30,2021-04-08,9,23.09,22.03,21.01,469.35,-493.39,-4.55,trailing,96941.32
2021-05-25,2021-06-23,29,24.58,25.70,23.00,614.01,686.80,4.55,trailing,97628.12
2022-03-29,2022-04-08,10,19.78,18.26,18.36,687.57,-1050.32,-7.72,stop,96577.80
2022-08-03,2022-08-26,23,14.47,15.03,13.66,1191.53,656.45,3.81,trailing,97234.25
2022-09-28,2022-10-26,28,16.60,16.87,15.75,1138.65,304.15,1.61,trailing,97538.40
2023-05-10,2023-07-14,65,16.65,21.01,15.68,1010.73,4408.73,26.20,trailing,101947.14
2023-11-14,2023-12-06,22,21.72,21.46,20.26,700.47,-180.44,-1.19,trailing,101766.70
2024-08-14,2024-08-29,15,21.46,20.94,20.52,948.54,-490.54,-2.41,trailing,101276.16
2025-02-17,2025-02-24,7,18.45,17.24,17.60,1098.14,-1318.70,-6.51,stop,99957.46
2025-04-03,2025-04-07,4,19.01,17.98,18.12,1051.37,-1085.96,-5.43,stop,98871.51
2025-04-23,2025-06-06,44,19.35,20.71,18.31,953.37,1298.42,7.04,trailing,100169.92
2025-07-01,2025-07-09,8,21.69,20.82,20.87,923.46,-805.56,-4.02,stop,99364.36
2025-08-18,2025-10-06,49,21.96,23.66,21.03,904.96,1536.97,7.73,trailing,100901.33
2025-11-04,2025-12-05,31,24.25,26.44,23.44,832.24,1822.77,9.03,trailing,102724.10
2019-01-10,2019-02-20,41,11.53,12.42,10.90,1577.87,1403.67,7.72,trailing,101403.67
2019-06-18,2019-07-01,13,12.35,12.19,11.90,1641.93,-269.66,-1.33,trailing,101134.01
2019-09-12,2019-10-02,20,13.26,12.91,12.66,1525.97,-532.56,-2.63,trailing,100601.44
2019-12-04,2020-01-15,42,12.52,13.17,12.05,1606.69,1047.48,5.21,trailing,101648.93
2020-10-26,2020-10-28,2,9.97,9.39,9.43,1865.23,-1087.23,-5.85,stop,100561.70
2020-11-16,2020-11-30,14,10.79,9.82,9.99,1269.44,-1230.28,-8.98,stop,99331.42
2020-12-17,2021-01-21,35,11.28,11.31,10.65,1576.83,43.30,0.24,trailing,99374.73
2022-07-27,2022-08-31,35,11.27,11.49,10.66,1626.24,354.91,1.94,trailing,99729.64
2022-11-04,2022-11-16,12,12.38,11.62,11.77,1611.21,-1224.65,-6.14,stop,98504.99
2023-03-14,2023-04-24,41,11.05,11.36,10.55,1782.70,550.78,2.80,trailing,99055.77
2023-06-22,2023-07-04,12,12.32,11.99,11.86,1608.21,-522.35,-2.64,trailing,98533.42
2023-11-14,2023-11-29,15,10.85,10.54,10.44,1815.76,-575.38,-2.92,trailing,97958.04
2025-09-16,2025-09-24,8,11.39,11.09,11.02,1720.70,-508.67,-2.60,trailing,97449.37
2025-11-05,2025-12-05,30,11.81,12.19,11.35,1650.72,635.86,3.26,trailing,98085.23
2018-10-02,2018-11-08,37,4.00,4.65,3.65,2873.51,1859.50,16.18,trailing,101859.50
2019-01-30,2019-02-06,7,5.83,5.46,5.41,2417.48,-896.92,-6.36,trailing,100962.58
2019-07-08,2019-08-13,36,5.80,6.11,5.50,3364.52,1045.44,5.36,trailing,102008.03
2019-11-27,2020-02-10,75,6.69,10.34,6.30,2618.56,9560.43,54.56,trailing,111568.46
2020-06-02,2020-06-26,24,6.62,6.59,5.88,1518.33,-43.68,-0.43,trailing,111524.78
2020-07-21,2020-08-11,21,7.94,7.80,7.31,1775.68,-250.33,-1.78,trailing,111274.45
2020-10-20,2020-10-27,7,8.92,8.21,8.17,1481.27,-1052.65,-7.97,trailing,110221.80
2021-12-07,2021-12-22,15,7.60,7.16,6.64,1145.29,-514.04,-5.90,trailing,109707.76
2022-08-15,2022-08-18,3,4.79,4.23,4.31,2294.31,-1287.18,-11.71,stop,108420.57
2022-09-30,2022-10-14,14,5.23,5.10,4.69,2003.41,-259.38,-2.48,trailing,108161.19
2023-01-31,2023-02-03,3,3.82,3.50,3.39,2552.20,-815.06,-8.37,trailing,107346.13
2023-06-01,2023-07-06,35,2.78,3.48,2.48,3553.39,2484.30,25.16,trailing,109830.42
2023-11-22,2024-01-03,42,3.24,3.64,2.85,2872.39,1165.24,12.53,trailing,110995.67
2024-02-28,2024-03-15,16,4.36,4.25,3.97,2851.37,-319.94,-2.57,trailing,110675.72
2024-07-15,2024-07-18,3,3.41,3.06,3.10,3542.16,-1222.94,-10.13,stop,109452.79
2025-02-14,2025-02-24,10,2.18,1.94,1.92,4154.00,-1021.02,-11.26,trailing,108431.77
2025-03-25,2025-04-07,13,2.41,2.19,2.11,3676.29,-795.17,-8.98,trailing,107636.61
2021-09-13,2021-10-07,24,17.80,18.08,16.44,738.21,208.60,1.59,trailing,100208.60
2022-03-22,2022-04-22,31,14.09,15.32,12.92,856.71,1056.12,8.75,trailing,101264.72
2022-07-27,2022-09-13,48,15.76,17.49,14.73,985.13,1698.82,10.94,trailing,102963.53
2023-01-24,2023-01-31,7,20.32,18.97,19.04,807.71,-1091.48,-6.65,stop,101872.06
2023-11-16,2023-12-04,18,12.93,12.29,11.73,849.74,-543.54,-4.95,trailing,101328.52
2025-01-27,2025-02-21,25,6.52,6.84,5.88,1587.59,500.52,4.83,trailing,101829.04
2025-04-03,2025-04-08,5,8.32,7.56,7.51,1265.07,-959.71,-9.12,trailing,100869.33
2025-04-23,2025-06-13,51,8.57,10.77,7.68,1137.58,2496.18,25.60,trailing,103365.51
2025-11-17,2025-11-21,4,9.61,8.89,8.98,1647.03,-1186.43,-7.49,stop,102179.08
2026-02-11,2026-02-26,15,9.23,9.43,8.54,1489.49,297.90,2.17,fim_periodo,102476.98
2022-10-31,2022-11-07,7,11.69,11.20,10.95,1362.51,-661.69,-4.16,trailing,99338.31
2023-04-28,2023-05-09,11,12.36,12.03,11.85,1607.38,-524.82,-2.64,trailing,98813.49
2024-05-27,2024-06-12,16,12.18,12.00,11.70,1622.75,-290.15,-1.47,trailing,98523.34
2025-02-14,2025-02-26,12,8.41,8.02,7.93,2036.60,-809.23,-4.72,trailing,97714.11
2025-04-22,2025-06-20,59,8.01,9.80,7.50,1936.38,3473.04,22.40,trailing,101187.15
2025-08-07,2025-09-02,26,9.92,10.12,9.32,1694.93,338.99,2.02,trailing,101526.14
2025-10-23,2025-10-29,6,11.65,10.72,10.94,1429.95,-1329.85,-7.98,stop,100196.29
2025-11-27,2025-12-16,19,12.36,12.15,11.45,1103.48,-231.73,-1.70,trailing,99964.56
2018-07-06,2018-07-17,11,35.32,33.16,32.43,345.82,-747.23,-6.12,trailing,99252.77
2018-09-27,2018-11-08,42,34.03,35.83,31.58,404.78,728.40,5.29,trailing,99981.17
2018-11-28,2019-01-11,44,41.01,42.55,37.77,308.27,476.13,3.77,trailing,100457.30
2020-06-02,2020-06-16,14,38.60,35.31,33.84,211.12,-693.53,-8.51,trailing,99763.78
2020-07-06,2020-07-24,18,41.06,42.13,37.46,276.84,295.56,2.60,trailing,100059.34
2020-09-09,2020-09-11,2,49.46,45.79,45.47,250.80,-920.68,-7.42,trailing,99138.66
2020-11-04,2020-12-10,36,53.09,57.65,49.02,243.91,1113.23,8.60,trailing,100251.89
2021-01-28,2021-02-25,28,60.13,59.90,56.42,270.27,-62.68,-0.39,trailing,100189.20
2021-05-14,2021-07-26,73,69.47,80.03,65.34,242.68,2561.59,15.19,trailing,102750.79
2022-03-29,2022-04-22,24,76.35,76.61,71.02,192.89,50.12,0.34,trailing,102800.91
2022-07-28,2022-10-14,78,67.73,84.03,63.26,230.00,3750.05,24.07,trailing,106550.96
2023-01-25,2023-02-09,15,72.45,69.65,67.23,203.88,-570.75,-3.86,trailing,105980.21
2023-05-17,2023-06-27,41,61.48,64.83,55.86,188.74,633.71,5.46,trailing,106613.92
2023-12-13,2024-01-02,20,59.09,55.06,55.27,278.89,-1122.12,-6.81,stop,105491.80
2024-07-05,2024-07-24,19,46.67,46.18,43.81,368.42,-180.68,-1.05,trailing,105311.11
2025-01-28,2025-02-11,14,30.67,29.71,28.51,487.17,-464.80,-3.11,trailing,104846.31
2025-04-16,2025-06-09,54,24.73,38.34,22.81,544.54,7411.98,55.03,trailing,112258.29
2018-07-06,2018-08-08,33,5.46,5.89,5.07,2554.55,1078.23,7.72,trailing,101078.23
2018-09-27,2018-12-14,78,5.92,6.92,5.56,2857.91,2879.66,17.03,trailing,103957.89
2019-01-14,2019-02-11,28,7.53,7.85,7.07,2257.65,731.55,4.30,trailing,104689.44
2019-02-22,2019-03-01,7,8.47,8.13,7.98,2139.29,-715.04,-3.95,trailing,103974.41
2019-03-18,2019-03-22,4,8.77,8.30,8.33,2372.02,-1095.42,-5.27,stop,102878.99
2019-05-28,2019-06-14,17,9.17,9.17,8.65,1970.92,5.06,0.03,trailing,102884.05
2019-07-04,2019-08-05,32,10.25,10.72,9.57,1522.58,721.82,4.63,trailing,103605.87
2019-10-17,2019-11-19,33,12.02,12.49,11.44,1723.77,803.70,3.88,trailing,104409.57
2020-02-03,2020-02-26,23,13.16,12.59,12.39,1364.25,-766.77,-4.27,trailing,103642.80
2020-04-22,2020-04-24,2,11.22,9.88,9.77,719.32,-962.12,-11.93,trailing,102680.68
2020-05-22,2020-08-04,74,11.71,16.92,10.54,876.71,4566.20,44.46,trailing,107246.88
2020-12-02,2021-01-15,44,16.17,16.38,15.08,980.48,202.97,1.28,trailing,107449.85
2021-04-08,2021-04-19,11,15.61,15.19,14.68,1154.08,-480.59,-2.67,trailing,106969.26
2022-03-29,2022-04-11,13,13.59,13.01,12.54,1019.82,-588.59,-4.25,trailing,106380.67
2022-08-04,2022-08-29,25,10.53,10.92,9.74,1344.96,523.58,3.70,trailing,106904.25
2023-05-17,2023-06-22,36,12.05,12.84,11.23,1307.44,1040.66,6.61,trailing,107944.90
2023-11-10,2024-01-04,55,11.92,12.71,11.16,1414.10,1112.54,6.60,trailing,109057.45
2024-12-11,2024-12-18,7,9.88,9.38,9.31,1930.92,-973.08,-5.10,trailing,108084.37
2025-01-27,2025-02-24,28,10.10,10.37,9.60,2139.55,573.17,2.65,trailing,108657.54
2026-01-15,2026-02-26,42,15.12,18.06,14.30,1330.36,3911.25,19.44,fim_periodo,112568.79
2019-01-17,2019-02-11,25,15.14,15.41,14.43,1320.82,358.25,1.79,trailing,100358.25
2019-06-03,2019-07-19,46,16.19,17.47,15.32,1147.30,1471.35,7.92,trailing,101829.60
2019-09-19,2019-10-02,13,18.84,18.42,18.02,1080.80,-456.27,-2.24,trailing,101373.33
2019-12-13,2020-01-13,31,20.48,20.54,19.68,990.11,57.71,0.28,trailing,101431.04
2020-06-02,2020-06-30,28,15.88,16.34,14.69,851.61,387.76,2.87,trailing,101818.81
2020-11-16,2020-12-21,35,17.30,17.90,16.37,1098.00,657.99,3.46,trailing,102476.80
2021-06-01,2021-06-24,23,15.13,15.33,14.63,1354.23,263.74,1.29,trailing,102740.54
2021-10-25,2021-11-19,25,14.44,14.31,13.63,1258.76,-170.16,-0.94,trailing,102570.38
2022-01-25,2022-03-04,38,13.60,15.08,12.95,1508.25,2237.54,10.91,trailing,104807.92
2022-03-25,2022-04-28,34,16.36,17.33,15.61,1281.03,1234.55,5.89,trailing,106042.47
2022-07-22,2022-08-25,34,18.66,19.51,17.75,1136.66,965.59,4.55,trailing,107008.06
2023-01-11,2023-02-09,29,23.84,24.33,22.66,897.74,441.72,2.06,trailing,107449.78
2023-09-04,2023-09-27,23,24.12,24.18,23.33,891.13,61.64,0.29,trailing,107511.42
2023-12-28,2024-01-25,28,25.86,25.93,25.03,831.49,57.51,0.27,trailing,107568.93
2024-07-12,2024-09-11,61,27.09,30.16,26.48,794.20,2439.19,11.34,trailing,110008.12
2024-12-10,2025-01-03,24,29.89,29.82,28.96,736.18,-48.80,-0.22,trailing,109959.32
2025-01-22,2025-02-13,22,31.66,31.89,30.57,694.64,161.16,0.73,trailing,110120.48
2025-03-05,2025-04-07,33,34.05,35.25,32.74,646.87,779.66,3.54,trailing,110900.14
2025-04-24,2025-05-06,12,36.62,34.15,35.20,605.74,-1492.17,-6.73,stop,109407.98
2025-12-12,2026-01-07,26,33.15,32.96,32.08,660.05,-129.04,-0.59,trailing,109278.93
2018-07-17,2018-08-08,22,10.50,10.67,9.85,1533.45,261.92,1.63,trailing,100261.92
2018-10-02,2018-12-10,69,10.70,12.91,10.01,1448.47,3193.50,20.60,trailing,103455.42
2019-02-14,2019-02-20,6,16.57,15.92,15.52,986.69,-640.56,-3.92,trailing,102814.86
2019-05-29,2019-06-17,19,15.44,15.33,14.57,1180.72,-121.27,-0.67,trailing,102693.60
2019-06-21,2019-07-25,34,16.24,16.14,15.47,1264.71,-121.91,-0.59,trailing,102571.69
2019-10-22,2019-11-08,17,16.38,16.02,15.55,1229.65,-444.49,-2.21,trailing,102127.20
2019-12-18,2020-01-10,23,16.92,16.59,16.24,1207.36,-391.32,-1.92,trailing,101735.88
2020-06-02,2020-06-24,22,10.71,10.81,9.76,1066.47,101.97,0.89,trailing,101837.85
2020-07-20,2020-07-31,11,11.85,11.67,11.11,1381.74,-248.89,-1.52,trailing,101588.96
2020-10-21,2020-10-28,7,11.16,10.66,10.47,1481.83,-736.00,-4.45,trailing,100852.96
2020-11-16,2021-01-05,50,12.82,13.48,11.86,1052.49,698.33,5.18,trailing,101551.28
2021-03-17,2021-04-01,15,13.09,13.07,12.06,982.16,-16.97,-0.13,trailing,101534.32
2021-05-20,2021-06-18,29,14.20,14.85,13.45,1360.10,886.55,4.59,trailing,102420.87
2022-01-17,2022-02-09,23,11.62,11.41,11.13,1763.29,-366.93,-1.79,trailing,102053.93
2022-03-22,2022-04-05,14,11.98,11.68,11.30,1505.25,-442.77,-2.46,trailing,101611.16
2022-05-23,2022-06-07,15,12.03,11.92,11.44,1688.84,-189.10,-0.93,trailing,101422.06
2022-08-04,2022-08-31,27,11.27,11.76,10.80,1799.76,881.93,4.35,trailing,102304.00
2023-11-16,2024-01-09,54,11.00,12.25,10.49,1859.94,2324.46,11.36,trailing,104628.46
2024-04-03,2024-04-12,9,10.81,10.50,10.41,1935.68,-599.27,-2.86,trailing,104029.19
2024-07-10,2024-07-24,14,10.02,9.87,9.72,2075.91,-324.25,-1.56,trailing,103704.95
2025-02-06,2025-02-12,6,10.24,9.70,9.75,2025.62,-1089.69,-5.25,stop,102615.26
2025-03-24,2025-04-07,14,10.50,10.28,10.04,1954.01,-442.06,-2.15,trailing,102173.20
2025-04-24,2025-06-09,46,11.10,12.79,10.54,1835.92,3107.28,15.25,trailing,105280.48
2025-07-03,2025-07-09,6,13.74,13.40,13.15,1532.11,-525.68,-2.50,trailing,104754.81
2025-08-18,2025-08-19,1,13.36,12.92,12.86,1568.17,-688.39,-3.29,trailing,104066.42
2025-09-17,2025-10-06,19,14.37,14.21,13.81,1448.39,-235.57,-1.13,trailing,103830.84
2025-10-24,2025-12-03,40,15.07,15.94,14.49,1377.62,1187.19,5.72,trailing,105018.03
2018-07-13,2018-08-09,27,11.51,12.02,10.75,1313.95,665.24,4.40,trailing,100665.24
2018-10-26,2018-12-17,52,13.52,14.95,12.59,1075.22,1535.12,10.56,trailing,102200.35
2019-07-03,2019-07-16,13,18.82,18.55,17.99,1086.05,-292.76,-1.43,trailing,101907.59
2019-10-22,2019-11-08,17,17.71,17.34,16.88,1150.75,-431.72,-2.12,trailing,101475.88
2019-12-18,2020-01-09,22,18.13,18.05,17.40,1119.34,-91.30,-0.45,trailing,101384.57
2020-06-02,2020-06-24,22,11.77,11.88,10.71,949.16,97.32,0.87,trailing,101481.89
2020-07-21,2020-07-31,10,13.24,12.79,12.40,1207.99,-544.08,-3.40,trailing,100937.81
2020-10-20,2020-10-29,9,12.29,11.89,11.57,1403.94,-569.87,-3.30,trailing,100367.94
2021-03-17,2021-04-01,15,15.16,15.04,13.91,804.58,-93.83,-0.77,trailing,100274.11
2021-05-19,2021-06-22,34,16.43,17.46,15.51,1098.07,1135.03,6.29,trailing,101409.14
2022-01-14,2022-02-09,26,13.95,13.90,13.34,1453.39,-80.43,-0.40,trailing,101328.71
2022-03-21,2022-04-05,15,14.49,14.25,13.69,1268.38,-298.74,-1.63,trailing,101029.97
2022-05-23,2022-06-07,15,14.76,14.60,13.98,1305.00,-203.62,-1.06,trailing,100826.35
2022-08-04,2022-08-31,27,13.68,14.19,13.03,1474.18,750.12,3.72,trailing,101576.47
2023-11-16,2024-01-09,54,12.50,13.66,11.85,1571.43,1824.07,9.29,trailing,103400.54
2024-07-17,2024-07-25,8,11.15,10.76,10.83,1854.00,-727.03,-3.52,stop,102673.51
2025-02-06,2025-02-12,6,11.43,10.73,10.82,1680.89,-1169.64,-6.09,stop,101503.87
2025-03-24,2025-04-08,15,11.60,11.24,11.07,1749.80,-627.85,-3.09,trailing,100876.01
2025-04-23,2025-07-10,78,12.30,15.43,11.61,1471.88,4600.10,25.41,trailing,105476.11
2025-10-27,2025-11-24,28,17.78,18.35,17.06,1186.53,682.09,3.23,trailing,106158.21
2018-04-17,2018-05-08,21,4.94,4.94,4.66,3590.81,19.41,0.11,trailing,100019.41
2018-07-31,2018-08-07,7,4.96,4.60,4.67,3520.58,-1275.02,-7.31,stop,98744.40
2019-01-17,2019-01-28,11,5.32,4.62,5.01,3157.91,-2210.24,-13.16,stop,96534.16
2019-03-11,2019-04-24,44,4.83,5.02,4.56,3571.33,678.62,3.93,trailing,97212.78
2019-06-11,2019-07-05,24,5.31,5.18,5.01,3180.68,-417.89,-2.47,trailing,96794.89
2019-09-12,2019-10-02,20,5.14,4.86,4.87,3640.38,-1016.38,-5.43,stop,95778.51
2019-11-04,2019-11-13,9,5.45,5.25,5.20,3513.19,-721.23,-3.77,trailing,95057.29
2019-12-02,2020-01-27,56,5.77,6.54,5.51,3296.12,2544.54,13.38,trailing,97601.83
2020-07-10,2020-08-27,48,6.42,7.47,6.09,2928.22,3073.20,16.35,trailing,100675.03
2020-11-12,2021-01-26,75,8.67,13.02,8.19,2066.50,8978.47,50.10,trailing,109653.51
2021-06-29,2021-07-30,31,15.33,15.87,14.52,1363.98,742.54,3.55,trailing,110396.05
2021-12-02,2022-01-31,60,12.71,15.77,11.83,1253.87,3844.53,24.13,trailing,114240.58
2022-06-01,2022-06-13,12,18.15,17.30,17.12,1108.92,-943.96,-4.69,trailing,113296.62
2022-11-29,2023-02-01,64,18.41,20.84,17.10,863.79,2093.97,13.17,trailing,115390.59
2023-06-14,2023-06-28,14,16.47,15.47,15.66,1401.41,-1400.75,-6.07,stop,113989.84
2023-11-10,2023-12-12,32,17.19,18.15,16.36,1326.41,1280.69,5.62,trailing,115270.52
2024-07-15,2024-07-22,7,15.42,14.97,14.97,1495.36,-663.43,-2.88,trailing,114607.10
2024-08-27,2024-09-03,7,15.49,14.59,14.92,1479.91,-1324.87,-5.78,stop,113282.22
2024-11-04,2024-11-08,4,15.93,15.34,15.36,1422.07,-844.97,-3.73,stop,112437.25
2025-03-21,2025-04-03,13,15.11,14.61,14.46,1487.87,-752.51,-3.35,trailing,111684.74
2025-09-05,2025-10-09,34,14.76,15.17,14.28,1512.85,618.97,2.77,trailing,112303.71
2018-07-13,2018-08-10,28,8.99,9.17,8.34,1538.21,275.43,1.99,trailing,100275.43
2019-01-30,2019-02-11,12,15.12,15.01,14.32,1254.97,-142.55,-0.75,trailing,100132.88
2019-05-08,2019-05-13,5,15.34,14.66,14.56,1296.27,-872.43,-4.39,trailing,99260.45
2019-05-28,2019-06-14,17,15.67,15.50,14.85,1211.75,-209.74,-1.10,trailing,99050.71
2019-07-04,2019-07-12,8,16.93,15.95,16.17,1170.42,-1141.65,-5.76,stop,97909.06
2019-10-28,2019-11-08,11,15.18,14.62,14.42,1278.56,-712.14,-3.67,trailing,97196.92
2019-12-18,2020-01-10,23,15.94,15.70,15.27,1219.46,-299.41,-1.54,trailing,96897.50
2020-07-17,2020-07-24,7,11.32,10.84,10.62,1391.11,-670.56,-4.26,trailing,96226.95
2020-11-24,2021-01-04,41,11.57,12.31,10.76,1188.11,878.44,6.39,trailing,97105.39
2021-05-20,2021-06-21,32,10.96,11.76,10.49,1772.11,1412.91,7.28,trailing,98518.29
2021-10-15,2021-10-21,6,10.93,10.32,10.36,1729.17,-1053.42,-5.57,stop,97464.87
2022-01-25,2022-03-07,41,11.35,11.72,10.88,1718.00,647.52,3.32,trailing,98112.40
2022-05-20,2022-06-06,17,13.45,13.23,12.67,1251.74,-275.19,-1.63,trailing,97837.21
2022-07-25,2022-09-06,43,13.12,15.06,12.53,1491.25,2889.29,14.77,trailing,100726.50
2023-01-11,2023-03-01,49,14.16,15.73,13.26,1123.85,1769.75,11.12,trailing,102496.25
2023-04-11,2023-05-03,22,16.26,16.98,15.54,1260.42,908.45,4.43,trailing,103404.71
2023-06-02,2023-07-06,34,18.54,20.45,17.78,1115.44,2129.94,10.30,trailing,105534.65
2023-10-16,2023-10-30,14,21.30,20.72,20.50,991.10,-572.06,-2.71,trailing,104962.59
2023-11-27,2024-03-04,98,22.19,25.18,21.35,946.03,2825.61,13.46,trailing,107788.19
2025-01-21,2025-02-21,31,24.28,26.47,23.61,887.90,1949.09,9.04,trailing,109737.29
2025-03-26,2025-04-04,9,27.90,27.10,26.92,786.52,-632.29,-2.88,trailing,109104.99
2025-08-29,2025-10-02,34,21.10,21.47,19.80,839.08,306.29,1.73,trailing,109411.28
2025-11-04,2025-11-18,14,21.97,21.59,21.07,995.97,-383.21,-1.75,trailing,109028.07
2018-06-21,2018-07-23,32,42.38,42.19,38.65,268.05,-51.01,-0.45,trailing,99948.99
2018-08-03,2018-09-20,48,46.22,49.54,43.49,366.06,1217.56,7.20,trailing,101166.55
2018-11-28,2018-12-04,6,45.42,43.57,42.21,315.22,-581.60,-4.06,trailing,100584.96
2019-02-05,2019-02-28,23,44.51,45.01,42.11,420.80,212.38,1.13,trailing,100797.34
2019-09-18,2019-10-02,14,26.10,25.43,24.22,537.86,-356.02,-2.54,trailing,100441.32
2021-08-31,2021-09-20,20,56.14,49.67,52.05,245.52,-1587.34,-11.52,stop,98853.98
2022-05-31,2022-06-10,10,44.50,44.09,41.40,318.88,-130.74,-0.92,trailing,98723.23
2023-04-11,2023-04-20,9,20.78,19.35,19.10,588.34,-841.32,-6.88,trailing,97881.91
2024-02-27,2024-04-10,43,21.12,24.71,19.50,605.33,2173.13,17.00,trailing,100055.04
2025-01-27,2025-02-03,7,14.89,13.11,13.68,827.59,-1473.10,-11.95,stop,98581.94
2018-07-17,2018-08-01,15,4.05,3.92,3.81,4193.04,-506.32,-2.99,trailing,99493.68
2019-04-24,2019-05-16,22,8.47,8.53,7.99,2083.88,120.14,0.68,trailing,99613.81
2019-06-07,2019-07-25,48,10.38,11.72,9.53,1169.22,1572.85,12.96,trailing,101186.66
2019-10-23,2020-01-15,84,13.27,16.24,12.39,1139.99,3380.60,22.34,trailing,104567.26
2022-02-15,2022-03-04,17,22.31,21.38,20.30,521.25,-481.90,-4.14,trailing,104085.36
2022-08-10,2022-08-31,21,23.70,23.14,22.00,611.46,-344.68,-2.38,trailing,103740.69
2022-10-21,2022-10-26,5,25.99,23.93,24.32,618.78,-1277.07,-7.94,stop,102463.61
2023-05-05,2023-08-04,91,22.06,30.45,20.57,689.64,5785.88,38.04,trailing,108249.49
2023-11-10,2024-01-17,68,31.80,34.94,29.71,517.80,1625.99,9.87,trailing,109875.49
2025-01-22,2025-02-26,35,30.06,31.52,28.40,660.73,964.51,4.86,trailing,110840.00
2025-04-28,2025-05-30,32,36.12,38.49,34.04,531.72,1257.43,6.55,trailing,112097.43
2025-06-24,2025-07-08,14,41.31,39.90,39.39,542.70,-765.81,-3.42,trailing,111331.62
2025-09-05,2025-10-07,32,45.71,45.48,43.11,428.86,-97.44,-0.50,trailing,111234.19
2025-10-29,2025-12-05,37,48.96,51.78,46.60,454.42,1283.82,5.77,trailing,112518.01
2026-01-21,2026-02-12,22,57.73,58.50,55.00,389.81,300.15,1.33,trailing,112818.16
2021-11-16,2021-11-23,7,6.85,6.23,6.31,1829.29,-1133.76,-9.04,stop,98866.24
2022-03-25,2022-04-05,11,6.11,5.72,5.73,2547.65,-1004.81,-6.45,stop,97861.42
2022-08-04,2022-09-08,35,5.56,6.45,5.30,3518.69,3107.93,15.88,trailing,100969.36
2023-01-25,2023-02-03,9,6.59,6.29,6.29,3062.30,-930.59,-4.61,trailing,100038.76
2024-08-19,2024-09-11,23,12.95,13.37,12.43,1544.88,641.89,3.21,trailing,100680.65
2025-01-27,2025-02-07,11,13.68,13.17,13.12,1472.21,-743.28,-3.69,trailing,99937.37
2025-03-05,2025-03-11,6,14.53,13.94,13.75,1286.88,-756.03,-4.04,trailing,99181.34
2025-04-23,2025-05-07,14,14.79,14.41,14.12,1341.35,-508.28,-2.56,trailing,98673.06
2025-12-15,2025-12-17,2,16.15,15.65,15.55,1222.05,-609.98,-3.09,trailing,98063.09
2026-01-21,2026-02-26,36,16.68,18.55,16.12,1175.82,2198.78,11.21,fim_periodo,100261.86
2018-03-26,2018-03-28,2,1.95,1.85,1.84,8548.79,-841.30,-5.04,trailing,99158.70
2018-07-05,2018-08-09,35,1.82,1.93,1.69,7611.74,778.07,5.61,trailing,99936.77
2018-12-19,2019-01-31,43,3.10,3.33,2.89,4799.04,1118.81,7.53,trailing,101055.58
2019-02-26,2019-03-07,9,3.45,3.31,3.26,5447.24,-759.23,-4.04,trailing,100296.35
2019-06-06,2019-06-25,19,3.78,3.57,3.55,4238.62,-904.14,-5.64,trailing,99392.21
2019-12-26,2020-01-31,36,3.46,3.78,3.33,5736.97,1829.58,9.20,trailing,101221.78
2020-11-17,2021-01-19,63,3.23,3.93,3.03,5026.73,3510.90,21.65,trailing,104732.69
2021-08-31,2021-10-06,36,4.36,4.46,4.12,4256.44,398.59,2.15,trailing,105131.28
2022-05-23,2022-06-07,15,5.68,5.46,5.37,3337.97,-763.56,-4.02,trailing,104367.71
2022-08-04,2022-08-29,25,5.77,6.05,5.49,3619.50,1037.42,4.97,trailing,105405.13
2023-01-11,2023-01-27,16,6.11,5.86,5.71,2684.81,-673.81,-4.11,trailing,104731.32
2023-04-04,2023-05-05,31,6.21,6.38,5.90,3340.74,548.16,2.64,trailing,105279.48
2023-09-20,2023-09-27,7,7.17,6.85,6.88,2936.23,-953.87,-4.53,stop,104325.61
2023-11-14,2023-11-22,8,7.25,6.28,6.92,2877.86,-2787.33,-13.36,stop,101538.28
2023-12-26,2024-01-19,24,6.55,6.73,6.25,3099.23,561.08,2.76,trailing,102099.36
2024-03-27,2024-04-23,27,7.46,7.62,7.10,2735.97,437.57,2.14,trailing,102536.93
2024-05-21,2024-05-28,7,8.41,8.02,7.98,2396.45,-940.65,-4.67,trailing,101596.29
2024-07-11,2024-08-02,22,8.52,8.51,8.13,2384.44,-37.98,-0.19,trailing,101558.31
2024-11-04,2024-11-28,24,9.79,9.67,9.50,2073.98,-262.20,-1.29,trailing,101296.11
2025-02-03,2025-02-28,25,9.60,9.55,9.15,2110.22,-108.63,-0.54,trailing,101187.48
2025-05-08,2025-06-04,27,9.67,9.80,9.27,2091.76,252.73,1.25,trailing,101440.21
2025-08-28,2025-09-12,15,10.54,10.38,10.08,1924.92,-310.16,-1.53,trailing,101130.05
2025-11-04,2025-11-14,10,11.16,10.86,10.79,1812.97,-542.86,-2.68,trailing,100587.19
2026-02-03,2026-02-06,3,11.84,11.35,11.38,1699.11,-832.56,-4.14,stop,99754.63
2026-02-11,2026-02-26,15,11.92,12.31,11.40,1673.74,652.76,3.27,fim_periodo,100407.39
2018-07-20,2018-07-31,11,8.45,7.89,7.95,1998.40,-1124.90,-6.66,stop,98875.10
2019-05-29,2019-06-17,19,10.15,10.08,9.59,1771.20,-116.21,-0.65,trailing,98758.89
2019-07-30,2019-08-05,6,11.17,10.82,10.63,1768.04,-618.69,-3.13,trailing,98140.20
2019-09-12,2019-10-02,20,11.99,11.53,11.39,1636.50,-755.20,-3.85,trailing,97385.00
2019-10-16,2019-11-12,27,12.59,12.60,11.97,1547.44,16.92,0.09,trailing,97401.92
2020-06-01,2020-08-11,71,14.94,18.76,13.68,773.45,2960.09,25.62,trailing,100362.01
2020-11-16,2020-12-01,15,17.85,17.14,16.57,780.61,-556.21,-3.99,trailing,99805.80
2021-01-05,2021-01-21,16,17.76,17.34,16.50,795.78,-332.39,-2.35,trailing,99473.41
2021-03-17,2021-03-29,12,21.28,20.06,19.29,499.37,-611.25,-5.75,trailing,98862.16
2021-06-10,2021-06-28,18,23.06,21.92,21.60,676.39,-770.35,-4.94,trailing,98091.80
2022-01-27,2022-02-08,12,21.48,20.38,20.13,725.77,-794.08,-5.09,trailing,97297.72
2022-06-02,2022-06-08,6,20.77,19.02,19.29,661.08,-1156.38,-8.42,stop,96141.34
2022-08-02,2022-08-26,24,17.90,19.10,16.88,943.95,1136.30,6.73,trailing,97277.64
2023-12-22,2024-01-16,25,18.54,17.73,17.51,950.01,-770.88,-4.38,trailing,96506.76
2024-07-03,2024-07-23,20,13.90,13.69,13.14,1266.49,-265.96,-1.51,trailing,96240.79
2025-05-02,2025-05-16,14,8.01,7.57,7.36,1471.57,-647.49,-5.49,trailing,95593.30
2026-02-11,2026-02-26,15,6.43,6.64,5.91,1838.33,386.05,3.27,fim_periodo,95979.35
2018-11-14,2018-11-27,13,18.01,17.46,17.25,1110.62,-604.00,-3.02,trailing,99396.00
2018-12-19,2019-01-15,27,18.69,19.03,17.86,1063.75,361.57,1.82,trailing,99757.58
2019-05-07,2019-05-17,10,20.66,19.97,19.98,965.76,-667.28,-3.34,stop,99090.30
2019-07-04,2019-07-24,20,21.72,21.35,20.60,879.85,-328.27,-1.72,trailing,98762.03
2021-06-07,2021-06-16,9,23.09,22.26,22.05,855.42,-711.56,-3.60,trailing,98050.47
2021-08-20,2021-09-24,35,21.60,22.34,20.40,816.57,603.96,3.42,trailing,98654.43
2021-11-10,2021-11-16,6,22.50,21.24,21.16,737.03,-927.88,-5.60,trailing,97726.55
2022-01-24,2022-03-07,42,22.80,24.37,21.69,857.29,1343.52,6.87,trailing,99070.07
2022-08-04,2022-09-09,36,30.68,32.22,29.07,615.40,952.38,5.04,trailing,100022.45
2023-04-05,2023-05-03,28,29.75,30.07,28.00,571.87,179.48,1.05,trailing,100201.93
2023-06-23,2023-08-03,41,32.95,34.59,31.21,576.39,946.79,4.99,trailing,101148.72
2023-11-10,2024-01-08,59,35.66,38.00,34.01,567.30,1327.47,6.56,trailing,102476.19
2024-04-09,2024-04-16,7,36.40,34.89,35.07,563.06,-850.22,-4.15,stop,101625.97
2025-01-27,2025-02-12,16,33.82,33.28,32.62,600.98,-324.53,-1.60,trailing,101301.44
2025-05-27,2025-06-10,14,41.23,40.29,39.31,491.40,-461.91,-2.28,trailing,100839.53
2025-10-27,2026-01-14,79,41.39,51.96,39.99,487.27,5150.39,25.54,trailing,105989.92
2021-04-09,2021-05-12,33,6.51,6.49,5.99,1923.65,-24.88,-0.20,trailing,99975.12
2022-01-31,2022-02-09,9,5.60,5.06,5.10,1976.55,-1062.99,-9.60,stop,98912.13
2022-03-25,2022-04-11,17,5.30,5.08,4.73,1750.56,-381.35,-4.11,trailing,98530.78
2022-07-28,2022-08-18,21,5.78,5.97,5.25,1853.93,339.29,3.16,trailing,98870.07
2022-12-29,2023-01-16,18,9.27,8.85,8.39,1126.43,-470.02,-4.50,trailing,98400.05
2023-01-31,2023-02-07,7,10.03,9.36,9.14,1109.50,-734.47,-6.60,trailing,97665.58
2023-05-18,2023-08-17,91,9.86,12.65,9.06,1223.29,3411.25,28.28,trailing,101076.83
2023-11-14,2023-11-24,10,13.06,12.32,11.93,897.16,-665.07,-5.68,trailing,100411.76
2023-11-30,2024-01-03,34,13.50,13.51,12.43,938.20,14.03,0.11,trailing,100425.79
2024-03-12,2024-03-25,13,15.96,15.62,15.07,1123.95,-380.81,-2.12,trailing,100044.99
2024-05-03,2024-05-21,18,16.58,15.87,15.53,953.45,-676.65,-4.28,trailing,99368.34
2024-07-03,2024-07-25,22,18.02,17.99,16.98,958.54,-32.29,-0.19,trailing,99336.05
2024-09-13,2024-09-20,7,21.47,20.54,20.35,886.90,-821.58,-4.32,trailing,98514.47
2024-10-24,2024-11-05,12,20.87,20.15,19.88,943.92,-686.09,-3.48,trailing,97828.38
2025-01-24,2025-02-26,33,17.44,19.15,16.45,981.16,1670.78,9.76,trailing,99499.16
2025-04-01,2025-05-22,51,22.23,25.36,20.74,665.59,2081.35,14.07,trailing,101580.51
2025-08-27,2025-09-10,14,30.27,29.79,28.53,586.70,-278.52,-1.57,trailing,101301.99
2025-10-29,2025-12-05,37,31.40,34.11,29.70,596.04,1617.57,8.64,trailing,102919.56
2026-02-02,2026-02-26,24,35.97,39.74,33.41,402.62,1518.20,10.48,fim_periodo,104437.75
2018-07-12,2018-07-30,18,7.59,7.45,7.06,1896.17,-253.01,-1.76,trailing,99746.99
2018-10-30,2018-11-08,9,9.14,8.51,8.18,1034.15,-657.09,-6.95,trailing,99089.90
2018-12-06,2019-02-07,63,9.34,10.80,8.64,1419.02,2070.62,15.62,trailing,101160.52
2019-06-04,2019-08-15,72,11.78,15.96,11.07,1414.59,5908.69,35.45,trailing,107069.21
2019-10-03,2019-11-12,40,16.68,18.25,15.53,931.63,1464.09,9.42,trailing,108533.30
2019-12-12,2020-01-27,46,20.32,22.82,19.14,917.52,2295.41,12.31,trailing,110828.71
2020-06-02,2020-07-24,52,12.90,18.49,11.38,728.03,4073.17,43.38,trailing,114901.88
2020-10-20,2020-10-27,7,19.13,17.67,17.64,772.61,-1128.01,-7.63,trailing,113773.87
2020-12-01,2021-01-04,34,20.60,21.45,18.79,627.11,531.88,4.12,trailing,114305.75
2022-09-28,2022-10-20,22,14.20,14.50,12.92,891.52,262.27,2.07,trailing,114568.02
2023-05-11,2023-06-27,47,14.10,16.07,13.14,1202.42,2379.23,14.04,trailing,116947.25
2023-11-14,2024-01-02,49,17.76,19.86,16.43,883.14,1857.69,11.85,trailing,118804.95
2024-02-29,2024-03-18,18,20.64,20.57,19.31,889.01,-61.04,-0.33,trailing,118743.90
2024-07-10,2024-07-24,14,18.15,17.48,17.13,1163.74,-781.34,-3.70,trailing,117962.56
2024-08-15,2024-09-02,18,19.56,19.08,18.38,1002.46,-478.23,-2.44,trailing,117484.33
2025-01-27,2025-02-27,31,17.26,18.83,16.22,1131.80,1779.76,9.11,trailing,119264.09
2025-09-05,2025-10-06,31,26.58,27.66,24.99,748.54,807.52,4.06,trailing,120071.61
2025-11-04,2025-12-05,31,28.54,31.81,27.35,841.51,2754.47,11.47,trailing,122826.08
2026-02-02,2026-02-26,24,30.63,31.68,28.74,648.50,680.93,3.43,fim_periodo,123507.01
2018-07-05,2018-08-08,34,1.06,1.18,0.99,14384.08,1773.38,11.61,trailing,101773.38
2018-10-04,2018-11-08,35,1.24,1.26,1.17,15878.08,358.50,1.82,trailing,102131.88
2018-12-07,2018-12-14,7,1.48,1.40,1.38,9489.83,-785.63,-5.58,trailing,101346.25
2019-01-11,2019-02-07,27,1.59,1.57,1.48,9811.36,-221.53,-1.42,trailing,101124.73
2019-05-21,2019-07-25,65,1.85,2.29,1.74,9829.65,4372.44,24.07,trailing,105497.16
2020-06-02,2020-07-24,52,2.18,3.43,1.95,4552.75,5659.92,56.90,trailing,111157.08
2020-11-27,2020-12-21,24,2.81,2.73,2.60,5083.51,-427.53,-2.99,trailing,110729.55
2021-06-18,2021-06-29,11,3.37,3.27,3.16,5447.29,-530.81,-2.90,trailing,110198.75
2022-01-27,2022-02-17,21,3.03,2.93,2.78,4420.72,-460.83,-3.44,trailing,109737.92
2022-07-08,2022-07-26,18,2.74,2.54,2.51,4941.28,-948.26,-7.02,trailing,108789.66
2022-07-28,2022-08-19,22,2.75,2.83,2.55,5330.98,402.85,2.75,trailing,109192.52
2023-05-19,2023-06-22,34,4.23,4.47,3.93,3680.57,890.17,5.72,trailing,110082.68
2023-07-18,2023-08-17,30,5.17,5.30,4.73,2500.49,330.37,2.56,trailing,110413.06
2023-11-10,2023-11-22,12,4.99,4.65,4.56,2606.89,-870.82,-6.70,trailing,109542.23
2024-02-27,2024-04-03,36,6.14,6.35,5.76,2902.80,622.57,3.49,trailing,110164.80
2024-05-16,2024-05-27,11,6.67,6.37,6.27,2746.49,-841.49,-4.59,trailing,109323.31
2024-07-03,2024-07-30,27,7.10,7.49,6.70,2742.97,1057.10,5.43,trailing,110380.41
2024-08-28,2024-09-26,29,8.07,8.53,7.61,2401.76,1114.31,5.75,trailing,111494.72
2025-01-29,2025-02-26,28,8.00,8.48,7.55,2468.93,1172.81,5.94,trailing,112667.52
2025-04-23,2025-06-13,51,10.11,11.36,9.53,1973.52,2477.21,12.42,trailing,115144.73
2025-08-22,2025-10-07,46,13.08,13.75,12.26,1406.81,943.60,5.13,trailing,116088.33
2025-10-29,2025-12-03,35,14.95,16.37,14.07,1321.74,1880.89,9.52,trailing,117969.22
2026-02-02,2026-02-26,24,14.87,16.54,13.89,1201.32,2006.20,11.23,fim_periodo,119975.42
2018-04-20,2018-05-11,21,8.20,8.00,7.62,1707.34,-350.34,-2.50,trailing,99649.66
2018-07-16,2018-07-30,14,7.27,7.04,6.77,1985.68,-468.74,-3.25,trailing,99180.93
2018-10-22,2018-11-13,22,7.47,7.69,6.90,1764.26,401.90,3.05,trailing,99582.83
2019-01-10,2019-02-11,32,9.25,9.99,8.71,1835.33,1348.86,7.94,trailing,100931.69
2019-05-27,2019-07-25,59,8.24,10.10,7.66,1754.56,3263.57,22.58,trailing,104195.26
2019-09-12,2019-10-07,25,11.95,12.13,11.16,1319.95,239.53,1.52,trailing,104434.79
2019-10-18,2019-10-29,11,13.12,12.58,12.37,1391.78,-757.69,-4.15,trailing,103677.10
2019-12-18,2020-01-31,44,14.07,16.09,13.30,1333.31,2685.68,14.31,trailing,106362.78
2020-07-08,2020-07-16,8,13.52,12.39,12.29,861.95,-977.60,-8.39,trailing,105385.18
2020-12-01,2020-12-22,21,11.70,11.64,10.60,952.03,-60.47,-0.54,trailing,105324.71
2021-04-06,2021-04-13,7,10.84,10.41,10.06,1343.53,-585.14,-4.02,trailing,104739.58
2021-06-01,2021-06-22,21,11.63,11.73,10.96,1562.06,154.88,0.85,trailing,104894.46
2022-01-31,2022-02-04,4,7.28,6.61,6.79,2179.06,-1461.32,-9.22,stop,103433.15
2022-03-24,2022-04-14,21,7.07,6.93,6.48,1745.61,-256.58,-2.08,trailing,103176.57
2022-05-31,2022-06-10,10,6.77,6.19,6.21,1844.21,-1067.35,-8.55,stop,102109.22
2022-08-10,2022-08-26,16,5.92,5.58,5.48,2359.88,-802.13,-5.75,trailing,101307.09
2023-06-20,2023-06-26,6,6.67,6.23,6.22,2250.88,-994.43,-6.62,trailing,100312.66
2023-11-14,2023-12-28,44,7.54,8.76,6.93,1646.34,2011.53,16.21,trailing,102324.20
2024-07-03,2024-07-18,15,6.90,6.78,6.37,1933.64,-221.64,-1.66,trailing,102102.56
2025-01-30,2025-02-07,8,5.03,4.61,4.60,2333.87,-980.90,-8.35,trailing,101121.66
2025-04-23,2025-05-12,19,6.30,6.23,5.73,1749.83,-133.71,-1.21,trailing,100987.94
2025-06-16,2025-07-02,16,7.38,6.97,6.73,1538.93,-632.09,-5.56,trailing,100355.85
2025-08-14,2025-09-22,39,7.21,7.92,6.71,2014.54,1430.33,9.85,trailing,101786.18
2025-11-06,2025-12-16,40,8.49,10.27,8.04,2246.94,3999.55,20.97,trailing,105785.72
2018-07-30,2018-08-10,11,3.16,3.11,3.01,6324.11,-332.02,-1.66,trailing,99667.98
2018-11-27,2019-02-11,76,3.62,4.50,3.47,5498.92,4811.56,24.14,trailing,104479.54
2019-04-23,2019-07-25,93,4.99,6.27,4.73,3980.17,5104.57,25.71,trailing,109584.11
2019-09-19,2019-10-16,27,7.00,7.39,6.61,2788.40,1080.50,5.54,trailing,110664.62
2020-06-25,2020-08-04,40,10.98,12.40,10.13,1305.78,1864.00,13.01,trailing,112528.62
2021-05-24,2021-06-10,17,16.99,17.22,15.85,986.23,226.83,1.35,trailing,112755.45
2022-02-16,2022-03-03,15,14.01,13.16,12.97,1086.28,-923.33,-6.07,trailing,111832.11
2022-05-26,2022-06-06,11,15.45,14.51,14.31,980.98,-922.12,-6.08,trailing,110909.99
2023-01-18,2023-01-23,5,12.96,12.06,11.97,1123.71,-1011.34,-6.94,trailing,109898.65
2023-11-23,2023-11-28,5,13.37,12.35,12.47,1215.69,-1240.01,-7.63,stop,108658.65
2024-07-09,2024-07-18,9,13.23,12.83,12.57,1642.61,-657.04,-3.02,trailing,108001.60
2025-01-27,2025-02-26,30,11.27,11.90,10.45,1312.29,826.74,5.59,trailing,108828.35
2025-05-07,2025-05-30,23,13.80,13.97,13.02,1395.24,237.19,1.23,trailing,109065.54
2025-09-10,2025-10-07,27,15.64,16.08,14.87,1394.70,613.67,2.81,trailing,109679.20
2026-01-21,2026-02-02,12,21.55,21.00,20.49,1017.90,-559.85,-2.55,trailing,109119.36
2018-10-30,2018-12-13,44,14.63,16.65,13.91,1367.06,2760.29,13.80,trailing,102760.29
2019-07-26,2019-08-12,17,23.64,23.34,22.71,869.37,-262.22,-1.28,trailing,102498.07
2019-10-29,2019-11-12,14,22.10,22.04,21.27,927.69,-55.05,-0.27,trailing,102443.02
2020-05-25,2020-06-24,30,21.09,21.66,19.56,666.07,377.90,2.69,trailing,102820.93
2020-11-17,2020-11-23,6,23.81,22.39,22.70,863.78,-1227.38,-5.97,stop,101593.55
2021-02-11,2021-02-22,11,24.33,22.46,23.19,835.01,-1560.93,-7.68,stop,100032.62
2021-06-10,2021-06-22,12,22.56,21.96,21.82,886.82,-532.67,-2.66,trailing,99499.95
2021-11-03,2021-11-17,14,22.16,21.71,21.12,897.86,-403.78,-2.03,trailing,99096.17
2022-01-28,2022-03-03,34,22.33,22.31,21.59,887.62,-12.10,-0.06,trailing,99084.07
2022-03-21,2022-04-26,36,23.39,24.30,22.65,847.15,768.65,3.88,trailing,99852.72
2022-05-24,2022-06-01,8,25.84,24.36,24.79,772.72,-1149.06,-5.75,stop,98703.66
2023-03-07,2023-03-17,10,24.21,23.94,23.28,815.52,-219.61,-1.11,trailing,98484.05
2023-04-20,2023-05-31,41,24.82,26.23,23.95,793.50,1115.63,5.66,trailing,99599.67
2023-09-20,2023-09-26,6,27.71,26.73,27.04,718.83,-702.08,-3.52,stop,98897.59
2023-11-13,2024-01-08,56,26.70,28.19,25.76,740.90,1104.83,5.59,trailing,100002.42
2024-07-03,2024-07-24,21,29.76,29.24,28.91,672.14,-345.75,-1.73,trailing,99656.66
2024-08-19,2024-08-28,9,30.77,30.02,29.89,647.71,-488.89,-2.45,trailing,99167.77
2025-04-30,2025-05-09,9,28.33,27.41,27.19,699.98,-646.50,-3.26,trailing,98521.27
2025-09-19,2025-09-26,7,29.70,28.60,28.52,663.43,-732.41,-3.72,trailing,97788.86
2026-02-11,2026-02-18,7,34.97,33.27,33.26,559.27,-950.76,-4.86,trailing,96838.10
2018-10-26,2018-12-06,41,11.00,12.00,10.30,1445.00,1447.69,9.11,trailing,101447.69
2019-06-07,2019-07-24,47,15.01,15.78,14.32,1351.72,1045.33,5.15,trailing,102493.02
2019-09-18,2019-10-01,13,17.35,16.91,16.59,1181.20,-519.10,-2.53,trailing,101973.92
2020-06-03,2020-08-10,68,17.72,21.22,16.27,703.47,2467.98,19.80,trailing,104441.90
2021-03-25,2021-05-03,39,19.39,21.07,18.04,772.55,1291.25,8.62,trailing,105733.15
2021-09-01,2021-09-08,7,23.37,21.89,21.99,770.08,-1135.30,-6.31,stop,104597.85
2022-02-04,2022-04-06,61,21.28,23.61,20.11,895.64,2091.96,10.98,trailing,106689.81
2022-08-04,2022-08-11,7,23.37,22.03,22.39,913.12,-1222.40,-5.73,stop,105467.41
2023-04-11,2023-04-26,15,25.55,24.89,23.88,629.75,-418.66,-2.60,trailing,105048.75
2023-05-19,2023-05-29,10,27.07,26.08,25.71,770.95,-761.83,-3.65,trailing,104286.92
2023-06-23,2023-08-01,39,29.09,30.52,27.61,704.01,1007.76,4.92,trailing,105294.68
2023-11-16,2023-12-04,18,31.78,31.40,30.22,662.69,-250.92,-1.19,trailing,105043.76
2024-07-09,2024-07-24,15,31.38,30.16,29.77,655.86,-799.51,-3.89,trailing,104244.24
2024-08-20,2024-09-02,13,33.61,31.99,31.72,553.07,-897.21,-4.83,trailing,103347.04
2025-01-30,2025-02-24,25,28.71,28.54,27.36,719.85,-121.90,-0.59,trailing,103225.13
2025-04-23,2025-05-22,29,32.63,34.66,31.05,632.75,1286.30,6.23,trailing,104511.43
2025-11-04,2025-12-05,31,36.21,39.10,34.83,577.19,1668.22,7.98,trailing,106179.65
2018-12-05,2019-02-13,70,12.09,13.73,11.21,1138.38,1870.30,13.59,trailing,101870.30
2019-06-05,2019-08-26,82,13.90,21.68,13.07,1223.34,9519.02,55.98,trailing,111389.32
2019-10-16,2019-11-12,27,25.34,25.30,23.71,683.86,-29.70,-0.17,trailing,111359.62
2019-12-12,2020-01-30,49,29.16,35.33,27.47,656.66,4046.11,21.13,trailing,115405.73
2020-06-02,2020-06-26,24,23.08,23.46,20.47,443.57,172.16,1.68,trailing,115577.90
2020-10-20,2020-10-28,8,24.67,23.31,22.86,639.72,-869.03,-5.51,trailing,114708.86
2020-11-27,2020-12-23,26,26.77,26.60,24.62,532.66,-90.03,-0.63,trailing,114618.83
2021-04-16,2021-04-28,12,21.33,20.68,19.79,741.26,-482.60,-3.05,trailing,114136.23
2022-07-12,2022-07-18,6,11.08,9.84,10.33,1513.83,-1872.55,-11.16,stop,112263.68
2022-08-10,2022-08-26,16,12.42,11.85,11.41,1112.40,-639.19,-4.63,trailing,111624.49
2022-09-30,2022-10-20,20,13.96,13.73,12.87,1019.10,-234.51,-1.65,trailing,111389.98
2023-03-15,2023-03-20,5,9.58,8.23,8.80,1427.52,-1938.45,-14.17,stop,109451.53
2023-05-05,2023-06-22,48,10.40,11.99,9.52,1245.42,1985.88,15.34,trailing,111437.41
2023-07-25,2023-08-30,36,14.24,15.52,13.19,1055.46,1350.96,8.99,trailing,112788.37
2023-11-28,2023-12-21,23,12.53,12.33,11.46,1054.27,-211.92,-1.60,trailing,112576.45
2024-07-16,2024-07-24,8,10.08,9.26,9.51,1978.38,-1619.71,-8.12,stop,110956.74
2024-08-19,2024-08-29,10,10.02,9.62,9.29,1528.01,-603.91,-3.95,trailing,110352.83
2025-01-27,2025-02-26,30,8.70,9.08,8.16,2035.15,776.72,4.39,trailing,111129.55
2025-08-07,2025-08-19,12,10.76,10.06,10.17,1880.69,-1330.43,-6.57,stop,109799.13
2025-10-28,2025-12-11,44,13.04,15.11,12.28,1451.14,3004.78,15.88,trailing,112803.90
2018-07-06,2018-07-27,21,17.57,17.75,16.30,789.97,143.30,1.03,trailing,100143.30
2019-01-14,2019-02-06,23,14.57,13.99,13.75,1224.21,-715.09,-4.01,trailing,99428.21
2019-06-10,2019-08-05,56,14.27,15.82,13.56,1393.21,2156.52,10.84,trailing,101584.73
2019-11-06,2020-01-29,84,17.72,21.44,17.05,1146.56,4262.55,20.98,trailing,105847.28
2020-06-02,2020-06-24,22,17.98,17.24,16.30,631.93,-465.80,-4.10,trailing,105381.48
2020-09-14,2020-09-23,9,20.36,19.58,19.14,863.72,-673.04,-3.83,trailing,104708.44
2021-05-20,2021-05-27,7,19.97,18.84,18.93,1010.86,-1139.09,-5.64,stop,103569.35
2022-01-20,2022-02-10,21,13.50,13.60,12.58,1126.45,106.94,0.70,trailing,103676.29
2022-06-02,2022-06-13,11,12.12,11.24,11.34,1333.45,-1179.06,-7.30,stop,102497.23
2023-05-19,2023-05-29,10,13.17,12.63,12.36,1270.98,-687.97,-4.11,trailing,101809.26
2023-10-02,2023-10-18,16,13.05,12.52,12.46,1560.45,-819.16,-4.02,trailing,100990.10
2023-11-10,2024-01-03,54,14.09,14.92,13.35,1367.94,1135.22,5.89,trailing,102125.32
2024-08-19,2024-09-23,35,13.83,14.04,13.30,1476.49,309.08,1.51,trailing,102434.41
2025-04-16,2025-05-09,23,11.42,11.51,10.78,1600.06,147.81,0.81,trailing,102582.22
2025-12-04,2025-12-05,1,15.39,14.49,14.75,1333.10,-1199.79,-5.85,stop,101382.43
2026-01-06,2026-02-26,51,15.59,17.39,14.82,1300.61,2341.09,11.55,fim_periodo,103723.52
2018-04-17,2018-05-02,15,8.55,8.27,7.98,1738.80,-495.57,-3.33,trailing,99504.43
2018-05-16,2018-05-22,6,9.29,8.64,8.69,1668.17,-1079.00,-6.96,stop,98425.42
2018-07-17,2018-08-10,24,8.26,8.22,7.60,1478.41,-68.04,-0.56,trailing,98357.39
2018-09-25,2018-10-04,9,9.01,8.36,8.45,1772.00,-1142.63,-7.16,stop,97214.76
2019-01-30,2019-02-06,7,8.40,7.98,7.90,1954.56,-833.85,-5.08,trailing,96380.91
2019-06-19,2019-07-12,23,7.88,7.75,7.51,2447.64,-309.24,-1.60,trailing,96071.67
2020-09-09,2020-09-29,20,10.92,10.75,10.05,1111.96,-189.18,-1.56,trailing,95882.48
2020-10-27,2020-10-28,1,12.55,11.81,11.70,1127.11,-832.97,-5.89,trailing,95049.51
2020-12-01,2021-01-19,49,12.72,13.82,11.76,988.13,1082.88,8.61,trailing,96132.39
2021-03-16,2021-03-23,7,15.56,14.36,14.06,641.13,-769.72,-7.71,trailing,95362.67
2021-08-11,2021-08-16,5,17.55,16.60,16.52,925.15,-880.73,-5.42,trailing,94481.93
2021-12-02,2021-12-20,18,16.74,16.51,15.40,704.85,-157.79,-1.34,trailing,94324.14
2022-03-10,2022-03-15,5,18.39,16.79,16.91,637.27,-1021.18,-8.71,stop,93302.96
2022-03-18,2022-04-07,20,18.58,17.85,16.96,575.93,-421.08,-3.94,trailing,92881.88
2022-05-27,2022-06-09,13,18.28,17.19,16.91,678.42,-742.51,-5.99,trailing,92139.37
2022-10-18,2022-10-28,10,16.76,16.38,15.84,1004.04,-385.25,-2.29,trailing,91754.12
2023-01-18,2023-02-01,14,23.01,22.12,21.58,640.22,-568.78,-3.86,trailing,91185.34
2023-06-14,2023-06-22,8,19.38,18.72,18.27,827.50,-541.82,-3.38,trailing,90643.52
2023-07-24,2023-08-07,14,20.85,20.67,19.88,869.55,-155.28,-0.86,trailing,90488.24
2023-11-10,2023-11-24,14,17.98,17.22,17.19,1006.44,-764.44,-4.22,trailing,89723.80
2024-04-04,2024-04-23,19,17.88,17.51,17.02,1003.58,-368.69,-2.05,trailing,89355.10
2024-06-28,2024-07-23,25,17.34,17.02,16.59,1030.66,-330.58,-1.85,trailing,89024.52
2024-10-02,2024-10-11,9,18.40,17.51,17.59,967.68,-864.05,-4.85,stop,88160.47
2024-12-03,2024-12-13,10,20.13,19.29,19.06,825.10,-692.28,-4.17,trailing,87468.19
2025-05-27,2025-05-30,3,15.73,14.92,14.91,1070.36,-868.95,-5.16,trailing,86599.23
2025-09-05,2025-09-12,7,17.18,16.06,16.41,1007.89,-1132.15,-6.54,stop,85467.09
2025-10-17,2025-11-19,33,17.74,18.49,16.91,963.76,726.56,4.25,trailing,86193.64
2026-01-06,2026-02-05,30,21.05,22.01,20.12,818.94,786.19,4.56,trailing,86979.83
2018-04-13,2018-05-02,19,3.21,3.20,2.99,4662.70,-38.61,-0.26,trailing,99961.39
2018-07-12,2018-08-10,29,2.98,3.13,2.74,4127.22,583.96,4.74,trailing,100545.36
2019-01-30,2019-02-06,7,3.25,3.03,3.07,5526.78,-1245.08,-6.93,stop,99300.28
2019-06-19,2019-07-11,22,3.06,3.04,2.92,6484.49,-167.59,-0.84,trailing,99132.69
2019-09-10,2019-09-24,14,2.84,2.71,2.62,4701.23,-570.66,-4.28,trailing,98562.03
2020-12-01,2021-01-19,49,4.75,5.13,4.42,2971.83,1127.29,7.99,trailing,99689.32
2021-03-16,2021-03-23,7,5.72,5.31,5.20,1929.29,-781.82,-7.09,trailing,98907.50
2021-04-07,2021-05-14,37,6.07,6.85,5.64,2322.76,1810.13,12.84,trailing,100717.63
2021-12-10,2021-12-20,10,6.60,6.08,6.16,2282.26,-1198.72,-7.96,stop,99518.90
2022-03-18,2022-04-06,19,6.64,6.54,6.12,1927.07,-178.93,-1.40,trailing,99339.97
2022-05-27,2022-06-09,13,6.85,6.61,6.38,2088.89,-503.02,-3.51,trailing,98836.95
2022-08-11,2022-08-19,8,6.00,5.74,5.62,2610.78,-683.70,-4.36,trailing,98153.25
2022-10-18,2022-10-28,10,6.60,6.45,6.27,2966.98,-464.12,-2.37,trailing,97689.13
2023-01-12,2023-02-02,21,8.51,8.15,8.03,2018.85,-729.93,-4.25,trailing,96959.20
2023-06-14,2023-06-28,14,7.57,7.38,7.17,2485.42,-449.89,-2.39,trailing,96509.31
2023-11-10,2023-11-29,19,7.32,7.19,6.99,2635.33,-353.43,-1.83,trailing,96155.88
2024-04-02,2024-04-24,22,7.29,7.30,7.01,2638.93,36.63,0.19,trailing,96192.51
2024-07-02,2024-07-23,21,7.64,7.46,7.38,2519.35,-444.51,-2.31,trailing,95748.00
2024-10-02,2024-10-08,6,7.90,7.64,7.53,2425.24,-621.07,-3.24,trailing,95126.93
2024-12-02,2024-12-13,11,8.29,8.13,7.84,2089.96,-330.97,-1.91,trailing,94795.96
2025-03-25,2025-03-28,3,6.94,6.76,6.66,2731.50,-494.24,-2.61,trailing,94301.71
2025-05-27,2025-05-30,3,6.46,6.11,6.16,2919.55,-1024.09,-5.43,stop,93277.62
2025-09-05,2025-09-12,7,7.19,6.82,6.88,2595.35,-956.69,-5.13,stop,92320.93
2025-10-13,2025-11-18,36,7.56,8.03,7.23,2443.42,1144.77,6.20,trailing,93465.70
2025-12-11,2026-02-05,56,8.65,9.85,8.28,2161.63,2598.89,13.90,trailing,96064.59
2018-12-13,2019-02-06,55,86.78,97.46,79.86,144.49,1543.77,12.31,trailing,101543.77
2019-09-23,2019-11-04,42,157.94,165.99,148.34,105.77,851.96,5.10,trailing,102395.73
2020-06-03,2020-07-02,29,172.98,180.97,157.83,67.59,539.77,4.62,trailing,102935.50
2021-11-11,2021-11-24,13,206.00,187.85,187.73,56.37,-1022.59,-8.81,trailing,101912.91
2022-01-25,2022-02-08,14,180.30,170.70,162.63,57.68,-553.69,-5.32,trailing,101359.22
2022-08-08,2022-08-31,23,102.45,109.20,90.99,88.45,597.01,6.59,trailing,101956.23
2023-05-05,2023-06-26,52,43.95,61.65,38.25,178.87,3166.01,40.27,trailing,105122.24
2023-07-31,2023-08-16,16,72.00,70.95,65.80,169.69,-178.17,-1.46,trailing,104944.07
2023-11-16,2023-11-30,14,70.65,65.55,63.23,141.34,-720.83,-7.22,trailing,104223.24
2024-05-14,2024-05-28,14,66.75,62.25,61.83,211.84,-953.26,-6.74,trailing,103269.98
2024-08-02,2024-08-29,27,64.50,64.35,60.57,262.77,-39.42,-0.23,trailing,103230.56
2025-08-14,2025-09-12,29,37.77,39.33,34.97,368.15,574.32,4.13,trailing,103804.88
2018-07-06,2018-07-12,6,21.49,20.49,20.09,713.38,-719.96,-4.70,trailing,99280.04
2018-11-28,2018-12-14,16,24.15,23.49,22.79,727.32,-485.37,-2.76,trailing,98794.67
2019-05-07,2019-06-04,28,22.28,22.63,21.17,886.45,302.22,1.53,trailing,99096.88
2019-09-05,2019-10-02,27,26.15,25.48,24.54,613.98,-412.70,-2.57,trailing,98684.18
2019-12-26,2020-01-22,27,28.45,28.28,27.23,693.80,-115.74,-0.59,trailing,98568.44
2020-04-22,2020-04-24,2,27.02,24.06,23.48,278.30,-823.44,-10.95,trailing,97745.00
2020-06-02,2020-06-26,24,27.34,27.06,25.19,454.18,-127.46,-1.03,trailing,97617.54
2020-12-08,2021-01-26,49,26.65,28.19,24.86,546.48,841.79,5.78,trailing,98459.32
2021-04-05,2021-05-03,28,27.53,28.54,25.82,576.73,584.77,3.68,trailing,99044.10
2021-05-28,2021-06-09,12,30.09,29.34,28.57,654.43,-489.51,-2.49,trailing,98554.59
2021-08-02,2021-08-16,14,31.02,29.75,29.39,606.44,-767.68,-4.08,trailing,97786.90
2022-01-26,2022-03-07,40,25.59,27.37,24.13,668.19,1188.76,6.95,trailing,98975.66
2022-06-01,2022-06-09,8,36.01,33.35,33.77,442.88,-1176.10,-7.38,stop,97799.56
2022-07-29,2022-08-18,20,37.01,35.69,34.78,439.10,-580.01,-3.57,trailing,97219.55
2022-10-10,2022-10-25,15,41.19,40.39,39.24,472.08,-375.90,-1.93,trailing,96843.65
2023-05-19,2023-06-22,34,35.00,38.45,33.26,553.37,1910.83,9.87,trailing,98754.48
2024-08-12,2024-08-27,15,27.94,27.82,26.51,687.46,-83.02,-0.43,trailing,98671.46
2025-02-11,2025-02-26,15,18.24,18.30,17.26,1015.46,67.58,0.36,trailing,98739.05
2025-10-29,2025-12-05,37,24.16,25.04,22.81,732.44,643.79,3.64,trailing,99382.84
2026-01-28,2026-02-04,7,26.17,22.99,24.78,714.47,-2272.02,-12.15,stop,97110.82
2018-07-13,2018-08-09,27,4.39,4.51,4.14,3966.47,481.10,2.76,trailing,100481.10
2018-10-08,2018-12-10,63,4.95,5.22,4.65,3339.27,886.53,5.36,trailing,101367.63
2019-01-08,2019-02-06,29,5.72,5.69,5.45,3543.63,-125.93,-0.62,trailing,101241.71
2019-09-26,2019-10-01,5,6.52,6.29,6.26,3104.96,-709.14,-3.50,trailing,100532.57
2019-10-22,2019-11-13,22,6.59,6.56,6.33,3051.38,-88.97,-0.44,trailing,100443.60
2019-12-18,2020-01-08,21,6.80,6.68,6.56,2953.45,-373.88,-1.86,trailing,100069.72
2020-06-02,2020-06-24,22,4.82,4.94,4.43,2535.43,294.91,2.41,trailing,100364.63
2020-07-20,2020-08-04,15,5.27,5.16,4.99,3614.90,-383.91,-2.02,trailing,99980.72
2021-05-14,2021-06-25,42,5.51,5.97,5.27,3626.48,1655.14,8.28,trailing,101635.85
2022-01-25,2022-02-22,28,5.53,5.81,5.30,3673.98,1022.62,5.03,trailing,102658.48
2022-03-24,2022-04-06,13,6.20,5.95,5.89,3297.87,-845.47,-4.13,trailing,101813.01
2022-08-04,2022-08-31,27,5.12,5.30,4.89,3980.63,728.07,3.58,trailing,102541.08
2022-09-19,2022-10-26,37,5.55,5.88,5.34,3695.17,1222.76,5.96,trailing,103763.84
2023-04-11,2023-05-02,21,5.62,5.59,5.39,3694.45,-98.58,-0.48,trailing,103665.25
2023-06-09,2023-07-11,32,6.17,6.50,5.95,3358.01,1086.61,5.24,trailing,104751.87
2023-11-10,2024-01-11,62,6.59,7.48,6.33,3180.15,2828.64,13.50,trailing,107580.50
2024-02-20,2024-03-22,31,8.04,7.95,7.75,2676.14,-231.62,-1.08,trailing,107348.89
2024-05-13,2024-05-24,11,7.78,7.65,7.50,2760.79,-339.44,-1.58,trailing,107009.44
2024-07-03,2024-07-31,28,7.75,7.91,7.49,2759.81,429.32,2.01,trailing,107438.77
2025-01-27,2025-02-26,30,7.78,7.97,7.49,2763.12,542.95,2.53,trailing,107981.72
2025-04-22,2025-06-02,41,9.07,9.83,8.65,2381.55,1812.29,8.39,trailing,109794.01
2025-08-12,2025-10-02,51,10.02,10.22,9.62,2191.94,441.03,2.01,trailing,110235.04
2025-10-31,2026-02-26,118,10.67,14.61,10.36,2066.68,8147.13,36.95,fim_periodo,118382.17
2018-07-12,2018-08-08,27,16.07,16.80,15.15,1089.46,792.99,4.53,trailing,100792.99
2018-10-02,2018-12-10,69,17.18,19.71,16.30,1139.82,2876.14,14.69,trailing,103669.13
2019-01-09,2019-02-06,28,21.70,20.75,20.62,955.34,-912.26,-4.40,trailing,102756.88
2019-05-29,2019-06-13,15,20.80,20.37,19.84,987.89,-429.40,-2.09,trailing,102327.48
2019-07-04,2019-07-19,15,22.18,21.83,21.27,922.62,-326.43,-1.60,trailing,102001.05
2019-10-28,2019-11-12,15,22.91,22.01,21.87,890.37,-806.80,-3.95,trailing,101194.25
2019-12-26,2020-01-07,12,23.02,22.29,22.00,879.29,-636.04,-3.14,trailing,100558.22
2020-06-02,2020-06-24,22,16.07,16.44,14.66,713.56,267.89,2.34,trailing,100826.10
2021-05-20,2021-06-23,34,19.05,20.73,18.02,980.93,1645.28,8.81,trailing,102471.38
2022-01-25,2022-02-23,29,16.03,16.90,15.18,1207.48,1052.52,5.44,trailing,103523.91
2022-03-29,2022-04-07,9,18.50,17.80,17.57,1118.08,-776.55,-3.76,trailing,102747.36
2022-05-23,2022-06-08,16,17.19,16.73,16.28,1120.63,-518.00,-2.69,trailing,102229.36
2022-08-04,2022-08-31,27,16.36,17.45,15.60,1250.07,1364.77,6.68,trailing,103594.13
2023-01-18,2023-01-23,5,18.38,17.50,17.40,1060.06,-931.14,-4.78,trailing,102662.99
2023-04-11,2023-05-02,21,17.86,17.47,16.91,1091.38,-423.13,-2.17,trailing,102239.86
2023-06-09,2023-07-11,32,19.52,20.16,18.73,1047.80,677.47,3.31,trailing,102917.33
2024-02-19,2024-03-05,15,25.30,25.29,24.34,813.46,-9.16,-0.04,trailing,102908.17
2024-05-14,2024-05-22,8,25.22,24.49,24.20,816.11,-591.39,-2.87,trailing,102316.78
2024-07-03,2024-08-01,29,25.03,25.43,24.16,817.60,328.43,1.60,trailing,102645.21
2025-01-27,2025-02-24,28,25.83,26.49,24.85,794.72,523.18,2.55,trailing,103168.39
2025-04-22,2025-06-02,41,29.95,33.36,28.65,688.89,2345.76,11.37,trailing,105514.14
2025-08-12,2025-09-12,31,34.50,34.25,33.14,611.72,-149.51,-0.71,trailing,105364.63
2018-05-16,2018-05-24,8,13.56,12.86,12.78,1285.04,-894.34,-5.13,trailing,99105.66
2019-01-09,2019-02-12,34,11.00,11.48,10.37,1586.48,759.89,4.36,trailing,99865.55
2019-10-23,2020-02-03,103,10.37,13.63,9.98,1925.50,6273.56,31.41,trailing,106139.10
2020-04-27,2020-05-21,24,11.96,12.66,10.41,683.09,480.80,5.89,trailing,106619.90
2020-12-30,2021-01-29,30,17.63,18.53,16.68,1119.72,1003.75,5.08,trailing,107623.65
2021-07-05,2021-07-15,10,17.88,17.46,16.99,1203.70,-511.55,-2.38,trailing,107112.11
2021-12-10,2022-01-05,26,17.29,17.30,16.25,1030.08,13.90,0.08,trailing,107126.01
2022-03-18,2022-03-28,10,18.01,17.11,16.95,1005.00,-908.20,-5.02,trailing,106217.81
2022-08-12,2022-08-26,14,14.35,13.91,13.51,1259.63,-552.41,-3.06,trailing,105665.40
2022-10-10,2022-11-21,42,13.72,15.45,13.04,1540.05,2658.90,12.58,trailing,108324.30
2023-05-08,2023-06-01,24,14.93,15.60,14.19,1451.01,966.99,4.46,trailing,109291.29
2023-11-22,2023-11-30,8,17.95,17.30,17.19,1217.82,-784.32,-3.59,trailing,108506.97
2024-01-08,2024-01-18,10,17.30,16.60,16.61,1254.59,-871.93,-4.02,stop,107635.03
2024-02-27,2024-04-15,48,17.41,19.03,16.70,1236.71,2012.14,9.35,trailing,109647.17
2024-11-29,2025-01-02,34,19.91,20.83,18.95,1101.54,1018.00,4.64,trailing,110665.17
2025-05-07,2025-05-28,21,17.39,17.57,16.61,1272.84,225.32,1.02,trailing,110890.49
2025-11-04,2025-11-18,14,17.21,16.82,16.61,1288.93,-493.24,-2.22,trailing,110397.25
2026-02-09,2026-02-26,17,19.82,20.82,18.92,1114.00,1114.00,5.05,fim_periodo,111511.25
2018-12-21,2019-01-15,25,23.30,23.19,21.84,683.46,-71.48,-0.45,trailing,99928.52
2019-02-14,2019-03-01,15,27.67,27.03,25.65,494.67,-314.39,-2.30,trailing,99614.13
2019-04-23,2019-05-17,24,27.49,28.14,25.75,573.63,370.18,2.35,trailing,99984.31
2019-06-11,2019-08-07,57,31.72,35.19,29.98,576.45,2000.56,10.94,trailing,101984.87
2019-11-28,2020-02-26,90,36.29,43.20,34.23,494.90,3421.00,19.05,trailing,105405.88
2020-05-27,2020-06-26,30,33.45,34.50,29.69,280.23,295.60,3.15,trailing,105701.47
2020-10-14,2020-10-30,16,52.97,52.10,49.16,277.13,-240.34,-1.64,trailing,105461.14
2021-04-08,2021-04-22,14,54.76,52.41,50.92,274.47,-645.18,-4.29,trailing,104815.95
2021-12-15,2021-12-23,8,51.25,47.43,47.08,251.22,-958.78,-7.45,trailing,103857.17
2022-02-15,2022-02-25,10,52.49,49.83,48.41,254.25,-676.23,-5.07,trailing,103180.95
2022-03-25,2022-04-08,14,52.70,50.17,48.43,241.43,-611.52,-4.81,trailing,102569.43
2022-08-03,2022-08-26,23,51.87,53.91,48.89,344.75,703.52,3.93,trailing,103272.95
2022-10-19,2022-10-26,7,60.98,55.86,56.94,255.81,-1307.76,-8.38,stop,101965.20
2023-01-25,2023-02-09,15,52.58,50.34,48.77,267.44,-598.68,-4.26,trailing,101366.52
2023-11-10,2024-01-02,53,51.44,55.99,48.52,346.42,1575.80,8.84,trailing,102942.32
2024-07-09,2024-07-18,9,41.29,40.40,38.74,404.68,-357.32,-2.14,trailing,102585.00
2024-10-24,2024-10-29,5,40.82,39.55,38.54,449.88,-569.92,-3.10,trailing,102015.08
2025-03-26,2025-05-14,49,33.10,38.25,30.77,437.79,2254.82,15.56,trailing,104269.90
2025-06-16,2025-06-20,4,43.34,41.67,40.43,357.81,-596.32,-3.85,trailing,103673.58
2025-09-04,2025-10-06,32,36.09,37.77,33.94,480.23,803.77,4.64,trailing,104477.35
2025-11-04,2025-12-16,42,40.42,44.76,38.33,500.84,2177.64,10.76,trailing,106654.99
2026-02-03,2026-02-26,23,50.65,50.94,47.47,335.82,97.39,0.57,fim_periodo,106752.38
2018-07-10,2018-08-02,23,18.41,18.38,17.05,734.83,-26.62,-0.20,trailing,99973.38
2018-10-02,2018-12-10,69,20.00,23.15,18.60,712.37,2242.00,15.73,trailing,102215.38
2019-01-24,2019-02-06,13,26.96,26.21,25.33,627.66,-468.29,-2.77,trailing,101747.09
2019-06-10,2019-07-19,39,30.11,31.77,28.28,553.66,915.92,5.49,trailing,102663.01
2019-12-04,2020-01-31,58,35.70,38.82,33.93,575.14,1796.79,8.75,trailing,104459.81
2020-06-02,2020-06-23,21,28.54,28.37,25.21,313.58,-55.24,-0.62,trailing,104404.57
2020-09-01,2020-09-11,10,30.86,29.25,28.43,429.74,-691.17,-5.21,trailing,103713.40
2021-03-19,2021-04-09,21,28.98,28.32,26.47,414.03,-274.04,-2.28,trailing,103439.36
2021-05-26,2021-06-16,21,31.67,32.10,29.57,492.95,210.41,1.35,trailing,103649.77
2021-11-11,2021-11-24,13,25.84,23.31,23.39,423.56,-1070.99,-9.78,stop,102578.78
2022-01-26,2022-02-07,12,21.25,19.67,19.38,549.57,-866.74,-7.42,trailing,101712.04
2022-04-01,2022-04-12,11,22.38,20.18,20.10,446.32,-982.96,-9.84,trailing,100729.08
2022-06-01,2022-06-09,8,20.75,19.42,19.23,666.37,-882.60,-6.38,trailing,99846.48
2023-05-17,2023-06-16,30,14.82,16.18,13.48,749.06,1019.33,9.18,trailing,100865.81
2023-11-22,2024-01-04,43,12.19,13.34,11.09,919.51,1058.32,9.44,trailing,101924.12
2024-03-13,2024-03-15,2,13.90,12.66,12.97,1091.50,-1354.80,-8.93,stop,100569.32
2025-01-30,2025-02-05,6,13.14,12.31,12.19,1059.27,-881.48,-6.33,trailing,99687.84
2025-04-02,2025-04-07,5,12.45,11.63,11.52,1073.78,-876.09,-6.55,trailing,98811.74
2025-11-27,2025-12-04,7,15.62,14.80,14.63,996.39,-823.43,-5.29,trailing,97988.31
2026-01-27,2026-02-26,30,15.23,16.12,14.21,965.40,859.21,5.84,fim_periodo,98847.52
2018-03-22,2018-04-10,19,25.42,25.29,23.54,531.00,-69.35,-0.51,trailing,99930.65
2018-08-02,2018-08-16,14,36.57,36.43,34.06,397.15,-58.38,-0.40,trailing,99872.28
2018-12-18,2019-01-15,28,47.01,47.45,44.04,335.79,148.18,0.94,trailing,100020.46
2019-06-10,2019-08-22,73,54.42,74.02,50.63,263.79,5170.81,36.02,trailing,105191.27
2019-10-04,2019-11-12,39,83.37,93.49,77.65,183.87,1859.27,12.13,trailing,107050.54
2019-12-10,2020-02-07,59,100.38,116.90,94.02,168.24,2779.81,16.46,trailing,109830.34
2020-04-16,2020-06-05,50,98.23,128.15,82.00,67.64,2023.69,30.46,trailing,111854.03
2020-08-27,2020-09-08,12,198.50,189.24,184.30,78.78,-729.37,-4.66,trailing,111124.66
2021-06-24,2021-07-01,7,187.09,178.79,175.60,96.76,-802.71,-4.43,trailing,110321.95
2021-07-14,2021-07-26,12,198.29,190.60,185.51,86.30,-664.23,-3.88,trailing,109657.72
2022-03-29,2022-04-08,10,60.53,53.01,52.57,137.68,-1035.85,-12.43,trailing,108621.87
2023-01-23,2023-02-10,18,34.94,34.50,29.95,217.69,-94.13,-1.24,trailing,108527.74
2023-12-13,2023-12-19,6,21.88,18.68,18.79,351.54,-1124.80,-14.62,stop,107402.95
2024-02-23,2024-03-06,12,19.88,19.05,17.73,499.97,-416.03,-4.19,trailing,106986.91
2024-07-05,2024-07-18,13,12.66,11.71,11.32,801.91,-756.25,-7.45,trailing,106230.66
2024-08-19,2024-08-29,10,12.87,11.92,11.52,788.05,-750.46,-7.40,trailing,105480.20
2025-02-17,2025-02-24,7,7.36,6.35,6.57,1332.78,-1343.15,-13.69,stop,104137.05
2025-06-03,2025-06-09,6,9.76,9.03,8.59,888.25,-651.38,-7.51,trailing,103485.67
2025-09-05,2025-09-30,25,8.83,9.14,8.08,1380.68,433.93,3.56,trailing,103919.60
2025-11-24,2025-12-10,16,9.43,9.51,8.53,1154.66,98.97,0.91,trailing,104018.57
2026-02-09,2026-02-24,15,10.97,10.13,9.94,1012.84,-850.79,-7.66,trailing,103167.78
2018-07-13,2018-08-10,28,9.85,10.00,9.27,1750.11,275.59,1.60,trailing,100275.59
2018-12-27,2019-01-18,22,10.32,9.82,9.67,1537.05,-771.42,-4.86,trailing,99504.17
2019-05-08,2019-05-17,9,12.70,12.59,11.99,1399.21,-154.73,-0.87,trailing,99349.44
2019-12-06,2020-01-10,35,17.12,19.25,15.92,833.97,1778.91,12.46,trailing,101128.35
2020-05-25,2020-07-24,60,15.16,17.65,13.53,619.89,1538.54,16.37,trailing,102666.89
2020-10-20,2020-10-28,8,17.43,15.98,16.24,861.61,-1249.15,-8.32,stop,101417.74
2021-04-09,2021-04-20,11,17.36,16.81,16.12,814.19,-448.21,-3.17,trailing,100969.52
2022-09-19,2022-09-27,8,12.56,11.57,11.28,789.53,-783.36,-7.90,trailing,100186.16
2023-05-05,2023-06-23,49,8.12,11.12,7.20,1091.35,3274.06,36.95,trailing,103460.22
2023-07-24,2023-08-09,16,13.98,13.75,12.58,741.65,-170.58,-1.65,trailing,103289.64
2023-11-14,2023-11-29,15,10.49,9.66,9.41,959.05,-796.01,-7.91,trailing,102493.63
2024-05-20,2024-05-23,3,7.54,6.96,6.97,1804.47,-1046.59,-7.69,stop,101447.04
2024-08-27,2024-09-03,7,7.75,7.23,7.10,1548.81,-805.38,-6.71,trailing,100641.66
2025-10-31,2025-12-05,35,7.56,8.47,7.01,1826.53,1662.14,12.04,trailing,102303.80
2026-02-05,2026-02-26,21,8.74,10.49,7.97,1332.08,2331.14,20.02,fim_periodo,104634.94
2018-07-13,2018-08-07,25,15.67,15.59,14.78,1121.75,-89.18,-0.51,trailing,99910.82
2018-12-12,2018-12-17,5,19.01,18.42,17.95,948.64,-554.63,-3.08,trailing,99356.19
2019-01-30,2019-02-12,13,20.68,20.21,19.74,960.72,-456.19,-2.30,trailing,98900.00
2019-04-26,2019-05-13,17,19.43,18.66,18.38,940.21,-718.86,-3.94,trailing,98181.14
2019-06-04,2019-07-23,49,20.27,22.45,19.15,873.25,1896.99,10.72,trailing,100078.13
2019-12-12,2020-02-06,56,25.07,27.63,23.97,798.26,2037.10,10.18,trailing,102115.23
2020-06-03,2020-06-15,12,19.27,17.73,17.02,454.71,-699.11,-7.98,trailing,101416.12
2021-03-11,2021-04-08,28,18.61,19.49,17.25,747.89,654.49,4.70,trailing,102070.62
2021-05-28,2021-06-17,20,21.33,21.40,19.89,708.31,53.13,0.35,trailing,102123.74
2021-11-10,2021-11-26,16,17.44,16.38,15.96,694.23,-734.83,-6.07,trailing,101388.91
2022-01-20,2022-03-02,41,16.76,18.30,15.60,868.03,1337.00,9.19,trailing,102725.92
2023-01-25,2023-02-03,9,20.58,19.91,19.13,708.69,-475.76,-3.26,trailing,102250.16
2023-02-17,2023-03-03,14,21.95,20.72,20.58,746.34,-916.36,-5.59,trailing,101333.80
2023-04-11,2023-04-24,13,22.93,22.24,21.54,729.04,-504.88,-3.02,trailing,100828.92
2023-11-16,2024-01-02,47,24.69,25.58,23.25,696.75,620.44,3.61,trailing,101449.35
2024-07-11,2024-07-25,14,22.92,22.16,21.90,885.27,-669.17,-3.30,trailing,100780.19
2025-02-03,2025-02-21,18,21.75,21.34,20.75,926.89,-374.42,-1.86,trailing,100405.77
2025-04-24,2025-06-05,42,24.43,25.50,23.08,741.93,792.83,4.37,trailing,101198.60
2025-09-11,2025-10-02,21,28.08,27.98,26.89,720.85,-68.86,-0.34,trailing,101129.74
2025-11-10,2025-12-05,25,28.73,27.67,27.66,703.91,-751.69,-3.72,trailing,100378.06
2026-01-21,2026-02-26,36,30.36,35.86,28.98,661.25,3636.89,18.12,fim_periodo,104014.94
2018-04-30,2018-05-23,23,6.12,6.21,5.79,3019.61,278.79,1.51,trailing,100278.79
2018-07-20,2018-08-10,21,5.15,5.23,4.77,2664.07,213.36,1.56,trailing,100492.15
2018-09-27,2018-11-07,41,5.74,7.04,5.40,2910.80,3770.40,22.55,trailing,104262.55
2019-03-15,2019-03-22,7,7.85,7.50,7.51,2655.80,-922.67,-4.42,stop,103339.88
2019-06-11,2019-07-02,21,7.58,7.49,7.20,2725.69,-258.73,-1.25,trailing,103081.15
2019-09-09,2019-10-02,23,7.58,7.52,7.13,2314.23,-136.75,-0.78,trailing,102944.40
2019-12-12,2019-12-16,4,8.77,8.33,8.42,2347.06,-1037.08,-5.04,stop,101907.32
2020-02-19,2020-02-21,2,8.77,8.37,8.33,2282.12,-924.05,-4.62,trailing,100983.27
2020-07-14,2020-07-31,17,6.58,6.38,6.16,2436.95,-489.56,-3.05,trailing,100493.71
2020-11-17,2021-01-15,59,6.80,8.08,6.25,1812.22,2305.48,18.70,trailing,102799.19
2021-05-14,2021-07-05,52,7.81,8.56,7.32,2100.14,1589.68,9.70,trailing,104388.87
2021-08-12,2021-09-01,20,8.64,8.50,8.13,2062.57,-275.21,-1.54,trailing,104113.66
2021-10-01,2021-10-19,18,8.81,8.81,8.22,1783.54,5.61,0.04,trailing,104119.27
2021-12-03,2021-12-22,19,10.16,9.95,9.48,1517.76,-321.75,-2.09,trailing,103797.52
2022-05-13,2022-05-30,17,13.25,12.92,12.47,1329.40,-436.69,-2.48,trailing,103360.83
2022-07-22,2022-09-06,46,12.63,16.98,11.85,1315.58,5718.20,34.40,trailing,109079.03
2022-10-19,2022-10-26,7,18.74,17.30,17.36,793.11,-1136.94,-7.65,stop,107942.10
2023-01-17,2023-02-02,16,14.44,13.88,13.42,1055.53,-597.36,-3.92,trailing,107344.74
2023-04-17,2023-05-02,15,15.12,14.50,14.28,1281.61,-793.62,-4.10,trailing,106551.12
2023-12-20,2024-01-19,30,26.66,27.50,25.53,799.39,673.63,3.16,trailing,107224.75
2024-04-10,2024-05-15,35,29.01,30.20,27.54,731.64,868.77,4.09,trailing,108093.51
2024-06-28,2024-07-22,24,30.78,30.67,29.45,702.47,-73.87,-0.34,trailing,108019.65
2024-08-26,2024-09-06,11,32.92,31.24,31.37,656.35,-1102.85,-5.10,stop,106916.79
2024-12-09,2024-12-18,9,33.31,32.27,32.03,642.02,-665.94,-3.11,trailing,106250.86
2025-07-30,2025-08-08,9,31.06,28.94,30.02,684.12,-1452.56,-6.84,stop,104798.30
2025-09-10,2025-09-19,9,30.55,30.11,29.59,686.18,-299.33,-1.43,trailing,104498.97
2026-01-22,2026-02-26,35,33.58,39.51,32.33,622.39,3690.76,17.66,fim_periodo,108189.73
2018-08-29,2018-10-29,61,1.83,2.29,1.65,5517.88,2540.77,25.16,trailing,102540.77
2019-01-18,2019-01-28,10,2.23,2.14,2.09,7032.69,-631.93,-4.03,trailing,101908.84
2019-09-19,2019-09-27,8,3.62,3.39,3.34,3692.93,-825.89,-6.18,trailing,101082.95
2019-10-30,2020-02-10,103,3.69,8.72,3.50,5103.09,25627.38,135.95,trailing,126710.33
2022-01-18,2022-02-03,16,23.88,22.70,21.71,582.98,-686.81,-4.93,trailing,126023.52
2022-07-29,2022-08-19,21,24.18,23.93,22.16,624.57,-155.89,-1.03,trailing,125867.63
2023-01-19,2023-02-14,26,40.46,40.79,37.67,451.86,153.39,0.84,trailing,126021.01
2023-04-12,2023-04-26,14,36.37,33.45,33.61,457.00,-1336.86,-8.04,stop,124684.15
2023-07-07,2023-08-16,40,39.29,45.91,36.75,492.45,3259.69,16.85,trailing,127943.83
2023-09-14,2023-09-21,7,49.17,46.37,46.69,515.48,-1446.19,-5.71,stop,126497.65
2024-04-04,2024-04-17,13,50.05,48.73,46.97,410.44,-541.78,-2.64,trailing,125955.87
2025-01-10,2025-01-23,13,42.63,41.48,40.32,545.26,-627.05,-2.70,trailing,125328.81
2025-03-26,2025-04-03,8,40.62,36.83,38.10,498.33,-1888.65,-9.33,stop,123440.16
2025-05-12,2025-06-24,43,38.56,41.56,35.15,361.68,1085.03,7.78,trailing,124525.19
2026-01-02,2026-02-26,55,41.76,52.85,39.79,596.39,6613.91,26.56,fim_periodo,131139.10
2019-06-07,2019-07-17,40,12.46,13.54,11.82,1549.60,1665.82,8.63,trailing,101665.82
2019-09-11,2019-11-13,63,16.49,18.97,15.70,1233.24,3060.94,15.05,trailing,104726.76
2020-01-17,2020-02-07,21,20.26,21.10,19.28,1034.01,872.72,4.17,trailing,105599.48
2020-06-02,2020-06-12,10,19.89,19.00,18.53,778.87,-692.79,-4.47,trailing,104906.69
2020-11-13,2020-11-26,13,23.77,22.30,21.95,575.38,-850.18,-6.22,trailing,104056.51
2021-03-22,2021-04-01,10,22.98,21.59,21.33,630.40,-877.98,-6.06,trailing,103178.52
2021-05-10,2021-05-12,2,24.14,22.39,22.92,842.70,-1478.22,-7.27,stop,101700.30
2021-05-24,2021-06-11,18,24.77,23.61,23.20,647.44,-753.34,-4.70,trailing,100946.96
2022-06-06,2022-06-13,7,19.46,17.98,18.23,820.40,-1212.53,-7.59,stop,99734.43
2022-07-14,2022-07-20,6,18.41,17.50,17.21,829.63,-755.20,-4.94,trailing,98979.22
2022-10-28,2022-11-10,13,22.28,21.86,20.94,742.40,-306.26,-1.85,trailing,98672.97
2023-01-24,2023-02-02,9,22.21,21.71,21.09,881.75,-443.83,-2.27,trailing,98229.13
2023-03-30,2023-04-03,4,22.40,21.46,21.32,877.08,-819.89,-4.17,trailing,97409.24
2023-05-02,2023-06-05,34,24.00,25.90,22.87,811.72,1540.97,7.91,trailing,98950.21
2023-11-28,2024-01-09,42,27.86,27.44,26.37,663.89,-281.00,-1.52,trailing,98669.21
2024-03-19,2024-04-01,13,26.24,25.34,24.99,751.92,-682.44,-3.46,trailing,97986.78
2024-05-20,2024-05-24,4,26.38,24.73,25.16,742.96,-1226.60,-6.26,stop,96760.18
2025-10-03,2025-12-05,63,18.25,22.27,16.97,755.14,3037.65,22.04,trailing,99797.83
2026-01-21,2026-01-29,8,25.64,24.48,24.26,722.01,-837.54,-4.52,trailing,98960.30
2021-04-12,2021-05-04,22,58.01,57.80,54.28,268.07,-56.35,-0.36,trailing,99943.65
2021-08-20,2021-08-31,11,63.78,57.98,60.00,264.98,-1535.88,-9.09,stop,98407.78
2022-02-09,2022-03-14,33,40.72,43.18,37.19,278.48,685.18,6.04,trailing,99092.95
2022-07-29,2022-08-22,24,27.98,29.14,25.44,390.26,451.77,4.14,trailing,99544.73
2023-05-12,2023-06-28,47,22.14,27.82,20.15,501.26,2850.36,25.69,trailing,102395.09
2023-11-14,2024-01-03,50,22.20,24.25,20.23,519.25,1064.46,9.23,trailing,103459.55
2024-05-06,2024-05-24,18,24.13,25.70,22.76,757.65,1189.11,6.50,trailing,104648.66
2024-07-09,2024-07-23,14,25.50,24.79,23.92,661.59,-466.12,-2.76,trailing,104182.54
2025-01-22,2025-02-24,33,25.00,25.54,23.59,738.90,400.44,2.17,trailing,104582.98
2025-04-24,2025-06-06,43,28.10,32.58,26.59,691.29,3091.40,15.91,trailing,107674.38
2025-08-18,2025-10-07,50,34.93,37.56,33.22,616.51,1624.09,7.54,trailing,109298.48
2025-10-31,2025-11-21,21,39.84,41.00,38.41,548.75,640.56,2.93,trailing,109939.03
2018-04-12,2018-05-14,32,13.38,13.56,12.60,1277.86,230.58,1.35,trailing,100230.58
2018-07-12,2018-07-27,15,13.94,13.68,12.92,978.12,-260.10,-1.91,trailing,99970.48
2018-10-03,2018-10-24,21,14.44,14.24,13.59,1182.75,-235.89,-1.38,trailing,99734.60
2018-11-21,2018-12-03,12,16.88,15.94,15.68,833.46,-783.63,-5.57,trailing,98950.97
2019-01-10,2019-02-13,34,16.59,18.10,15.60,998.00,1507.01,9.10,trailing,100457.98
2019-06-13,2019-08-01,49,18.84,20.56,17.90,1066.31,1832.96,9.12,trailing,102290.94
2019-11-29,2020-01-03,35,23.20,24.34,22.08,881.77,1004.90,4.91,trailing,103295.84
2020-06-08,2020-06-24,16,22.95,21.92,20.92,507.31,-525.15,-4.51,trailing,102770.69
2021-05-10,2021-05-12,2,20.35,19.19,19.24,920.18,-1066.16,-5.69,stop,101704.53
2021-11-25,2021-12-23,28,17.01,16.78,15.92,936.11,-213.36,-1.34,trailing,101491.17
2022-03-24,2022-04-18,25,17.27,17.14,15.86,724.52,-89.45,-0.72,trailing,101401.72
2022-06-02,2022-06-13,11,17.45,16.17,16.42,990.30,-1261.64,-7.30,stop,100140.08
2022-08-03,2022-09-13,41,17.08,18.82,16.33,1172.92,2040.72,10.19,trailing,102180.80
2022-10-31,2022-11-07,7,21.05,19.22,19.40,617.67,-1127.51,-8.67,stop,101053.29
2023-04-17,2023-06-23,67,18.73,20.82,17.71,995.21,2076.75,11.14,trailing,103130.04
2023-07-21,2023-08-11,21,22.28,21.75,21.16,925.53,-485.63,-2.36,trailing,102644.41
2024-07-04,2024-07-30,26,20.46,21.27,19.51,1003.28,807.69,3.93,trailing,103452.10
2025-02-04,2025-02-21,17,17.95,17.32,17.03,1124.41,-711.23,-3.52,trailing,102740.87
2025-04-17,2025-05-09,22,18.09,17.11,16.83,810.29,-799.87,-5.46,trailing,101940.99
2025-06-03,2025-06-20,17,18.77,17.97,17.45,770.21,-620.01,-4.29,trailing,101320.98
2025-09-29,2025-10-14,15,15.65,15.37,14.77,1151.37,-322.38,-1.79,trailing,100998.60
2026-02-09,2026-02-26,17,15.47,16.56,14.54,1088.35,1186.30,7.05,fim_periodo,102184.90
2018-07-24,2018-08-10,17,20.91,20.16,19.73,845.33,-633.95,-3.59,trailing,99366.05
2019-06-04,2019-06-25,21,40.41,38.19,36.68,266.39,-592.28,-5.50,trailing,98773.77
2019-07-11,2019-08-15,35,42.82,43.51,40.38,404.14,277.25,1.60,trailing,99051.02
2019-10-22,2019-11-11,20,43.48,43.95,40.85,376.62,180.55,1.10,trailing,99231.57
2019-12-09,2020-01-03,25,49.34,49.19,46.47,344.90,-54.16,-0.32,trailing,99177.41
2020-01-23,2020-02-10,18,51.77,50.69,49.40,383.18,-411.72,-2.08,trailing,98765.69
2020-02-19,2020-02-26,7,54.94,50.75,51.52,288.70,-1209.81,-7.63,stop,97555.87
2021-03-18,2021-04-19,32,36.06,35.67,33.00,319.00,-125.39,-1.09,trailing,97430.49
2021-09-27,2021-10-20,23,32.91,32.65,30.90,484.82,-129.63,-0.81,trailing,97300.86
2021-12-13,2022-01-04,22,33.81,33.51,31.97,528.65,-159.58,-0.89,trailing,97141.28
2022-07-28,2022-08-12,15,39.35,38.61,37.43,493.67,-369.44,-1.90,trailing,96771.84
2022-08-25,2022-09-15,21,42.67,43.22,40.33,413.99,229.63,1.30,trailing,97001.47
2023-05-26,2023-07-11,46,48.43,49.80,45.53,334.23,456.98,2.82,trailing,97458.45
2023-11-22,2024-02-27,97,59.76,72.11,57.25,326.16,4028.28,20.67,trailing,101486.73
2024-07-09,2024-08-29,51,77.66,87.91,73.06,220.52,2259.78,13.20,trailing,103746.51
2025-02-04,2025-02-24,20,89.93,89.42,85.68,230.72,-119.07,-0.57,trailing,103627.44
2025-03-27,2025-06-02,67,95.85,110.06,91.37,216.23,3072.01,14.82,trailing,106699.45
2025-09-05,2025-10-02,27,118.93,121.22,112.84,175.12,400.31,1.92,trailing,107099.76
2025-11-05,2025-12-05,30,129.78,130.89,125.05,165.05,182.35,0.85,trailing,107282.12
2026-02-02,2026-02-26,24,143.54,155.88,136.58,149.48,1844.59,8.60,fim_periodo,109126.71
2018-07-20,2018-08-15,26,20.34,21.29,19.07,787.82,748.93,4.67,trailing,100748.93
2018-10-02,2018-11-06,35,22.52,24.83,21.11,711.61,1640.55,10.24,trailing,102389.48
2019-01-10,2019-02-06,27,29.33,29.48,27.61,593.79,88.02,0.51,trailing,102477.50
2019-04-23,2019-04-30,7,28.66,27.97,26.96,603.40,-416.23,-2.41,trailing,102061.27
2019-07-04,2019-07-24,20,29.63,28.71,28.31,688.88,-632.71,-3.10,trailing,101428.56
2019-09-27,2019-10-02,5,28.65,27.36,27.20,700.86,-906.94,-4.52,trailing,100521.62
2019-10-22,2019-11-08,17,29.95,29.41,28.51,671.15,-363.15,-1.81,trailing,100158.47
2019-12-27,2020-01-15,19,30.40,29.75,29.40,659.04,-427.40,-2.13,trailing,99731.07
2020-10-22,2020-11-06,15,22.38,21.41,20.79,629.29,-610.84,-4.34,trailing,99120.23
2021-08-31,2021-09-02,2,29.85,28.10,28.48,664.19,-1162.79,-5.87,stop,97957.45
2022-03-17,2022-04-11,25,27.10,27.73,25.55,630.25,398.12,2.33,trailing,98355.57
2022-05-24,2022-06-01,8,27.13,26.00,25.75,712.93,-805.55,-4.17,trailing,97550.02
2022-08-10,2022-08-31,21,23.84,23.56,22.71,818.41,-228.25,-1.17,trailing,97321.77
2023-01-06,2023-01-23,17,23.81,22.88,22.70,817.37,-765.00,-3.93,trailing,96556.77
2023-02-16,2023-02-28,12,24.61,23.47,23.28,729.48,-832.41,-4.64,trailing,95724.36
2023-06-21,2023-06-28,7,26.28,25.31,25.06,728.54,-703.40,-3.67,trailing,95020.95
2023-11-09,2023-12-06,27,25.24,26.44,24.04,752.89,904.34,4.76,trailing,95925.30
2024-07-17,2024-08-07,21,25.84,25.39,24.82,742.41,-333.39,-1.74,trailing,95591.90
2024-08-19,2024-09-11,23,27.72,27.90,26.43,689.74,124.35,0.65,trailing,95716.25
2025-01-22,2025-02-27,36,23.18,24.40,22.24,825.76,1006.75,5.26,trailing,96723.00
2025-04-29,2025-05-30,31,26.78,28.03,25.36,681.11,854.13,4.68,trailing,97577.14
2025-09-05,2025-09-25,20,28.06,27.47,26.88,695.59,-407.83,-2.09,trailing,97169.31
2025-10-29,2025-12-05,37,29.22,32.49,28.07,665.20,2175.96,11.20,trailing,99345.28
2019-09-16,2019-10-03,17,29.94,28.23,27.84,476.34,-811.15,-5.69,trailing,99188.85
2019-12-26,2020-01-27,32,35.56,35.74,33.72,540.61,99.14,0.52,trailing,99287.99
2020-05-05,2020-05-18,13,36.33,35.96,32.28,245.30,-89.97,-1.01,trailing,99198.02
2020-07-24,2020-09-02,40,36.94,42.80,34.77,456.20,2673.17,15.86,trailing,101871.19
2020-12-30,2021-03-12,72,51.12,64.84,47.72,299.27,4105.69,26.84,trailing,105976.87
2021-12-01,2022-01-07,37,50.69,51.80,47.26,308.48,342.12,2.19,trailing,106318.99
2022-03-18,2022-03-25,7,56.78,50.15,52.62,255.98,-1696.58,-11.67,stop,104622.41
2022-08-09,2022-08-24,15,43.86,42.83,41.20,393.55,-408.08,-2.36,trailing,104214.34
2022-10-10,2022-11-25,46,43.13,49.11,40.80,447.89,2678.42,13.87,trailing,106892.76
2023-05-15,2023-06-22,38,39.74,42.48,37.43,462.74,1264.37,6.87,trailing,108157.13
2023-08-03,2023-08-24,21,45.98,45.71,44.10,470.48,-126.37,-0.58,trailing,108030.76
2023-12-20,2024-01-10,21,51.09,50.97,48.93,422.90,-52.11,-0.24,trailing,107978.64
2024-03-04,2024-04-09,36,55.40,59.04,52.87,389.79,1418.78,6.57,trailing,109397.42
2024-08-20,2024-09-03,14,52.96,51.74,50.41,413.15,-501.27,-2.29,trailing,108896.16
2024-10-07,2024-11-26,50,52.88,56.21,50.81,411.85,1370.23,6.29,trailing,110266.39
2018-04-04,2018-04-09,5,9.83,9.19,9.49,2035.14,-1295.62,-6.48,stop,98704.38
2018-07-16,2018-08-10,25,9.50,9.45,9.11,2076.94,-118.30,-0.60,trailing,98586.09
2018-11-05,2018-11-26,21,11.20,11.04,10.60,1640.48,-258.73,-1.41,trailing,98327.36
2019-01-03,2019-02-06,34,12.41,12.94,11.81,1584.07,834.24,4.24,trailing,99161.60
2019-04-22,2019-05-13,21,13.44,13.06,12.79,1475.37,-564.44,-2.85,trailing,98597.16
2019-05-31,2019-07-26,56,13.81,14.51,13.24,1427.76,1003.44,5.09,trailing,99600.60
2019-08-13,2019-08-15,2,15.37,14.74,14.77,1296.32,-816.74,-4.10,stop,98783.86
2019-09-19,2019-09-26,7,15.67,15.06,15.05,1260.72,-767.39,-3.88,trailing,98016.47
2019-12-05,2020-01-09,35,15.78,16.39,15.33,1242.61,763.49,3.89,trailing,98779.96
2020-05-25,2020-06-16,22,16.13,16.02,15.28,1160.09,-118.08,-0.63,trailing,98661.89
2021-03-15,2021-05-07,53,20.59,24.71,19.61,958.31,3945.13,19.99,trailing,102607.02
2021-05-24,2021-06-17,24,26.21,26.04,25.02,782.86,-138.56,-0.68,trailing,102468.47
2021-08-09,2021-08-26,17,26.32,25.00,25.42,778.68,-1025.96,-5.01,stop,101442.50
2022-07-22,2022-08-25,34,28.98,30.08,27.96,700.14,774.70,3.82,trailing,102217.20
2023-01-12,2023-02-07,26,27.85,28.25,26.64,734.05,291.80,1.43,trailing,102509.01
2023-05-11,2023-05-31,20,29.53,29.41,28.32,694.18,-82.96,-0.40,trailing,102426.05
2023-11-10,2023-12-07,27,29.44,29.88,28.52,695.77,306.27,1.50,trailing,102732.31
2024-03-28,2024-04-12,15,30.69,30.17,30.00,669.39,-350.84,-1.71,trailing,102381.48
2024-05-20,2024-05-28,8,31.26,30.80,30.32,655.07,-300.78,-1.47,trailing,102080.69
2024-07-11,2024-07-18,7,31.08,30.36,30.49,656.86,-475.60,-2.33,stop,101605.09
2024-08-19,2024-09-11,23,31.83,31.75,31.04,638.40,-51.68,-0.25,trailing,101553.41
2025-03-20,2025-03-31,11,31.77,30.86,30.93,639.37,-580.30,-2.86,stop,100973.11
2025-08-29,2025-10-09,41,34.14,35.13,33.16,591.47,584.93,2.90,trailing,101558.04
2026-02-20,2026-02-26,6,45.01,44.46,42.74,446.61,-245.63,-1.22,fim_periodo,101312.41
2018-04-10,2018-04-25,15,13.05,12.57,12.58,1532.20,-736.24,-3.68,stop,99263.76
2019-02-19,2019-03-06,15,13.67,13.42,13.02,1452.66,-357.11,-1.80,trailing,98906.64
2019-07-16,2019-07-26,10,15.53,15.04,14.78,1273.62,-629.81,-3.18,trailing,98276.83
2019-10-18,2019-10-25,7,15.74,14.88,15.11,1248.48,-1083.56,-5.51,stop,97193.27
2019-12-13,2020-01-31,49,15.98,17.89,15.31,1216.52,2325.72,11.96,trailing,99518.99
2020-06-08,2020-06-26,18,17.20,17.14,16.36,1157.39,-69.30,-0.35,trailing,99449.69
2020-11-17,2020-11-23,6,16.86,15.87,15.95,1090.49,-1083.70,-5.89,stop,98365.99
2021-02-02,2021-02-18,16,17.14,16.99,16.29,1148.12,-164.62,-0.84,trailing,98201.37
2021-06-07,2021-06-21,14,17.48,17.11,16.85,1123.77,-408.99,-2.08,trailing,97792.38
2022-02-09,2022-02-15,6,20.07,19.44,19.23,974.28,-618.45,-3.16,trailing,97173.93
2022-03-22,2022-04-12,21,21.34,21.15,20.39,910.78,-174.57,-0.90,trailing,96999.36
2023-01-18,2023-02-02,15,16.97,16.77,16.18,1143.00,-232.80,-1.20,trailing,96766.56
2023-04-14,2023-05-24,40,17.48,17.82,16.73,1107.26,373.29,1.93,trailing,97139.84
2023-06-14,2023-06-26,12,19.29,18.37,18.43,1007.29,-923.06,-4.75,stop,96216.78
2023-09-18,2023-10-27,39,19.35,19.71,18.66,994.36,354.95,1.84,trailing,96571.73
2024-07-10,2024-07-30,20,21.72,21.82,20.95,889.22,92.52,0.48,trailing,96664.26
2025-05-06,2025-05-21,15,27.39,26.72,26.00,697.99,-467.77,-2.45,trailing,96196.49
2025-06-11,2025-07-18,37,29.01,30.29,27.77,663.26,850.60,4.42,trailing,97047.09
2025-08-11,2025-09-02,22,32.64,32.93,31.40,594.65,172.27,0.89,trailing,97219.36
2025-11-12,2025-12-03,21,34.87,34.11,33.35,557.59,-422.59,-2.17,trailing,96796.76
2018-07-17,2018-08-02,16,8.81,8.78,8.41,2268.88,-85.98,-0.43,trailing,99914.02
2018-11-26,2018-12-17,21,8.52,8.54,7.82,1418.76,17.30,0.14,trailing,99931.32
2019-02-05,2019-02-07,2,10.53,10.00,9.80,1383.09,-723.16,-4.97,trailing,99208.16
2019-02-26,2019-05-03,66,10.73,12.99,10.02,1392.53,3150.81,21.09,trailing,102358.98
2019-06-14,2019-06-25,11,13.87,13.07,13.10,1326.44,-1056.51,-5.74,stop,101302.47
2019-07-04,2019-08-27,54,14.31,15.98,13.58,1392.34,2333.39,11.71,trailing,103635.86
2019-10-01,2019-10-14,13,17.97,17.65,17.13,1153.55,-372.34,-1.80,trailing,103263.52
2019-11-18,2019-12-03,15,19.78,19.21,18.76,1006.04,-575.23,-2.89,trailing,102688.29
2020-01-17,2020-02-27,41,22.32,22.71,20.96,756.75,298.78,1.77,trailing,102987.07
2020-06-03,2020-09-04,93,19.92,25.67,17.97,528.78,3041.90,28.88,trailing,106028.97
2020-12-30,2021-01-06,7,26.80,24.56,25.02,595.61,-1333.98,-8.36,stop,104694.99
2021-01-19,2021-01-29,10,27.55,26.50,25.70,567.24,-592.88,-3.79,trailing,104102.12
2021-05-03,2021-05-12,9,30.37,28.48,28.64,601.60,-1137.34,-6.22,stop,102964.77
2021-05-31,2021-07-19,49,32.26,35.02,29.93,442.36,1221.34,8.56,trailing,104186.11
2021-09-01,2021-09-08,7,38.09,35.09,35.77,449.41,-1349.23,-7.88,stop,102836.88
2022-02-15,2022-04-14,58,28.55,33.07,25.97,398.54,1799.93,15.82,trailing,104636.81
2022-08-03,2022-08-30,27,25.67,27.47,23.76,546.08,983.08,7.01,trailing,105619.89
2023-01-18,2023-02-07,20,28.45,28.00,25.90,414.13,-185.99,-1.58,trailing,105433.90
2023-05-18,2023-06-05,18,27.77,27.42,26.18,662.70,-227.97,-1.24,trailing,105205.93
2024-08-21,2024-09-02,12,30.35,28.60,28.82,689.77,-1206.70,-5.76,stop,103999.23
2025-01-22,2025-03-07,44,28.88,33.62,27.16,603.80,2861.76,16.41,trailing,106861.00
2025-04-22,2025-06-05,44,36.57,40.33,34.59,539.84,2029.80,10.28,trailing,108890.80
2025-07-30,2025-08-11,12,43.48,42.52,41.17,472.64,-450.58,-2.19,trailing,108440.22
2025-09-24,2025-10-02,8,45.85,43.71,43.83,473.00,-1013.24,-4.67,stop,107426.98
2025-11-14,2025-11-21,7,47.96,43.12,45.54,442.79,-2144.13,-10.10,stop,105282.85
2018-11-28,2019-02-06,70,8.43,9.76,7.71,1384.86,1831.23,15.68,trailing,101831.23
2019-09-17,2019-10-07,20,6.97,6.70,6.43,1878.79,-509.41,-3.89,trailing,101321.82
2020-05-21,2020-06-16,26,6.10,6.49,5.33,1311.55,510.99,6.38,trailing,101832.81
2020-09-09,2020-09-23,14,8.12,7.97,7.47,1571.83,-233.30,-1.83,trailing,101599.51
2021-03-26,2021-04-27,32,7.94,7.73,7.14,1261.92,-268.32,-2.68,trailing,101331.19
2021-11-25,2021-12-20,25,11.81,11.96,10.74,950.34,142.83,1.27,trailing,101474.03
2022-05-26,2022-06-06,11,12.53,11.61,11.42,910.44,-840.94,-7.37,trailing,100633.09
2022-08-03,2022-08-31,28,11.73,11.79,11.03,1434.62,87.51,0.52,trailing,100720.59
2023-04-11,2023-04-26,15,12.93,12.43,12.11,1224.59,-612.71,-3.87,trailing,100107.88
2023-06-21,2023-06-27,6,16.09,15.65,15.24,1184.28,-519.77,-2.73,trailing,99588.11
2023-07-13,2023-07-20,7,17.37,16.56,16.49,1135.68,-917.13,-4.65,trailing,98670.99
2024-01-26,2024-02-02,7,25.19,24.59,24.06,783.45,-467.04,-2.37,trailing,98203.95
2024-08-16,2024-08-29,13,21.88,21.11,20.54,729.73,-565.56,-3.54,trailing,97638.39
2025-03-20,2025-04-04,15,16.62,15.95,15.54,906.00,-603.50,-4.01,trailing,97034.89
2025-08-20,2025-10-03,44,16.90,20.01,15.74,841.56,2620.88,18.43,trailing,99655.77
2025-11-06,2025-11-21,15,21.11,20.80,20.02,916.86,-279.98,-1.45,trailing,99375.78
2018-07-24,2018-08-09,16,7.10,6.71,6.45,1538.44,-593.22,-5.43,trailing,99406.78
2018-10-03,2018-11-06,34,6.99,7.81,6.33,1509.22,1247.04,11.82,trailing,100653.82
2019-01-10,2019-01-23,13,8.19,7.71,7.49,1427.44,-690.61,-5.91,trailing,99963.20
2021-01-06,2021-01-15,9,12.79,12.13,11.53,797.88,-522.05,-5.12,trailing,99441.15
2021-02-23,2021-03-23,28,12.71,13.45,11.62,907.19,666.85,5.78,trailing,100108.00
2021-07-12,2021-07-19,7,16.44,15.52,15.41,969.20,-890.02,-5.59,trailing,99217.98
2021-08-04,2021-08-16,12,17.38,16.28,16.13,793.31,-876.78,-6.36,trailing,98341.20
2021-12-06,2021-12-28,22,12.77,12.90,11.37,704.02,95.28,1.06,trailing,98436.47
2022-08-11,2022-08-22,11,8.62,8.16,7.95,1462.48,-674.22,-5.35,trailing,97762.25
2022-08-23,2022-08-26,3,8.95,7.99,8.24,1378.80,-1322.14,-10.71,stop,96440.11
2023-01-18,2023-02-02,15,7.50,7.29,7.08,2314.07,-469.40,-2.71,trailing,95970.71
2023-05-17,2023-05-24,7,7.46,7.14,6.96,1928.37,-615.15,-4.27,trailing,95355.57
2023-11-14,2024-01-08,55,6.83,8.56,6.46,2529.34,4376.57,25.32,trailing,99732.14
2024-02-15,2024-03-11,25,9.55,10.00,8.96,1702.51,773.50,4.76,trailing,100505.64
2024-06-27,2024-07-24,27,8.00,8.11,7.55,2248.45,247.33,1.37,trailing,100752.97
2025-01-30,2025-02-28,29,5.64,5.71,5.22,2398.88,167.92,1.24,trailing,100920.89
2025-09-08,2025-09-18,10,4.60,4.38,4.31,3541.08,-779.04,-4.78,trailing,100141.85
2025-10-21,2025-11-13,23,4.96,5.27,4.65,3179.11,985.52,6.25,trailing,101127.38
2018-04-17,2018-05-25,38,24.13,27.04,22.95,828.95,2416.72,12.08,trailing,102416.72
2018-07-18,2018-07-20,2,27.03,25.59,25.59,713.91,-1023.79,-5.31,trailing,101392.93
2018-07-30,2018-08-15,16,28.54,27.24,27.11,707.29,-916.59,-4.54,trailing,100476.34
2019-01-17,2019-01-28,11,29.31,22.89,27.53,566.13,-3631.72,-21.89,stop,96844.62
2019-03-07,2019-03-28,21,26.41,26.64,24.80,601.53,143.04,0.90,trailing,96987.66
2019-04-01,2019-04-22,21,28.43,27.72,26.88,624.86,-439.01,-2.47,trailing,96548.65
2019-07-01,2019-07-03,2,28.99,27.72,27.77,665.98,-849.41,-4.40,stop,95699.23
2019-09-10,2019-09-24,14,26.07,25.36,24.69,691.70,-489.72,-2.72,trailing,95209.52
2020-07-08,2020-08-07,30,31.80,33.54,30.16,581.38,1009.50,5.46,trailing,96219.02
2020-11-16,2021-01-20,65,37.52,53.36,35.69,512.89,8122.00,42.21,trailing,104341.02
2021-02-18,2021-03-19,29,56.29,57.25,52.76,295.62,281.88,1.69,trailing,104622.90
2021-12-02,2022-01-04,33,49.97,52.41,46.21,278.87,680.67,4.89,trailing,105303.57
2022-06-01,2022-06-10,9,62.30,59.70,58.63,286.99,-745.65,-4.17,trailing,104557.92
2022-09-30,2022-10-14,14,53.50,51.86,50.05,303.24,-497.68,-3.07,trailing,104060.24
2022-11-30,2023-02-01,63,63.65,69.64,58.88,218.30,1307.94,9.41,trailing,105368.18
2023-07-24,2023-08-02,9,53.19,51.09,50.92,396.18,-832.69,-3.95,trailing,104535.49
2023-09-14,2023-09-25,11,55.01,52.25,52.69,380.07,-1049.53,-5.02,stop,103485.96
2023-11-14,2023-12-06,22,57.75,58.53,55.16,358.41,279.20,1.35,trailing,103765.16
2025-07-22,2025-07-28,6,52.79,50.64,50.38,393.14,-844.56,-4.07,trailing,102920.60
2025-08-22,2026-02-18,180,52.06,83.92,50.33,395.36,12594.41,61.19,trailing,115515.01
2018-07-16,2018-08-08,23,7.51,7.84,7.12,2557.51,848.59,4.42,trailing,100848.59
2018-09-06,2018-10-04,28,8.43,8.28,7.96,2136.90,-315.50,-1.75,trailing,100533.09
2019-01-14,2019-02-08,25,8.22,8.26,7.79,2340.81,101.76,0.53,trailing,100634.85
2019-04-23,2019-04-30,7,8.43,8.13,8.00,2360.25,-692.25,-3.48,trailing,99942.60
2019-06-12,2019-08-14,63,8.62,10.17,8.22,2319.01,3588.63,17.95,trailing,103531.23
2019-09-13,2019-10-04,21,10.44,10.41,9.84,1710.03,-52.99,-0.30,trailing,103478.24
2019-10-22,2020-01-08,78,10.91,14.93,10.45,1896.65,7627.61,36.86,trailing,111105.85
2020-06-04,2020-08-18,75,19.42,30.10,18.02,791.11,8448.12,54.98,trailing,119553.97
2021-01-05,2021-01-29,24,35.25,37.30,33.09,552.95,1129.70,5.80,trailing,120683.67
2021-04-15,2021-04-20,5,35.02,33.04,33.11,629.28,-1247.00,-5.66,stop,119436.67
2021-09-22,2021-10-04,12,36.48,34.89,34.26,539.30,-858.59,-4.36,trailing,118578.08
2022-03-28,2022-04-11,14,30.50,29.55,28.29,536.62,-511.45,-3.12,trailing,118066.63
2022-07-05,2022-07-18,13,24.57,23.75,22.85,687.88,-562.87,-3.33,trailing,117503.77
2022-08-04,2022-08-22,18,26.33,26.46,24.66,702.37,89.86,0.49,trailing,117593.63
2022-09-12,2022-09-27,15,29.06,27.50,27.42,718.07,-1119.88,-5.37,trailing,116473.75
2022-10-10,2022-11-22,43,31.36,35.60,29.48,620.18,2627.85,13.51,trailing,119101.60
2023-03-08,2023-03-22,14,37.02,36.48,35.21,643.48,-348.27,-1.46,trailing,118753.34
2023-03-24,2023-04-03,10,37.39,36.54,35.95,635.20,-539.38,-2.27,trailing,118213.95
2023-11-28,2024-01-05,38,31.95,33.50,30.66,740.03,1150.13,4.86,trailing,119364.08
2024-02-27,2024-04-01,34,34.71,35.73,33.02,687.74,701.01,2.94,trailing,120065.09
2024-06-25,2024-09-06,73,39.10,50.00,37.69,614.16,6694.37,27.88,trailing,126759.46
2024-12-10,2024-12-23,13,53.85,51.42,51.61,470.80,-1141.90,-4.50,stop,125617.56
2025-04-24,2025-04-30,6,46.43,42.66,44.31,541.06,-2042.35,-8.13,stop,123575.21
2025-10-16,2025-11-21,36,37.10,41.72,35.40,666.25,3080.54,12.46,trailing,126655.75
2026-02-12,2026-02-19,7,54.03,51.37,50.64,373.51,-993.52,-4.92,trailing,125662.23
