combo,time_stop,score_limiar,ticker,data_entrada,data_saida,dias,entrada,saida,pnl_pct,ret_bova,ret_rel,motivo,score_entrada,score_saida
T5_SX,5,X,ALOS3,2023-06-02,2023-06-12,5,19.49,19.83,1.72,4.24,-2.52,time_stop,8,5
T5_SX,5,X,ALOS3,2023-12-14,2023-12-21,5,22.54,22.84,1.33,1.16,0.17,time_stop,7,5
T5_SX,5,X,ALOS3,2025-11-14,2025-11-24,5,27.22,26.94,-1.00,-1.29,0.29,time_stop,7,7
T5_SX,5,X,ALOS3,2026-01-23,2026-01-28,3,29.19,30.65,5.00,3.24,1.76,take_profit,6,5
T5_SX,5,X,ABEV3,2022-07-29,2022-08-05,5,11.39,10.99,-3.50,3.46,-6.96,time_stop,7,2
T5_SX,5,X,ABEV3,2023-03-29,2023-04-05,5,11.61,11.41,-1.77,-0.93,-0.84,time_stop,7,5
T5_SX,5,X,ABEV3,2024-10-02,2024-10-09,5,11.42,10.90,-4.53,-2.70,-1.83,time_stop,7,4
T5_SX,5,X,ABEV3,2024-12-03,2024-12-04,1,11.05,11.60,5.00,0.06,4.94,take_profit,7,7
T5_SX,5,X,ABEV3,2025-02-27,2025-03-05,2,10.26,10.78,5.00,-1.40,6.40,take_profit,6,6
T5_SX,5,X,ANIM3,2022-11-01,2022-11-04,2,5.95,6.24,5.00,1.05,3.95,take_profit,7,6
T5_SX,5,X,ANIM3,2024-03-04,2024-03-11,5,4.55,4.34,-4.55,-1.75,-2.80,time_stop,7,5
T5_SX,5,X,ANIM3,2025-05-12,2025-05-19,5,4.15,4.36,5.00,2.27,2.73,take_profit,6,6
T5_SX,5,X,ANIM3,2026-01-08,2026-01-15,5,4.03,4.04,0.25,1.85,-1.60,time_stop,6,5
T5_SX,5,X,ANIM3,2026-01-23,2026-01-27,2,4.95,5.20,5.00,1.44,3.56,take_profit,6,5
T5_SX,5,X,ASAI3,2022-07-28,2022-08-04,5,15.92,16.21,1.88,3.41,-1.53,time_stop,7,5
T5_SX,5,X,ASAI3,2025-05-28,2025-06-04,5,11.20,11.35,1.32,-1.40,2.72,time_stop,6,7
T5_SX,5,X,AURE3,2025-07-24,2025-07-31,5,9.68,9.27,-4.24,-0.69,-3.55,time_stop,6,3
T5_SX,5,X,AXIA3,2022-04-08,2022-04-13,3,35.03,36.78,5.00,-1.28,6.28,take_profit,7,5
T5_SX,5,X,AXIA3,2022-10-24,2022-10-31,5,42.33,43.57,2.93,0.01,2.92,time_stop,8,6
T5_SX,5,X,AXIA3,2025-08-08,2025-08-11,1,39.86,41.85,5.00,-0.31,5.31,take_profit,8,8
T5_SX,5,X,AXIA3,2025-10-20,2025-10-27,5,52.95,52.71,-0.46,1.93,-2.39,time_stop,7,6
T5_SX,5,X,AXIA6,2022-04-08,2022-04-13,3,24.63,25.86,5.00,-1.28,6.28,take_profit,6,5
T5_SX,5,X,AXIA6,2022-04-14,2022-04-25,5,26.40,26.14,-0.98,-4.38,3.40,time_stop,8,5
T5_SX,5,X,AXIA6,2022-08-05,2022-08-12,5,32.54,31.59,-2.91,5.74,-8.65,time_stop,8,6
T5_SX,5,X,AXIA6,2022-11-01,2022-11-09,5,34.48,33.72,-2.22,-2.71,0.49,time_stop,7,7
T5_SX,5,X,AXIA6,2024-02-21,2024-02-28,5,32.71,32.36,-1.09,0.06,-1.15,time_stop,8,6
T5_SX,5,X,AXIA6,2024-08-01,2024-08-08,5,30.78,29.87,-2.94,1.26,-4.20,time_stop,6,6
T5_SX,5,X,AXIA6,2025-08-08,2025-08-11,1,33.92,35.61,5.00,-0.31,5.31,take_profit,7,8
T5_SX,5,X,AXIA6,2025-09-18,2025-09-25,5,39.65,40.75,2.76,-0.18,2.94,time_stop,8,7
T5_SX,5,X,AXIA6,2025-11-03,2025-11-10,5,45.62,47.90,5.00,3.31,1.69,take_profit,8,7
T5_SX,5,X,AXIA6,2025-11-17,2025-11-25,5,49.67,51.50,3.68,-0.53,4.21,time_stop,8,7
T5_SX,5,X,AXIA6,2026-02-20,2026-02-27,5,65.98,66.86,1.33,-0.82,2.15,time_stop,8,8
T5_SX,5,X,AZZA3,2022-08-05,2022-08-12,5,74.04,76.30,3.04,5.74,-2.70,time_stop,8,7
T5_SX,5,X,B3SA3,2025-03-14,2025-03-17,1,11.22,11.78,5.00,1.60,3.40,take_profit,7,7
T5_SX,5,X,B3SA3,2025-05-09,2025-05-16,5,13.75,14.20,3.29,2.15,1.14,time_stop,6,6
T5_SX,5,X,BBSE3,2022-03-21,2022-03-28,5,15.62,16.40,5.00,2.30,2.70,take_profit,7,7
T5_SX,5,X,BBSE3,2022-06-01,2022-06-08,5,18.00,16.95,-5.84,-2.67,-3.17,time_stop,8,4
T5_SX,5,X,BBSE3,2022-07-15,2022-07-22,5,17.75,18.64,5.00,2.31,2.69,take_profit,8,7
T5_SX,5,X,BBSE3,2022-09-19,2022-09-26,5,20.36,20.08,-1.40,-2.86,1.46,time_stop,8,7
T5_SX,5,X,BBSE3,2024-12-04,2024-12-11,5,29.02,30.47,5.00,3.14,1.86,take_profit,8,7
T5_SX,5,X,BBSE3,2025-01-16,2025-01-23,5,30.91,31.50,1.93,0.98,0.95,time_stop,8,8
T5_SX,5,X,BBDC3,2024-08-06,2024-08-12,4,10.78,11.31,5.00,4.00,1.00,take_profit,6,4
T5_SX,5,X,BBDC3,2025-05-09,2025-05-16,5,12.44,12.58,1.20,2.15,-0.95,time_stop,7,7
T5_SX,5,X,BBDC3,2025-05-29,2025-06-05,5,13.05,12.87,-1.38,-1.56,0.18,time_stop,8,6
T5_SX,5,X,BBDC3,2026-01-22,2026-01-26,2,17.06,17.91,5.00,1.48,3.52,take_profit,7,5
T5_SX,5,X,BBDC4,2022-08-08,2022-08-12,4,13.88,14.57,5.00,3.66,1.34,take_profit,6,5
T5_SX,5,X,BBDC4,2022-10-04,2022-10-11,5,16.15,15.06,-6.73,-1.30,-5.43,time_stop,8,5
T5_SX,5,X,BBDC4,2024-02-07,2024-02-16,5,12.87,11.30,-12.18,-1.02,-11.16,time_stop,7,7
T5_SX,5,X,BBDC4,2024-08-07,2024-08-13,4,12.36,12.97,5.00,3.82,1.18,take_profit,6,6
T5_SX,5,X,BBDC4,2025-05-09,2025-05-16,5,14.06,14.41,2.53,2.15,0.38,time_stop,7,7
T5_SX,5,X,BBDC4,2026-01-22,2026-01-23,1,19.76,20.75,5.00,1.71,3.29,take_profit,7,5
T5_SX,5,X,BRAP4,2022-11-14,2022-11-22,5,17.52,17.63,0.68,-3.82,4.50,time_stop,6,7
T5_SX,5,X,BRAP4,2025-11-03,2025-11-10,5,16.59,16.81,1.34,3.31,-1.97,time_stop,7,6
T5_SX,5,X,BRAP4,2025-12-16,2025-12-23,5,19.89,20.30,2.07,1.46,0.61,time_stop,7,8
T5_SX,5,X,BBAS3,2022-02-14,2022-02-15,1,11.92,12.52,5.00,0.99,4.01,take_profit,7,5
T5_SX,5,X,BBAS3,2022-02-16,2022-02-23,5,12.56,12.78,1.73,-2.88,4.61,time_stop,7,8
T5_SX,5,X,BBAS3,2022-08-12,2022-08-19,5,15.85,15.48,-2.33,-1.02,-1.31,time_stop,7,7
T5_SX,5,X,BBAS3,2022-10-04,2022-10-11,5,16.26,15.14,-6.93,-1.30,-5.63,time_stop,8,6
T5_SX,5,X,BBAS3,2023-01-18,2023-01-20,2,15.23,15.99,5.00,0.11,4.89,take_profit,7,6
T5_SX,5,X,BBAS3,2023-01-23,2023-01-30,5,16.04,16.33,1.85,0.74,1.11,time_stop,7,7
T5_SX,5,X,BBAS3,2023-02-15,2023-02-24,5,16.72,16.53,-1.17,-3.46,2.29,time_stop,7,7
T5_SX,5,X,BBAS3,2023-04-13,2023-04-20,5,17.57,17.93,2.04,-1.88,3.92,time_stop,8,8
T5_SX,5,X,BBAS3,2023-06-13,2023-06-20,5,20.76,21.28,2.48,2.55,-0.07,time_stop,7,8
T5_SX,5,X,BBAS3,2023-10-09,2023-10-17,5,21.00,21.35,1.69,0.54,1.15,time_stop,8,8
T5_SX,5,X,BRKM5,2023-06-13,2023-06-15,2,27.50,28.88,5.00,2.18,2.82,take_profit,6,5
T5_SX,5,X,BRKM5,2023-06-16,2023-06-23,5,29.99,29.12,-2.90,0.36,-3.26,time_stop,7,6
T5_SX,5,X,BRKM5,2024-03-21,2024-03-28,5,26.36,26.40,0.15,-0.03,0.18,time_stop,7,6
T5_SX,5,X,BRKM5,2026-03-06,2026-03-13,5,12.99,11.35,-12.63,-0.76,-11.87,time_stop,6,5
T5_SX,5,X,BRAV3,2022-05-03,2022-05-10,5,43.99,40.46,-8.02,-3.39,-4.63,time_stop,7,4
T5_SX,5,X,BRAV3,2022-10-05,2022-10-13,5,42.00,42.70,1.67,-2.70,4.37,time_stop,6,7
T5_SX,5,X,BRAV3,2023-01-12,2023-01-19,5,44.88,47.12,5.00,0.79,4.21,take_profit,7,7
T5_SX,5,X,BPAC11,2022-08-11,2022-08-18,5,23.70,23.83,0.54,3.83,-3.29,time_stop,7,7
T5_SX,5,X,BPAC11,2023-04-13,2023-04-20,5,21.41,21.02,-1.81,-1.88,0.07,time_stop,6,3
T5_SX,5,X,BPAC11,2024-11-13,2024-11-22,5,32.29,31.88,-1.25,1.36,-2.61,time_stop,6,1
T5_SX,5,X,BPAC11,2025-05-09,2025-05-16,5,38.83,38.87,0.10,2.15,-2.05,time_stop,8,7
T5_SX,5,X,BPAC11,2025-08-13,2025-08-20,5,44.45,42.50,-4.40,-1.39,-3.01,time_stop,7,8
T5_SX,5,X,BPAC11,2025-11-12,2025-11-19,5,51.81,51.48,-0.63,-1.58,0.95,time_stop,7,7
T5_SX,5,X,BPAC11,2026-01-22,2026-01-27,3,57.99,60.89,5.00,3.18,1.82,take_profit,7,6
T5_SX,5,X,CXSE3,2022-08-17,2022-08-24,5,6.71,6.76,0.76,-0.74,1.50,time_stop,7,7
T5_SX,5,X,CXSE3,2023-04-10,2023-04-12,2,6.88,7.22,5.00,4.75,0.25,take_profit,8,8
T5_SX,5,X,CXSE3,2023-04-13,2023-04-20,5,7.45,7.38,-1.02,-1.88,0.86,time_stop,8,8
T5_SX,5,X,CXSE3,2023-07-28,2023-08-04,5,8.43,8.59,1.90,-0.74,2.64,time_stop,8,7
T5_SX,5,X,CXSE3,2024-01-23,2024-01-24,1,11.69,12.28,5.00,-0.47,5.47,take_profit,8,6
T5_SX,5,X,CXSE3,2024-09-02,2024-09-09,5,14.41,13.92,-3.37,-0.05,-3.32,time_stop,8,7
T5_SX,5,X,CXSE3,2024-12-11,2024-12-18,5,14.19,13.91,-1.96,-6.72,4.76,time_stop,7,7
T5_SX,5,X,CXSE3,2025-03-07,2025-03-14,5,14.60,14.55,-0.31,3.12,-3.43,time_stop,8,6
T5_SX,5,X,BHIA3,2025-03-11,2025-03-12,1,4.77,5.01,5.00,0.16,4.84,take_profit,6,7
T5_SX,5,X,BHIA3,2025-03-20,2025-03-21,1,7.16,7.52,5.00,0.10,4.90,take_profit,6,5
T5_SX,5,X,BHIA3,2025-09-02,2025-09-09,5,5.16,4.22,-18.22,0.90,-19.12,time_stop,6,4
T5_SX,5,X,CBAV3,2023-01-19,2023-01-26,5,11.90,12.08,1.49,1.20,0.29,time_stop,7,4
T5_SX,5,X,CBAV3,2024-04-10,2024-04-17,5,5.04,4.85,-3.77,-2.91,-0.86,time_stop,7,6
T5_SX,5,X,CBAV3,2024-09-25,2024-10-02,5,5.33,5.60,5.00,1.51,3.49,take_profit,6,5
T5_SX,5,X,CBAV3,2024-10-07,2024-10-14,5,6.25,5.67,-9.28,-0.74,-8.54,time_stop,8,6
T5_SX,5,X,CBAV3,2025-02-12,2025-02-19,5,5.63,5.87,4.26,2.28,1.98,time_stop,6,4
T5_SX,5,X,CEAB3,2023-03-07,2023-03-08,1,2.62,2.75,5.00,2.30,2.70,take_profit,7,6
T5_SX,5,X,CEAB3,2023-05-15,2023-05-17,2,3.55,3.72,5.00,0.51,4.49,take_profit,6,5
T5_SX,5,X,CEAB3,2023-08-14,2023-08-21,5,6.14,5.49,-10.60,-2.22,-8.38,time_stop,7,5
T5_SX,5,X,CEAB3,2023-11-13,2023-11-16,2,6.61,6.94,5.00,3.54,1.46,take_profit,7,5
T5_SX,5,X,CEAB3,2023-11-17,2023-11-24,5,7.42,7.12,-3.96,0.46,-4.42,time_stop,7,7
T5_SX,5,X,CEAB3,2024-03-01,2024-03-08,5,8.59,9.02,5.00,-1.58,6.58,take_profit,8,7
T5_SX,5,X,CEAB3,2024-04-05,2024-04-12,5,10.92,10.08,-7.64,-0.63,-7.01,time_stop,7,6
T5_SX,5,X,CEAB3,2024-10-14,2024-10-16,2,10.26,10.77,5.00,0.45,4.55,take_profit,7,6
T5_SX,5,X,CEAB3,2024-10-28,2024-11-04,5,11.86,12.31,3.79,-0.54,4.33,time_stop,7,7
T5_SX,5,X,CEAB3,2025-05-09,2025-05-12,1,13.93,14.62,5.00,0.11,4.89,take_profit,7,5
T5_SX,5,X,CEAB3,2025-11-06,2025-11-13,5,16.61,16.41,-1.21,2.66,-3.87,time_stop,7,5
T5_SX,5,X,CMIG4,2022-03-21,2022-03-24,3,4.66,4.89,5.00,2.50,2.50,take_profit,7,6
T5_SX,5,X,CMIG4,2022-10-04,2022-10-11,5,6.13,5.36,-12.56,-1.30,-11.26,time_stop,8,2
T5_SX,5,X,CMIG4,2022-10-24,2022-10-31,5,5.80,5.72,-1.30,0.01,-1.31,time_stop,5,4
T5_SX,5,X,CMIG4,2023-09-18,2023-09-25,5,7.00,7.06,0.86,-1.81,2.67,time_stop,7,6
T5_SX,5,X,CMIG4,2024-11-18,2024-11-26,5,10.18,10.15,-0.33,1.80,-2.13,time_stop,8,8
T5_SX,5,X,COGN3,2022-09-23,2022-09-30,5,2.51,2.51,0.00,-1.28,1.28,time_stop,8,7
T5_SX,5,X,COGN3,2022-11-01,2022-11-09,5,2.81,2.39,-14.89,-2.71,-12.18,time_stop,7,4
T5_SX,5,X,COGN3,2023-05-15,2023-05-18,3,2.07,2.17,5.00,1.21,3.79,take_profit,6,5
T5_SX,5,X,COGN3,2025-08-07,2025-08-08,1,2.51,2.63,5.00,-0.46,5.46,take_profit,7,7
T5_SX,5,X,COGN3,2026-01-22,2026-01-23,1,4.06,4.26,5.00,1.71,3.29,take_profit,8,7
T5_SX,5,X,CSMG3,2022-10-04,2022-10-11,5,10.84,10.58,-2.45,-1.30,-1.15,time_stop,8,7
T5_SX,5,X,CSMG3,2023-03-16,2023-03-23,5,11.41,11.28,-1.16,-5.42,4.26,time_stop,8,7
T5_SX,5,X,CSMG3,2023-12-05,2023-12-12,5,15.39,15.49,0.65,-0.33,0.98,time_stop,6,6
T5_SX,5,X,CSMG3,2024-06-24,2024-07-01,5,18.34,17.94,-2.16,1.68,-3.84,time_stop,8,7
T5_SX,5,X,CSMG3,2025-06-16,2025-06-24,5,25.25,25.67,1.67,-1.47,3.14,time_stop,7,6
T5_SX,5,X,CSMG3,2025-09-05,2025-09-12,5,30.24,31.71,4.86,-0.32,5.18,time_stop,8,7
T5_SX,5,X,CSMG3,2025-10-16,2025-10-23,5,35.22,35.58,1.00,2.53,-1.53,time_stop,7,6
T5_SX,5,X,CSMG3,2025-12-02,2025-12-09,5,42.11,42.02,-0.21,-2.16,1.95,time_stop,7,7
T5_SX,5,X,CSMG3,2025-12-26,2026-01-06,5,44.18,43.07,-2.51,1.51,-4.02,time_stop,7,5
T5_SX,5,X,CPLE3,2022-10-25,2022-11-01,5,5.76,6.05,5.00,2.11,2.89,take_profit,8,8
T5_SX,5,X,CPLE3,2022-11-03,2022-11-10,5,6.38,6.01,-5.71,-6.19,0.48,time_stop,8,8
T5_SX,5,X,CPLE3,2022-11-22,2022-11-29,5,6.64,6.34,-4.56,2.11,-6.67,time_stop,7,7
T5_SX,5,X,CPLE3,2023-04-12,2023-04-13,1,5.71,5.99,5.00,-0.41,5.41,take_profit,6,6
T5_SX,5,X,CPLE3,2023-06-12,2023-06-19,5,6.62,6.63,0.13,2.19,-2.06,time_stop,8,8
T5_SX,5,X,CPLE3,2023-07-27,2023-08-03,5,7.17,7.18,0.24,0.58,-0.34,time_stop,8,8
T5_SX,5,X,CPLE3,2023-11-07,2023-11-14,5,7.47,7.80,4.44,3.41,1.03,time_stop,8,8
T5_SX,5,X,CPLE3,2025-05-09,2025-05-16,5,10.47,10.83,3.40,2.15,1.25,time_stop,8,5
T5_SX,5,X,CPFE3,2023-09-18,2023-09-25,5,35.59,35.64,0.14,-1.81,1.95,time_stop,8,7
T5_SX,5,X,CPFE3,2025-02-20,2025-02-27,5,34.80,35.03,0.66,-2.19,2.85,time_stop,7,6
T5_SX,5,X,CPFE3,2025-08-11,2025-08-18,5,39.94,39.32,-1.55,1.38,-2.93,time_stop,8,5
T5_SX,5,X,CPFE3,2025-11-13,2025-11-19,4,45.29,47.55,5.00,-1.36,6.36,take_profit,7,8
T5_SX,5,X,CPFE3,2026-01-26,2026-02-02,5,55.49,51.11,-7.89,2.22,-10.11,time_stop,7,4
T5_SX,5,X,CMIN3,2022-12-12,2022-12-19,5,2.80,2.69,-4.00,-0.42,-3.58,time_stop,7,6
T5_SX,5,X,CMIN3,2023-01-09,2023-01-10,1,2.97,3.12,5.00,1.74,3.26,take_profit,7,5
T5_SX,5,X,CMIN3,2023-05-09,2023-05-16,5,3.43,3.45,0.68,0.80,-0.12,time_stop,8,7
T5_SX,5,X,CMIN3,2023-09-22,2023-09-29,5,3.61,3.76,4.30,0.48,3.82,time_stop,7,6
T5_SX,5,X,CMIN3,2025-03-14,2025-03-17,1,5.34,5.60,5.00,1.60,3.40,take_profit,7,6
T5_SX,5,X,CURY3,2022-07-11,2022-07-15,4,5.25,5.51,5.00,-1.61,6.61,take_profit,7,6
T5_SX,5,X,CURY3,2022-09-02,2022-09-05,1,6.79,7.13,5.00,1.27,3.73,take_profit,8,6
T5_SX,5,X,CURY3,2023-07-03,2023-07-10,5,12.11,11.81,-2.47,-1.59,-0.88,time_stop,7,6
T5_SX,5,X,CURY3,2024-03-13,2024-03-20,5,16.00,16.31,1.92,0.87,1.05,time_stop,8,7
T5_SX,5,X,CURY3,2024-09-05,2024-09-12,5,20.68,21.02,1.63,-1.94,3.57,time_stop,7,6
T5_SX,5,X,CURY3,2024-10-30,2024-11-06,5,21.60,20.10,-6.97,-0.73,-6.24,time_stop,8,4
T5_SX,5,X,CURY3,2025-03-19,2025-03-26,5,21.30,21.54,1.11,-0.28,1.39,time_stop,7,7
T5_SX,5,X,CURY3,2025-08-07,2025-08-14,5,29.17,28.84,-1.14,-0.12,-1.02,time_stop,7,7
T5_SX,5,X,CVCB3,2025-03-25,2025-03-26,1,2.17,2.28,5.00,0.16,4.84,take_profit,7,6
T5_SX,5,X,CVCB3,2026-01-12,2026-01-15,3,2.52,2.65,5.00,1.50,3.50,take_profit,6,5
T5_SX,5,X,CVCB3,2026-01-16,2026-01-23,5,2.68,2.42,-9.70,8.75,-18.45,time_stop,7,3
T5_SX,5,X,CYRE3,2022-08-05,2022-08-12,5,12.14,11.92,-1.82,5.74,-7.56,time_stop,7,5
T5_SX,5,X,CYRE3,2022-09-05,2022-09-13,5,13.44,13.28,-1.22,-1.36,0.14,time_stop,7,5
T5_SX,5,X,CYRE3,2022-09-29,2022-09-30,1,13.97,14.67,5.00,2.56,2.44,take_profit,8,6
T5_SX,5,X,CYRE3,2022-10-04,2022-10-11,5,16.53,15.26,-7.71,-1.30,-6.41,time_stop,6,6
T5_SX,5,X,CYRE3,2023-07-14,2023-07-21,5,18.94,18.93,-0.04,2.14,-2.18,time_stop,6,6
T5_SX,5,X,CYRE3,2025-08-25,2025-08-28,3,24.08,25.29,5.00,2.37,2.63,take_profit,8,6
T5_SX,5,X,CYRE3,2025-09-12,2025-09-19,5,27.94,28.27,1.19,2.57,-1.38,time_stop,8,8
T5_SX,5,X,CYRE3,2025-11-10,2025-11-17,5,31.17,31.63,1.48,1.01,0.47,time_stop,7,8
T5_SX,5,X,DIRR3,2022-09-05,2022-09-13,5,3.42,3.47,1.24,-1.36,2.60,time_stop,7,6
T5_SX,5,X,DIRR3,2022-10-04,2022-10-11,5,4.24,3.99,-5.91,-1.30,-4.61,time_stop,6,7
T5_SX,5,X,DIRR3,2023-07-03,2023-07-10,5,4.91,4.73,-3.70,-1.59,-2.11,time_stop,7,7
T5_SX,5,X,DIRR3,2023-12-14,2023-12-21,5,5.42,5.44,0.42,1.16,-0.74,time_stop,6,6
T5_SX,5,X,DIRR3,2024-02-21,2024-02-28,5,6.02,6.05,0.59,0.06,0.53,time_stop,8,8
T5_SX,5,X,ECOR3,2023-03-20,2023-03-27,5,4.76,4.41,-7.35,-1.19,-6.16,time_stop,7,3
T5_SX,5,X,ECOR3,2023-04-11,2023-04-12,1,5.18,5.44,5.00,0.43,4.57,take_profit,7,6
T5_SX,5,X,ECOR3,2023-06-21,2023-06-28,5,6.70,5.99,-10.58,-2.79,-7.79,time_stop,6,4
T5_SX,5,X,ECOR3,2023-07-20,2023-07-21,1,7.01,7.36,5.00,1.80,3.20,take_profit,7,7
T5_SX,5,X,ECOR3,2023-11-16,2023-11-23,5,7.63,7.90,3.41,1.59,1.82,time_stop,7,7
T5_SX,5,X,ECOR3,2025-08-28,2025-09-04,5,7.74,8.13,5.00,-0.22,5.22,take_profit,7,6
T5_SX,5,X,ECOR3,2025-11-11,2025-11-12,1,8.69,9.12,5.00,-0.23,5.23,take_profit,7,7
T5_SX,5,X,ECOR3,2025-11-13,2025-11-21,5,9.50,9.42,-0.84,-1.40,0.56,time_stop,7,7
T5_SX,5,X,ECOR3,2026-01-26,2026-02-02,5,12.16,11.75,-3.37,2.22,-5.59,time_stop,7,7
T5_SX,5,X,ENGI11,2022-08-01,2022-08-08,5,33.32,34.98,5.00,6.33,-1.33,take_profit,7,6
T5_SX,5,X,ENGI11,2023-09-18,2023-09-25,5,40.93,39.40,-3.74,-1.81,-1.93,time_stop,8,7
T5_SX,5,X,ENEV3,2024-08-15,2024-08-22,5,13.53,13.49,-0.30,0.83,-1.13,time_stop,7,5
T5_SX,5,X,ENEV3,2025-08-26,2025-09-02,5,15.06,14.89,-1.13,1.80,-2.93,time_stop,8,8
T5_SX,5,X,ENEV3,2025-10-27,2025-11-03,5,17.70,18.59,5.00,2.34,2.66,take_profit,7,7
T5_SX,5,X,ENEV3,2025-11-27,2025-12-04,5,20.24,20.79,2.72,3.84,-1.12,time_stop,7,6
T5_SX,5,X,ENEV3,2026-01-22,2026-01-29,5,21.79,21.17,-2.85,4.00,-6.85,time_stop,7,4
T5_SX,5,X,EGIE3,2025-06-25,2025-06-30,3,30.06,31.56,5.00,2.49,2.51,take_profit,7,6
T5_SX,5,X,EQTL3,2022-03-21,2022-03-28,5,23.67,24.42,3.19,2.30,0.89,time_stop,7,6
T5_SX,5,X,EQTL3,2022-09-26,2022-10-03,5,24.32,25.54,5.00,6.92,-1.92,take_profit,8,6
T5_SX,5,X,EQTL3,2023-09-14,2023-09-21,5,30.66,30.61,-0.15,-2.59,2.44,time_stop,8,7
T5_SX,5,X,EQTL3,2023-12-21,2024-01-02,5,32.78,32.32,-1.41,0.32,-1.73,time_stop,7,4
T5_SX,5,X,EZTC3,2023-07-26,2023-08-02,5,14.20,14.86,4.64,-1.46,6.10,time_stop,6,6
T5_SX,5,X,EZTC3,2024-11-04,2024-11-11,5,10.38,10.30,-0.78,-2.20,1.42,time_stop,6,6
T5_SX,5,X,EZTC3,2025-03-17,2025-03-24,5,11.23,11.02,-1.88,0.34,-2.22,time_stop,7,7
T5_SX,5,X,EZTC3,2025-08-04,2025-08-07,3,10.22,10.73,5.00,2.71,2.29,take_profit,8,6
T5_SX,5,X,EZTC3,2025-09-10,2025-09-15,3,11.96,12.56,5.00,0.93,4.07,take_profit,8,5
T5_SX,5,X,EZTC3,2025-10-30,2025-11-06,5,13.41,13.84,3.18,3.02,0.16,time_stop,7,7
T5_SX,5,X,EZTC3,2025-11-17,2025-11-25,5,15.01,15.15,0.94,-0.53,1.47,time_stop,8,7
T5_SX,5,X,FLRY3,2022-09-26,2022-10-03,5,13.83,14.15,2.32,6.92,-4.60,time_stop,7,6
T5_SX,5,X,FLRY3,2022-10-04,2022-10-06,2,14.41,15.14,5.00,1.00,4.00,take_profit,7,6
T5_SX,5,X,FLRY3,2023-10-04,2023-10-11,5,13.34,13.29,-0.37,3.01,-3.38,time_stop,7,6
T5_SX,5,X,FLRY3,2023-11-13,2023-11-21,5,14.09,14.17,0.59,4.23,-3.64,time_stop,8,6
T5_SX,5,X,FLRY3,2023-12-18,2023-12-26,5,15.58,15.66,0.49,1.87,-1.38,time_stop,8,8
T5_SX,5,X,FLRY3,2025-07-22,2025-07-29,5,13.28,13.33,0.35,-1.26,1.61,time_stop,7,7
T5_SX,5,X,FLRY3,2025-09-22,2025-09-29,5,14.93,15.24,2.09,1.03,1.06,time_stop,8,5
T5_SX,5,X,GGBR4,2022-03-04,2022-03-10,4,16.98,17.83,5.00,-0.91,5.91,take_profit,6,6
T5_SX,5,X,GGBR4,2022-11-10,2022-11-11,1,17.73,18.62,5.00,2.31,2.69,take_profit,7,6
T5_SX,5,X,GGBR4,2022-11-14,2022-11-22,5,20.02,19.83,-0.93,-3.82,2.89,time_stop,7,6
T5_SX,5,X,GGBR4,2022-12-01,2022-12-08,5,21.63,21.19,-2.06,-3.26,1.20,time_stop,7,6
T5_SX,5,X,GGBR4,2023-07-26,2023-08-02,5,21.42,21.29,-0.62,-1.46,0.84,time_stop,6,5
T5_SX,5,X,GGBR4,2024-11-07,2024-11-14,5,18.71,18.93,1.16,-1.42,2.58,time_stop,8,7
T5_SX,5,X,GOAU4,2022-03-21,2022-03-28,5,6.62,6.67,0.82,2.30,-1.48,time_stop,8,6
T5_SX,5,X,GOAU4,2022-11-10,2022-11-11,1,6.96,7.31,5.00,2.31,2.69,take_profit,7,5
T5_SX,5,X,GOAU4,2023-07-26,2023-08-02,5,8.40,8.40,0.07,-1.46,1.53,time_stop,6,7
T5_SX,5,X,GOAU4,2024-07-16,2024-07-23,5,7.73,7.42,-4.00,-1.93,-2.07,time_stop,6,8
T5_SX,5,X,GOAU4,2024-11-07,2024-11-14,5,7.98,7.82,-1.95,-1.42,-0.53,time_stop,8,7
T5_SX,5,X,GOAU4,2025-10-30,2025-11-06,5,8.06,8.13,0.82,3.02,-2.20,time_stop,8,6
T5_SX,5,X,GOAU4,2026-01-14,2026-01-21,5,9.44,9.87,4.53,4.14,0.39,time_stop,8,5
T5_SX,5,X,GGPS3,2023-05-08,2023-05-11,3,11.32,11.88,5.00,2.27,2.73,take_profit,7,6
T5_SX,5,X,GGPS3,2023-05-12,2023-05-19,5,11.95,12.36,3.41,2.01,1.40,time_stop,7,7
T5_SX,5,X,GGPS3,2023-07-03,2023-07-10,5,14.45,14.71,1.76,-1.59,3.35,time_stop,6,6
T5_SX,5,X,GGPS3,2023-11-16,2023-11-23,5,14.67,15.10,2.96,1.59,1.37,time_stop,7,6
T5_SX,5,X,GGPS3,2025-08-14,2025-08-21,5,14.32,14.65,2.29,-1.30,3.59,time_stop,6,7
T5_SX,5,X,GMAT3,2023-05-12,2023-05-19,5,6.26,6.36,1.50,2.01,-0.51,time_stop,7,6
T5_SX,5,X,GMAT3,2024-11-01,2024-11-08,5,7.33,7.06,-3.69,-0.08,-3.61,time_stop,6,6
T5_SX,5,X,GMAT3,2025-04-04,2025-04-11,5,7.26,7.36,1.34,0.54,0.80,time_stop,7,6
T5_SX,5,X,HAPV3,2023-08-11,2023-08-18,5,78.60,69.45,-11.64,-2.23,-9.41,time_stop,7,4
T5_SX,5,X,HAPV3,2023-10-02,2023-10-09,5,70.35,61.20,-13.01,0.22,-13.23,time_stop,7,3
T5_SX,5,X,HAPV3,2024-05-15,2024-05-22,5,67.35,66.00,-2.00,-1.74,-0.26,time_stop,6,6
T5_SX,5,X,HYPE3,2022-03-02,2022-03-09,5,28.89,28.51,-1.33,-1.19,-0.14,time_stop,7,5
T5_SX,5,X,HYPE3,2022-06-02,2022-06-09,5,36.21,33.35,-7.90,-4.38,-3.52,time_stop,7,7
T5_SX,5,X,HYPE3,2022-08-01,2022-08-08,5,36.98,37.33,0.96,6.33,-5.37,time_stop,7,7
T5_SX,5,X,HYPE3,2022-10-20,2022-10-27,5,42.91,42.00,-2.12,-2.57,0.45,time_stop,7,6
T5_SX,5,X,HYPE3,2022-11-01,2022-11-09,5,43.99,42.50,-3.38,-2.71,-0.67,time_stop,7,5
T5_SX,5,X,HYPE3,2023-06-12,2023-06-19,5,40.67,40.24,-1.05,2.19,-3.24,time_stop,6,5
T5_SX,5,X,HYPE3,2025-10-31,2025-11-07,5,25.32,24.54,-3.08,3.00,-6.08,time_stop,6,5
T5_SX,5,X,IGTI11,2023-03-16,2023-03-23,5,18.09,16.82,-7.00,-5.42,-1.58,time_stop,7,2
T5_SX,5,X,IGTI11,2023-12-15,2023-12-22,5,22.80,22.44,-1.59,2.11,-3.70,time_stop,6,6
T5_SX,5,X,IGTI11,2024-03-14,2024-03-21,5,22.59,22.77,0.79,0.44,0.35,time_stop,7,5
T5_SX,5,X,IGTI11,2025-05-09,2025-05-16,5,21.04,21.77,3.50,2.15,1.35,time_stop,8,6
T5_SX,5,X,IGTI11,2025-08-29,2025-09-05,5,23.19,23.68,2.10,0.83,1.27,time_stop,8,8
T5_SX,5,X,INTB3,2022-02-17,2022-02-24,5,27.37,27.02,-1.26,-1.48,0.22,time_stop,8,5
T5_SX,5,X,INTB3,2022-10-17,2022-10-24,5,28.89,29.36,1.59,2.04,-0.45,time_stop,8,7
T5_SX,5,X,INTB3,2024-05-02,2024-05-08,4,20.09,21.09,5.00,1.95,3.05,take_profit,7,5
T5_SX,5,X,IRBR3,2023-05-03,2023-05-10,5,33.85,35.40,4.58,5.45,-0.87,time_stop,7,8
T5_SX,5,X,IRBR3,2023-06-26,2023-07-03,5,42.80,43.85,2.45,1.33,1.12,time_stop,6,4
T5_SX,5,X,IRBR3,2023-07-10,2023-07-17,5,52.41,49.50,-5.55,0.53,-6.08,time_stop,6,7
T5_SX,5,X,IRBR3,2023-08-17,2023-08-24,5,45.16,45.02,-0.31,1.74,-2.05,time_stop,7,5
T5_SX,5,X,IRBR3,2024-08-16,2024-08-19,1,43.11,45.27,5.00,1.30,3.70,take_profit,6,7
T5_SX,5,X,IRBR3,2024-10-24,2024-10-31,5,47.91,43.34,-9.54,-0.27,-9.27,time_stop,7,4
T5_SX,5,X,IRBR3,2024-12-27,2025-01-07,5,42.70,44.64,4.54,0.76,3.78,time_stop,7,6
T5_SX,5,X,IRBR3,2025-01-13,2025-01-15,2,46.08,48.38,5.00,3.06,1.94,take_profit,8,8
T5_SX,5,X,IRBR3,2025-01-16,2025-01-23,5,51.07,50.77,-0.59,0.98,-1.57,time_stop,7,7
T5_SX,5,X,ISAE4,2024-06-24,2024-07-01,5,23.15,23.16,0.04,1.68,-1.64,time_stop,8,7
T5_SX,5,X,ISAE4,2025-12-16,2025-12-23,5,27.30,27.02,-1.04,1.46,-2.50,time_stop,7,6
T5_SX,5,X,ITSA4,2022-02-14,2022-02-21,5,5.98,5.79,-3.13,-1.89,-1.24,time_stop,7,7
T5_SX,5,X,ITSA4,2022-10-04,2022-10-11,5,6.09,5.84,-4.00,-1.30,-2.70,time_stop,6,5
T5_SX,5,X,ITSA4,2023-02-09,2023-02-16,5,5.82,5.76,-1.02,1.97,-2.99,time_stop,7,5
T5_SX,5,X,ITSA4,2025-09-22,2025-09-29,5,10.38,10.48,0.97,1.03,-0.06,time_stop,8,6
T5_SX,5,X,ITSA4,2025-11-12,2025-11-19,5,11.11,10.74,-3.29,-1.58,-1.71,time_stop,8,5
T5_SX,5,X,ITSA4,2026-01-22,2026-01-26,2,12.74,13.38,5.00,1.48,3.52,take_profit,7,5
T5_SX,5,X,ITUB4,2022-08-10,2022-08-17,5,17.48,18.27,4.55,3.22,1.33,time_stop,7,8
T5_SX,5,X,ITUB4,2023-02-09,2023-02-16,5,18.44,18.66,1.20,1.97,-0.77,time_stop,6,4
T5_SX,5,X,ITUB4,2023-11-08,2023-11-16,5,20.85,21.75,4.30,4.71,-0.41,time_stop,7,6
T5_SX,5,X,ITUB4,2024-02-07,2024-02-16,5,24.99,25.02,0.12,-1.02,1.14,time_stop,8,7
T5_SX,5,X,ITUB4,2024-08-15,2024-08-22,5,27.93,27.99,0.19,0.83,-0.64,time_stop,8,8
T5_SX,5,X,ITUB4,2024-11-06,2024-11-13,5,27.57,26.53,-3.76,-1.56,-2.20,time_stop,8,3
T5_SX,5,X,ITUB4,2025-05-12,2025-05-19,5,33.59,34.40,2.43,2.27,0.16,time_stop,8,8
T5_SX,5,X,ITUB4,2026-01-22,2026-01-26,2,41.93,44.02,5.00,1.48,3.52,take_profit,7,6
T5_SX,5,X,KLBN11,2024-03-18,2024-03-20,2,18.21,19.12,5.00,1.95,3.05,take_profit,6,6
T5_SX,5,X,RENT3,2022-02-23,2022-03-04,5,50.94,46.10,-9.51,2.62,-12.13,time_stop,7,7
T5_SX,5,X,RENT3,2022-07-04,2022-07-07,3,46.49,48.81,5.00,2.29,2.71,take_profit,5,2
T5_SX,5,X,RENT3,2022-11-01,2022-11-09,5,61.83,61.91,0.13,-2.71,2.84,time_stop,8,6
T5_SX,5,X,RENT3,2025-11-12,2025-11-19,5,42.71,42.24,-1.09,-1.58,0.49,time_stop,8,6
T5_SX,5,X,RENT3,2025-12-05,2025-12-12,5,49.00,46.93,-4.23,2.15,-6.38,time_stop,7,6
T5_SX,5,X,LREN3,2022-08-04,2022-08-11,5,21.65,21.13,-2.40,3.32,-5.72,time_stop,7,6
T5_SX,5,X,LREN3,2022-11-01,2022-11-09,5,24.23,21.41,-11.63,-2.71,-8.92,time_stop,8,3
T5_SX,5,X,LREN3,2024-08-12,2024-08-15,3,13.11,13.76,5.00,2.22,2.78,take_profit,6,5
T5_SX,5,X,LREN3,2025-05-09,2025-05-15,4,15.57,16.35,5.00,2.12,2.88,take_profit,8,5
T5_SX,5,X,MGLU3,2025-12-05,2025-12-12,5,11.07,9.40,-15.06,2.15,-17.21,time_stop,7,3
T5_SX,5,X,POMO4,2022-09-29,2022-10-06,5,1.50,1.44,-3.83,9.32,-13.15,time_stop,7,3
T5_SX,5,X,POMO4,2022-12-23,2022-12-28,3,1.40,1.47,5.00,0.75,4.25,take_profit,6,5
T5_SX,5,X,POMO4,2023-04-12,2023-04-19,5,1.92,1.91,-0.88,-2.78,1.90,time_stop,7,6
T5_SX,5,X,POMO4,2023-05-02,2023-05-03,1,2.05,2.15,5.00,0.11,4.89,take_profit,8,7
T5_SX,5,X,POMO4,2023-05-09,2023-05-12,3,2.42,2.54,5.00,1.20,3.80,take_profit,7,6
T5_SX,5,X,POMO4,2023-08-03,2023-08-10,5,3.22,3.38,5.00,-1.89,6.89,take_profit,7,6
T5_SX,5,X,POMO4,2023-12-06,2023-12-07,1,3.91,4.11,5.00,0.47,4.53,take_profit,7,5
T5_SX,5,X,POMO4,2024-08-05,2024-08-06,1,4.83,5.07,5.00,0.80,4.20,take_profit,7,7
T5_SX,5,X,POMO4,2024-08-07,2024-08-14,5,5.48,5.14,-6.22,4.55,-10.77,time_stop,7,6
T5_SX,5,X,POMO4,2025-08-04,2025-08-11,5,7.13,7.10,-0.34,1.92,-2.26,time_stop,7,6
T5_SX,5,X,MBRF3,2023-11-23,2023-11-28,3,7.64,8.02,5.00,-0.13,5.13,take_profit,7,6
T5_SX,5,X,MBRF3,2024-05-09,2024-05-16,5,8.82,9.26,5.00,0.02,4.98,take_profit,8,7
T5_SX,5,X,MBRF3,2024-05-17,2024-05-20,1,9.67,10.15,5.00,-0.20,5.20,take_profit,7,6
T5_SX,5,X,MBRF3,2024-08-20,2024-08-27,5,12.50,12.52,0.14,0.43,-0.29,time_stop,7,7
T5_SX,5,X,MBRF3,2024-10-21,2024-10-28,5,12.48,12.65,1.37,0.86,0.51,time_stop,7,7
T5_SX,5,X,MBRF3,2024-11-18,2024-11-22,3,14.56,15.29,5.00,1.29,3.71,take_profit,7,6
T5_SX,5,X,MBRF3,2025-02-28,2025-03-11,5,15.00,14.57,-2.87,0.45,-3.32,time_stop,6,4
T5_SX,5,X,MBRF3,2025-05-19,2025-05-26,5,24.76,25.11,1.41,-1.03,2.44,time_stop,7,6
T5_SX,5,X,MBRF3,2025-09-16,2025-09-23,5,26.21,19.70,-24.84,1.57,-26.41,time_stop,7,3
T5_SX,5,X,BEEF3,2022-02-10,2022-02-17,5,8.88,8.82,-0.70,0.00,-0.70,time_stop,7,5
T5_SX,5,X,BEEF3,2022-02-25,2022-03-08,5,9.56,9.74,1.86,-1.48,3.34,time_stop,7,8
T5_SX,5,X,BEEF3,2022-08-12,2022-08-18,4,12.62,13.25,5.00,1.20,3.80,take_profit,8,5
T5_SX,5,X,BEEF3,2023-01-12,2023-01-13,1,13.32,13.98,5.00,-0.84,5.84,take_profit,6,5
T5_SX,5,X,BEEF3,2024-08-09,2024-08-16,5,7.09,7.25,2.19,2.49,-0.30,time_stop,7,6
T5_SX,5,X,BEEF3,2025-04-10,2025-04-16,4,6.54,6.86,5.00,1.52,3.48,take_profit,8,5
T5_SX,5,X,MOVI3,2023-08-10,2023-08-17,5,11.32,11.40,0.70,-2.75,3.45,time_stop,7,6
T5_SX,5,X,MOVI3,2025-08-11,2025-08-18,5,6.87,6.65,-3.23,1.38,-4.61,time_stop,7,7
T5_SX,5,X,MOVI3,2025-11-12,2025-11-19,5,9.63,9.43,-2.12,-1.58,-0.54,time_stop,7,7
T5_SX,5,X,MOVI3,2026-01-16,2026-01-23,5,10.61,11.00,3.68,8.75,-5.07,time_stop,7,6
T5_SX,5,X,MRVE3,2022-08-05,2022-08-12,5,11.08,10.22,-7.73,5.74,-13.47,time_stop,7,1
T5_SX,5,X,MRVE3,2022-09-05,2022-09-13,5,11.82,12.13,2.58,-1.36,3.94,time_stop,7,5
T5_SX,5,X,MRVE3,2025-08-14,2025-08-18,2,6.89,7.23,5.00,0.73,4.27,take_profit,7,4
T5_SX,5,X,MRVE3,2025-11-14,2025-11-24,5,8.58,8.71,1.52,-1.29,2.81,time_stop,7,6
T5_SX,5,X,MULT3,2022-03-28,2022-04-04,5,21.04,21.59,2.60,2.00,0.60,time_stop,7,7
T5_SX,5,X,MULT3,2022-05-02,2022-05-09,5,21.08,19.93,-5.48,-2.96,-2.52,time_stop,7,5
T5_SX,5,X,MULT3,2022-10-04,2022-10-11,5,22.81,21.93,-3.82,-1.30,-2.52,time_stop,8,6
T5_SX,5,X,MULT3,2022-11-03,2022-11-10,5,22.40,20.38,-9.03,-6.19,-2.84,time_stop,8,5
T5_SX,5,X,MULT3,2023-03-01,2023-03-08,5,22.26,22.29,0.16,2.00,-1.84,time_stop,8,5
T5_SX,5,X,MULT3,2024-07-23,2024-07-30,5,23.73,22.18,-6.53,-0.20,-6.33,time_stop,7,7
T5_SX,5,X,MULT3,2025-04-28,2025-05-06,5,25.02,24.95,-0.27,-0.96,0.69,time_stop,6,7
T5_SX,5,X,NEOE3,2022-04-25,2022-04-27,2,14.12,14.83,5.00,-1.16,6.16,take_profit,7,5
T5_SX,5,X,NEOE3,2023-06-13,2023-06-15,2,15.85,16.65,5.00,2.18,2.82,take_profit,7,7
T5_SX,5,X,NEOE3,2023-06-16,2023-06-20,2,16.83,17.67,5.00,0.80,4.20,take_profit,6,5
T5_SX,5,X,NEOE3,2023-06-22,2023-06-29,5,18.06,17.56,-2.79,-0.30,-2.49,time_stop,7,6
T5_SX,5,X,NEOE3,2024-11-28,2024-12-05,5,19.15,18.26,-4.64,2.65,-7.29,time_stop,7,1
T5_SX,5,X,NEOE3,2025-04-25,2025-05-05,5,21.26,21.77,2.40,-0.87,3.27,time_stop,8,7
T5_SX,5,X,NEOE3,2025-06-17,2025-06-25,5,24.67,23.74,-3.77,-2.19,-1.58,time_stop,7,6
T5_SX,5,X,NEOE3,2025-09-04,2025-09-11,5,27.50,28.06,2.05,1.41,0.64,time_stop,7,6
T5_SX,5,X,NEOE3,2025-11-25,2025-12-02,5,31.33,31.41,0.25,3.27,-3.02,time_stop,8,7
T5_SX,5,X,PCAR3,2022-09-06,2022-09-14,5,23.71,21.39,-9.78,0.76,-10.54,time_stop,8,5
T5_SX,5,X,PCAR3,2023-07-05,2023-07-07,2,19.99,20.99,5.00,-0.56,5.56,take_profit,7,5
T5_SX,5,X,PCAR3,2023-07-10,2023-07-17,5,21.95,21.47,-2.19,0.53,-2.72,time_stop,6,6
T5_SX,5,X,PCAR3,2025-04-01,2025-04-02,1,3.04,3.19,5.00,0.67,4.33,take_profit,7,5
T5_SX,5,X,PCAR3,2025-04-03,2025-04-10,5,3.65,3.72,1.92,-3.66,5.58,time_stop,7,5
T5_SX,5,X,PCAR3,2025-07-18,2025-07-25,5,3.74,3.50,-6.42,0.12,-6.54,time_stop,7,6
T5_SX,5,X,PCAR3,2025-08-26,2025-09-02,5,3.53,3.71,5.00,1.80,3.20,take_profit,8,8
T5_SX,5,X,PETR3,2022-08-01,2022-08-08,5,16.07,16.87,5.00,6.33,-1.33,take_profit,7,8
T5_SX,5,X,PETR3,2022-08-15,2022-08-17,2,17.82,18.71,5.00,0.94,4.06,take_profit,8,6
T5_SX,5,X,PETR3,2022-10-04,2022-10-11,5,19.35,19.32,-0.16,-1.30,1.14,time_stop,7,6
T5_SX,5,X,PETR3,2023-06-15,2023-06-21,4,23.43,24.61,5.00,0.75,4.25,take_profit,6,6
T5_SX,5,X,PETR3,2023-10-19,2023-10-26,5,29.90,27.93,-6.58,0.72,-7.30,time_stop,7,5
T5_SX,5,X,PETR3,2024-08-27,2024-09-03,5,35.82,35.64,-0.49,-1.79,1.30,time_stop,8,8
T5_SX,5,X,PETR3,2024-11-25,2024-12-02,5,36.32,36.00,-0.90,-3.02,2.12,time_stop,8,9
T5_SX,5,X,PETR3,2025-02-19,2025-02-26,5,37.70,37.56,-0.38,-1.77,1.39,time_stop,8,8
T5_SX,5,X,PETR4,2022-07-29,2022-08-05,5,14.47,15.02,3.78,3.46,0.32,time_stop,8,7
T5_SX,5,X,PETR4,2022-08-15,2022-08-17,2,16.33,17.15,5.00,0.94,4.06,take_profit,8,7
T5_SX,5,X,PETR4,2022-10-04,2022-10-11,5,17.40,17.46,0.30,-1.30,1.60,time_stop,7,5
T5_SX,5,X,PETR4,2023-05-12,2023-05-19,5,16.31,16.43,0.74,2.01,-1.27,time_stop,7,6
T5_SX,5,X,PETR4,2024-11-25,2024-12-02,5,32.76,32.57,-0.58,-3.02,2.44,time_stop,8,8
T5_SX,5,X,PETR4,2026-03-03,2026-03-10,5,41.70,42.93,2.95,0.25,2.70,time_stop,6,7
T5_SX,5,X,RECV3,2022-11-07,2022-11-14,5,24.65,22.80,-7.54,-1.78,-5.76,time_stop,7,6
T5_SX,5,X,RECV3,2023-01-02,2023-01-09,5,22.85,22.42,-1.90,2.65,-4.55,time_stop,7,6
T5_SX,5,X,RECV3,2024-01-19,2024-01-26,5,16.73,17.54,4.79,1.00,3.79,time_stop,7,6
T5_SX,5,X,PRIO3,2022-04-29,2022-05-06,5,26.51,26.46,-0.19,-2.10,1.91,time_stop,8,6
T5_SX,5,X,PRIO3,2022-10-05,2022-10-07,2,30.24,31.75,5.00,-0.48,5.48,take_profit,8,5
T5_SX,5,X,PRIO3,2023-04-05,2023-04-11,3,33.45,35.12,5.00,5.41,-0.41,take_profit,6,5
T5_SX,5,X,PRIO3,2024-03-14,2024-03-21,5,48.97,47.10,-3.82,0.44,-4.26,time_stop,6,6
T5_SX,5,X,PRIO3,2026-03-03,2026-03-10,5,58.60,58.90,0.51,0.25,0.26,time_stop,6,5
T5_SX,5,X,PSSA3,2022-08-09,2022-08-16,5,17.95,18.13,0.98,4.48,-3.50,time_stop,6,7
T5_SX,5,X,PSSA3,2022-11-04,2022-11-11,5,21.50,19.77,-8.04,-4.78,-3.26,time_stop,8,7
T5_SX,5,X,PSSA3,2023-01-31,2023-02-07,5,21.63,22.16,2.45,-5.23,7.68,time_stop,8,7
T5_SX,5,X,PSSA3,2023-02-13,2023-02-22,5,23.29,23.20,-0.37,-1.77,1.40,time_stop,8,8
T5_SX,5,X,PSSA3,2024-02-29,2024-03-07,5,26.60,27.93,5.00,-0.46,5.46,take_profit,7,7
T5_SX,5,X,PSSA3,2024-05-16,2024-05-23,5,28.71,27.89,-2.86,-2.77,-0.09,time_stop,8,5
T5_SX,5,X,PSSA3,2024-11-13,2024-11-22,5,36.62,36.01,-1.68,1.36,-3.04,time_stop,8,7
T5_SX,5,X,PSSA3,2025-03-20,2025-03-27,5,39.28,39.26,-0.05,0.72,-0.77,time_stop,8,8
T5_SX,5,X,PSSA3,2025-05-12,2025-05-19,5,45.42,47.69,5.00,2.27,2.73,take_profit,8,7
T5_SX,5,X,RADL3,2022-08-02,2022-08-09,5,19.32,19.82,2.59,5.55,-2.96,time_stop,7,5
T5_SX,5,X,RADL3,2023-03-09,2023-03-16,5,21.72,21.95,1.08,-1.54,2.62,time_stop,8,8
T5_SX,5,X,RADL3,2023-04-13,2023-04-20,5,23.68,23.14,-2.28,-1.88,-0.40,time_stop,8,7
T5_SX,5,X,RADL3,2024-08-06,2024-08-13,5,28.47,28.51,0.17,4.92,-4.75,time_stop,7,6
T5_SX,5,X,RADL3,2026-02-04,2026-02-11,5,26.68,27.00,1.20,4.37,-3.17,time_stop,7,5
T5_SX,5,X,RAIZ4,2023-06-27,2023-07-04,5,4.23,4.20,-0.90,1.29,-2.19,time_stop,6,5
T5_SX,5,X,RAPT4,2022-08-02,2022-08-03,1,9.23,9.69,5.00,0.67,4.33,take_profit,8,6
T5_SX,5,X,RAPT4,2023-07-31,2023-08-07,5,11.68,11.49,-1.68,-1.98,0.30,time_stop,7,5
T5_SX,5,X,RAPT4,2024-07-02,2024-07-04,2,10.93,11.48,5.00,1.06,3.94,take_profit,8,6
T5_SX,5,X,RDOR3,2024-05-08,2024-05-15,5,26.25,27.30,4.02,-1.21,5.23,time_stop,7,7
T5_SX,5,X,RDOR3,2024-08-15,2024-08-20,3,27.62,29.00,5.00,1.49,3.51,take_profit,8,7
T5_SX,5,X,RDOR3,2025-01-28,2025-02-04,5,25.65,25.41,-0.95,0.73,-1.68,time_stop,7,1
T5_SX,5,X,RDOR3,2025-05-09,2025-05-15,4,30.39,31.90,5.00,2.12,2.88,take_profit,8,5
T5_SX,5,X,RDOR3,2025-08-08,2025-08-15,5,32.96,34.31,4.11,0.49,3.62,time_stop,8,7
T5_SX,5,X,RDOR3,2025-09-19,2025-09-26,5,37.84,37.89,0.13,-0.25,0.38,time_stop,7,6
T5_SX,5,X,RDOR3,2025-11-07,2025-11-14,5,43.20,42.34,-2.00,2.35,-4.35,time_stop,7,7
T5_SX,5,X,RAIL3,2022-06-01,2022-06-08,5,16.81,16.78,-0.17,-2.67,2.50,time_stop,6,6
T5_SX,5,X,RAIL3,2022-08-15,2022-08-22,5,18.25,18.29,0.21,-2.06,2.27,time_stop,8,7
T5_SX,5,X,RAIL3,2023-05-08,2023-05-15,5,20.08,20.02,-0.29,2.91,-3.20,time_stop,7,6
T5_SX,5,X,RAIL3,2023-06-02,2023-06-12,5,21.17,21.47,1.40,4.24,-2.84,time_stop,7,6
T5_SX,5,X,RAIL3,2023-09-14,2023-09-21,5,22.37,22.40,0.13,-2.59,2.72,time_stop,8,8
T5_SX,5,X,SBSP3,2022-04-01,2022-04-04,1,41.47,43.54,5.00,-0.34,5.34,take_profit,7,7
T5_SX,5,X,SBSP3,2022-10-04,2022-10-11,5,51.29,50.57,-1.41,-1.30,-0.11,time_stop,7,7
T5_SX,5,X,SBSP3,2023-05-15,2023-05-22,5,47.25,46.03,-2.57,1.02,-3.59,time_stop,6,2
T5_SX,5,X,SBSP3,2023-08-17,2023-08-24,5,52.63,53.59,1.82,1.74,0.08,time_stop,6,5
T5_SX,5,X,SBSP3,2024-01-12,2024-01-19,5,69.36,68.82,-0.78,-2.66,1.88,time_stop,7,6
T5_SX,5,X,SBSP3,2025-03-20,2025-03-27,5,94.58,95.85,1.34,0.72,0.62,time_stop,8,7
T5_SX,5,X,SBSP3,2025-08-13,2025-08-20,5,116.57,110.09,-5.56,-1.39,-4.17,time_stop,8,7
T5_SX,5,X,SAPR11,2023-03-31,2023-04-04,2,15.26,16.02,5.00,0.02,4.98,take_profit,7,5
T5_SX,5,X,SAPR11,2023-08-14,2023-08-21,5,19.50,19.36,-0.72,-2.22,1.50,time_stop,8,8
T5_SX,5,X,SAPR11,2023-10-16,2023-10-23,5,20.95,20.05,-4.32,-3.18,-1.14,time_stop,8,5
T5_SX,5,X,SAPR11,2024-09-06,2024-09-10,2,27.51,28.88,5.00,-0.25,5.25,take_profit,6,5
T5_SX,5,X,SAPR11,2024-09-11,2024-09-18,5,29.87,29.64,-0.77,-0.88,0.11,time_stop,7,7
T5_SX,5,X,SAPR11,2024-11-28,2024-11-29,1,25.62,26.90,5.00,0.84,4.16,take_profit,5,7
T5_SX,5,X,SAPR11,2024-12-02,2024-12-05,3,27.95,29.35,5.00,2.16,2.84,take_profit,7,6
T5_SX,5,X,SAPR11,2025-06-16,2025-06-24,5,33.91,34.67,2.24,-1.47,3.71,time_stop,6,7
T5_SX,5,X,SAPR11,2025-07-01,2025-07-08,5,36.31,36.05,-0.73,-0.27,-0.46,time_stop,8,7
T5_SX,5,X,SAPR11,2026-01-12,2026-01-19,5,43.60,43.60,0.00,1.12,-1.12,time_stop,8,7
T5_SX,5,X,SANB11,2022-03-21,2022-03-25,4,27.25,28.61,5.00,2.51,2.49,take_profit,6,6
T5_SX,5,X,SANB11,2024-05-02,2024-05-09,5,25.69,25.49,-0.80,0.95,-1.75,time_stop,6,5
T5_SX,5,X,SANB11,2025-02-06,2025-02-13,5,25.07,23.84,-4.93,-1.20,-3.73,time_stop,6,1
T5_SX,5,X,SANB11,2025-05-02,2025-05-09,5,27.53,28.28,2.71,1.05,1.66,time_stop,7,7
T5_SX,5,X,SANB11,2025-10-30,2025-10-31,1,28.93,30.38,5.00,0.49,4.51,take_profit,8,7
T5_SX,5,X,SMTO3,2022-03-03,2022-03-10,5,36.89,38.01,3.05,-1.46,4.51,time_stop,8,7
T5_SX,5,X,SMTO3,2022-06-01,2022-06-08,5,43.33,40.30,-7.00,-2.67,-4.33,time_stop,7,8
T5_SX,5,X,CSNA3,2023-11-17,2023-11-20,1,12.67,13.30,5.00,0.95,4.05,take_profit,6,5
T5_SX,5,X,CSNA3,2023-11-21,2023-11-22,1,13.74,14.43,5.00,0.32,4.68,take_profit,7,6
T5_SX,5,X,SIMH3,2023-08-04,2023-08-11,5,20.80,20.93,0.66,-1.22,1.88,time_stop,6,6
T5_SX,5,X,SIMH3,2025-11-12,2025-11-19,5,10.80,10.52,-2.59,-1.58,-1.01,time_stop,7,5
T5_SX,5,X,SIMH3,2025-11-27,2025-12-01,2,12.26,12.87,5.00,0.12,4.88,take_profit,6,4
T5_SX,5,X,SIMH3,2026-01-16,2026-01-23,5,11.94,12.30,3.02,8.75,-5.73,time_stop,7,5
T5_SX,5,X,SLCE3,2022-03-04,2022-03-07,1,16.04,16.84,5.00,-2.98,7.98,take_profit,7,6
T5_SX,5,X,SLCE3,2022-03-08,2022-03-15,5,16.98,15.86,-6.61,-2.23,-4.38,time_stop,6,5
T5_SX,5,X,SLCE3,2022-04-27,2022-05-03,4,16.92,17.76,5.00,-2.65,7.65,take_profit,8,6
T5_SX,5,X,SLCE3,2023-01-30,2023-02-06,5,16.93,17.19,1.54,-3.17,4.71,time_stop,8,7
T5_SX,5,X,SLCE3,2023-07-28,2023-08-04,5,17.31,17.55,1.40,-0.74,2.14,time_stop,6,6
T5_SX,5,X,SLCE3,2024-07-02,2024-07-09,5,15.33,15.64,2.03,1.82,0.21,time_stop,6,6
T5_SX,5,X,SMFT3,2023-02-02,2023-02-09,5,15.15,14.68,-3.07,-1.75,-1.32,time_stop,8,5
T5_SX,5,X,SMFT3,2023-05-12,2023-05-19,5,15.41,15.31,-0.65,2.01,-2.66,time_stop,8,7
T5_SX,5,X,SMFT3,2023-11-16,2023-11-23,5,21.15,20.65,-2.33,1.59,-3.92,time_stop,8,8
T5_SX,5,X,SMFT3,2025-08-08,2025-08-15,5,22.03,22.71,3.11,0.49,2.62,time_stop,8,8
T5_SX,5,X,SUZB3,2022-10-31,2022-11-08,5,49.29,49.57,0.56,0.13,0.43,time_stop,7,5
T5_SX,5,X,SUZB3,2023-09-18,2023-09-21,3,48.62,51.05,5.00,-1.79,6.79,take_profit,7,7
T5_SX,5,X,SUZB3,2023-09-22,2023-09-29,5,52.12,50.28,-3.54,0.48,-4.02,time_stop,7,6
T5_SX,5,X,SUZB3,2024-06-28,2024-07-05,5,54.50,51.90,-4.78,1.93,-6.71,time_stop,7,6
T5_SX,5,X,SUZB3,2024-10-28,2024-11-04,5,56.18,56.84,1.18,-0.54,1.72,time_stop,7,7
T5_SX,5,X,TAEE11,2022-02-23,2022-03-04,5,26.60,27.93,5.00,2.62,2.38,take_profit,7,6
T5_SX,5,X,TAEE11,2022-03-07,2022-03-14,5,28.21,27.76,-1.60,-1.00,-0.60,time_stop,7,6
T5_SX,5,X,TAEE11,2024-05-03,2024-05-10,5,30.77,30.20,-1.85,-0.65,-1.20,time_stop,7,5
T5_SX,5,X,TAEE11,2025-05-02,2025-05-09,5,33.73,33.43,-0.89,1.05,-1.94,time_stop,7,6
T5_SX,5,X,TAEE11,2025-11-06,2025-11-11,3,39.20,41.16,5.00,3.13,1.87,take_profit,8,8
T5_SX,5,X,TAEE11,2025-11-12,2025-11-13,1,41.76,43.85,5.00,-0.22,5.22,take_profit,8,7
T5_SX,5,X,VIVT3,2022-03-21,2022-03-28,5,21.02,21.17,0.72,2.30,-1.58,time_stop,8,8
T5_SX,5,X,VIVT3,2024-08-02,2024-08-09,5,23.35,23.43,0.32,3.88,-3.56,time_stop,6,4
T5_SX,5,X,VIVT3,2025-04-02,2025-04-09,5,25.23,24.60,-2.52,-3.37,0.85,time_stop,7,3
T5_SX,5,X,VIVT3,2025-06-02,2025-06-09,5,28.10,28.19,0.31,-0.65,0.96,time_stop,7,6
T5_SX,5,X,VIVT3,2025-07-01,2025-07-08,5,30.26,30.89,2.07,-0.27,2.34,time_stop,8,7
T5_SX,5,X,TEND3,2023-03-13,2023-03-14,1,5.05,5.30,5.00,-0.20,5.20,take_profit,7,6
T5_SX,5,X,TEND3,2023-05-05,2023-05-09,2,6.10,6.40,5.00,1.85,3.15,take_profit,7,5
T5_SX,5,X,TEND3,2023-07-03,2023-07-05,2,10.56,11.09,5.00,-0.09,5.09,take_profit,6,5
T5_SX,5,X,TEND3,2024-09-17,2024-09-24,5,13.53,12.06,-10.82,-2.02,-8.80,time_stop,8,3
T5_SX,5,X,TEND3,2024-11-08,2024-11-11,1,15.47,16.24,5.00,-0.12,5.12,take_profit,7,6
T5_SX,5,X,TEND3,2025-05-12,2025-05-19,5,18.79,18.96,0.91,2.27,-1.36,time_stop,7,6
T5_SX,5,X,TEND3,2025-11-10,2025-11-11,1,24.08,25.28,5.00,1.67,3.33,take_profit,8,6
T5_SX,5,X,TIMS3,2022-02-10,2022-02-17,5,9.81,9.54,-2.68,0.00,-2.68,time_stop,8,8
T5_SX,5,X,TIMS3,2022-04-04,2022-04-11,5,10.06,9.60,-4.57,-3.62,-0.95,time_stop,8,8
T5_SX,5,X,TIMS3,2023-11-09,2023-11-17,5,14.02,13.47,-3.94,5.14,-9.08,time_stop,7,9
T5_SX,5,X,TIMS3,2024-08-01,2024-08-08,5,14.96,14.88,-0.52,1.26,-1.78,time_stop,6,5
T5_SX,5,X,TIMS3,2025-02-12,2025-02-19,5,14.75,15.22,3.17,2.28,0.89,time_stop,6,6
T5_SX,5,X,TIMS3,2025-06-27,2025-07-03,4,20.21,21.22,5.00,3.09,1.91,take_profit,8,5
T5_SX,5,X,TIMS3,2026-02-12,2026-02-23,5,28.03,27.48,-1.96,0.48,-2.44,time_stop,6,5
T5_SX,5,X,TOTS3,2022-08-11,2022-08-18,5,28.89,29.47,2.00,3.83,-1.83,time_stop,6,5
T5_SX,5,X,TOTS3,2023-11-09,2023-11-13,2,29.18,30.64,5.00,1.42,3.58,take_profit,6,5
T5_SX,5,X,TOTS3,2023-11-14,2023-11-22,5,31.71,32.18,1.49,2.12,-0.63,time_stop,7,6
T5_SX,5,X,TOTS3,2024-11-01,2024-11-04,1,29.27,30.73,5.00,2.05,2.95,take_profit,6,7
T5_SX,5,X,TOTS3,2025-02-03,2025-02-10,5,33.25,33.39,0.44,-0.07,0.51,time_stop,7,6
T5_SX,5,X,UGPA3,2023-05-05,2023-05-11,4,14.29,15.00,5.00,2.86,2.14,take_profit,7,5
T5_SX,5,X,USIM5,2024-01-29,2024-02-05,5,9.22,8.79,-4.72,-0.71,-4.01,time_stop,7,7
T5_SX,5,X,USIM5,2024-02-16,2024-02-22,4,9.57,10.05,5.00,1.14,3.86,take_profit,7,5
T5_SX,5,X,USIM5,2025-12-11,2025-12-18,5,6.11,5.92,-3.11,-0.85,-2.26,time_stop,7,7
T5_SX,5,X,USIM5,2026-01-29,2026-02-05,5,7.10,6.37,-10.28,-0.56,-9.72,time_stop,6,3
T5_SX,5,X,VALE3,2024-09-27,2024-10-04,5,56.66,54.72,-3.43,-0.65,-2.78,time_stop,6,6
T5_SX,5,X,VALE3,2025-12-01,2025-12-04,3,64.43,67.65,5.00,3.72,1.28,take_profit,8,6
T5_SX,5,X,VALE3,2026-01-22,2026-01-28,4,82.50,86.62,5.00,5.01,-0.01,take_profit,8,6
T5_SX,5,X,VAMO3,2022-04-29,2022-05-06,5,11.69,11.52,-1.39,-2.10,0.71,time_stop,7,5
T5_SX,5,X,VAMO3,2022-08-05,2022-08-08,1,12.33,12.94,5.00,2.01,2.99,take_profit,8,7
T5_SX,5,X,VAMO3,2022-08-11,2022-08-18,5,13.52,13.64,0.88,3.83,-2.95,time_stop,7,6
T5_SX,5,X,VAMO3,2022-11-01,2022-11-09,5,13.70,13.14,-4.12,-2.71,-1.41,time_stop,8,7
T5_SX,5,X,VAMO3,2024-07-05,2024-07-10,3,7.99,8.39,5.00,0.65,4.35,take_profit,6,6
T5_SX,5,X,VBBR3,2022-02-17,2022-02-24,5,17.98,17.30,-3.80,-1.48,-2.32,time_stop,7,2
T5_SX,5,X,VBBR3,2023-08-17,2023-08-24,5,14.03,14.36,2.37,1.74,0.63,time_stop,7,6
T5_SX,5,X,VBBR3,2023-11-08,2023-11-16,5,17.10,17.16,0.37,4.71,-4.34,time_stop,7,7
T5_SX,5,X,VBBR3,2024-11-07,2024-11-14,5,19.66,18.93,-3.69,-1.42,-2.27,time_stop,5,5
T5_SX,5,X,VBBR3,2025-08-29,2025-09-05,5,21.97,22.58,2.76,0.83,1.93,time_stop,7,7
T5_SX,5,X,VBBR3,2026-02-06,2026-02-13,5,30.99,31.73,2.39,2.09,0.30,time_stop,8,7
T5_SX,5,X,VIVA3,2023-05-15,2023-05-18,3,21.43,22.50,5.00,1.21,3.79,take_profit,6,4
T5_SX,5,X,VIVA3,2025-05-16,2025-05-23,5,23.64,24.10,1.95,-1.20,3.15,time_stop,6,6
T5_SX,5,X,WEGE3,2022-10-03,2022-10-10,5,29.59,31.07,5.00,-0.28,5.28,take_profit,7,5
T5_SX,5,X,WEGE3,2022-10-27,2022-10-31,2,34.62,36.35,5.00,1.95,3.05,take_profit,6,4
T5_SX,5,X,WEGE3,2024-08-01,2024-08-08,5,47.66,46.98,-1.43,1.26,-2.69,time_stop,7,5
T5_SX,5,X,WEGE3,2026-01-27,2026-02-03,5,52.00,54.00,3.85,2.22,1.63,time_stop,5,5
T5_SX,5,X,YDUQ3,2023-05-11,2023-05-12,1,10.04,10.54,5.00,0.22,4.78,take_profit,7,7
T5_SX,5,X,YDUQ3,2023-06-22,2023-06-29,5,17.89,17.49,-2.24,-0.30,-1.94,time_stop,7,5
T5_SX,5,X,YDUQ3,2023-08-14,2023-08-21,5,21.36,19.21,-10.07,-2.22,-7.85,time_stop,7,5
T5_SX,5,X,YDUQ3,2025-03-19,2025-03-26,5,10.99,10.61,-3.42,-0.28,-3.14,time_stop,7,6
T5_SX,5,X,YDUQ3,2025-04-22,2025-04-29,5,13.56,13.65,0.69,3.56,-2.87,time_stop,6,6
