time_stop,combo,ticker,data_entrada,data_saida,dias,mrs_entrada,cruzamentos,entrada,saida,pnl_pct,ret_bova,ret_rel,motivo
5,TS5d,ALOS3,2024-01-30,2024-02-06,5,-4.087,3,20.870,21.100,1.111,2.679,-1.568,time_stop
5,TS5d,ALOS3,2024-02-09,2024-02-20,5,-4.702,3,20.690,20.590,-0.498,1.660,-2.158,time_stop
7,TS7d,ALOS3,2024-01-30,2024-02-08,7,-4.087,3,20.870,20.790,-0.370,0.761,-1.131,time_stop
7,TS7d,ALOS3,2024-02-09,2024-02-22,7,-4.702,3,20.690,20.770,0.373,1.748,-1.375,time_stop
10,TS10d,ALOS3,2024-01-30,2024-02-15,10,-4.087,3,20.870,20.210,-3.128,0.397,-3.525,time_stop
5,TS5d,ABEV3,2023-06-20,2023-06-27,5,-4.600,3,11.930,12.180,2.125,-1.770,3.895,time_stop
5,TS5d,ABEV3,2025-08-04,2025-08-11,5,-4.486,5,11.100,11.030,-0.646,1.923,-2.569,time_stop
7,TS7d,ABEV3,2023-06-20,2023-06-29,7,-4.600,3,11.930,12.060,1.062,-0.786,1.848,time_stop
7,TS7d,ABEV3,2025-08-04,2025-08-13,7,-4.486,5,11.100,10.860,-2.179,2.815,-4.994,time_stop
10,TS10d,ABEV3,2023-06-20,2023-07-04,10,-4.600,3,11.930,11.990,0.531,-0.501,1.032,time_stop
10,TS10d,ABEV3,2025-08-04,2025-08-18,10,-4.486,5,11.100,10.810,-2.583,3.331,-5.914,time_stop
5,TS5d,ANIM3,2022-11-14,2022-11-22,5,-4.502,4,4.990,4.320,-13.495,-3.817,-9.678,time_stop
5,TS5d,ANIM3,2023-08-15,2023-08-22,5,-4.742,6,3.370,3.470,2.813,0.036,2.777,time_stop
5,TS5d,ANIM3,2025-11-04,2025-11-05,1,-4.542,3,3.300,3.460,5.000,1.932,3.068,take_profit
5,TS5d,ANIM3,2025-11-17,2025-11-25,5,-4.643,5,3.510,3.600,2.564,-0.533,3.097,time_stop
5,TS5d,ANIM3,2026-03-09,2026-03-10,1,-4.685,5,4.300,4.520,5.000,1.405,3.595,take_profit
7,TS7d,ANIM3,2022-11-14,2022-11-24,7,-4.502,4,4.990,4.330,-13.149,-0.952,-12.197,time_stop
7,TS7d,ANIM3,2023-08-15,2023-08-24,7,-4.742,6,3.370,3.350,-0.767,0.828,-1.595,time_stop
7,TS7d,ANIM3,2025-11-04,2025-11-05,1,-4.542,3,3.300,3.460,5.000,1.932,3.068,take_profit
7,TS7d,ANIM3,2025-11-17,2025-11-26,6,-4.643,5,3.510,3.690,5.000,1.268,3.732,take_profit
7,TS7d,ANIM3,2026-03-09,2026-03-10,1,-4.685,5,4.300,4.520,5.000,1.405,3.595,take_profit
10,TS10d,ANIM3,2022-11-14,2022-11-29,10,-4.502,4,4.990,3.740,-25.087,-1.785,-23.302,time_stop
10,TS10d,ANIM3,2023-08-15,2023-08-29,10,-4.742,6,3.370,3.310,-1.790,2.002,-3.792,time_stop
10,TS10d,ANIM3,2025-11-04,2025-11-05,1,-4.542,3,3.300,3.460,5.000,1.932,3.068,take_profit
10,TS10d,ANIM3,2025-11-17,2025-11-26,6,-4.643,5,3.510,3.690,5.000,1.268,3.732,take_profit
10,TS10d,ANIM3,2026-03-09,2026-03-10,1,-4.685,5,4.300,4.520,5.000,1.405,3.595,take_profit
5,TS5d,ASAI3,2024-05-31,2024-06-07,5,-4.094,6,12.050,11.630,-3.459,-1.289,-2.170,time_stop
7,TS7d,ASAI3,2024-05-31,2024-06-11,7,-4.094,6,12.050,11.630,-3.459,-0.556,-2.903,time_stop
10,TS10d,ASAI3,2024-05-31,2024-06-14,10,-4.094,6,12.050,11.300,-6.195,-2.056,-4.139,time_stop
5,TS5d,AURE3,2023-07-25,2023-08-01,5,-4.509,4,12.410,12.130,-2.301,-0.390,-1.911,time_stop
5,TS5d,AURE3,2026-01-21,2026-01-28,5,-4.422,3,11.540,11.690,1.300,7.369,-6.069,time_stop
7,TS7d,AURE3,2023-07-25,2023-08-03,7,-4.509,4,12.410,12.000,-3.347,-1.076,-2.271,time_stop
7,TS7d,AURE3,2026-01-21,2026-01-30,7,-4.422,3,11.540,11.260,-2.426,5.475,-7.901,time_stop
10,TS10d,AURE3,2023-07-25,2023-08-08,10,-4.509,4,12.410,12.090,-2.650,-2.297,-0.353,time_stop
10,TS10d,AURE3,2026-01-21,2026-02-04,10,-4.422,3,11.540,10.960,-5.026,5.475,-10.501,time_stop
5,TS5d,AXIA3,2023-01-02,2023-01-09,5,-4.176,3,35.730,36.120,1.102,2.650,-1.548,time_stop
5,TS5d,AXIA3,2024-04-12,2024-04-19,5,-4.621,3,34.340,33.270,-3.102,-0.491,-2.611,time_stop
5,TS5d,AXIA3,2024-05-02,2024-05-09,5,-4.400,3,34.030,33.910,-0.340,0.949,-1.289,time_stop
5,TS5d,AXIA3,2024-10-02,2024-10-09,5,-4.140,6,35.470,33.980,-4.190,-2.695,-1.495,time_stop
5,TS5d,AXIA3,2024-10-10,2024-10-17,5,-4.756,6,33.950,33.930,-0.052,0.402,-0.454,time_stop
5,TS5d,AXIA3,2026-01-14,2026-01-21,5,-4.034,3,49.900,52.400,5.000,4.136,0.864,take_profit
5,TS5d,AXIA3,2026-01-26,2026-02-02,5,-4.743,3,54.350,55.600,2.300,2.225,0.075,time_stop
5,TS5d,AXIA3,2026-02-03,2026-02-10,5,-4.493,3,56.460,58.850,4.233,0.115,4.118,time_stop
7,TS7d,AXIA3,2023-01-02,2023-01-11,7,-4.176,3,35.730,37.390,4.651,6.304,-1.653,time_stop
7,TS7d,AXIA3,2024-04-12,2024-04-23,7,-4.621,3,34.340,32.750,-4.640,-0.581,-4.059,time_stop
7,TS7d,AXIA3,2024-05-02,2024-05-13,7,-4.400,3,34.030,33.760,-0.785,0.981,-1.766,time_stop
7,TS7d,AXIA3,2024-10-02,2024-10-11,7,-4.140,6,35.470,33.930,-4.340,-2.603,-1.737,time_stop
7,TS7d,AXIA3,2024-10-14,2024-10-23,7,-4.936,5,34.030,33.850,-0.523,-1.325,0.802,time_stop
7,TS7d,AXIA3,2026-01-14,2026-01-21,5,-4.034,3,49.900,52.400,5.000,4.136,0.864,take_profit
7,TS7d,AXIA3,2026-01-26,2026-02-04,7,-4.743,3,54.350,54.980,1.159,1.654,-0.495,time_stop
10,TS10d,AXIA3,2023-01-02,2023-01-16,10,-4.176,3,35.730,35.700,-0.073,2.767,-2.840,time_stop
10,TS10d,AXIA3,2024-04-12,2024-04-26,10,-4.621,3,34.340,33.190,-3.358,0.581,-3.939,time_stop
10,TS10d,AXIA3,2024-05-02,2024-05-16,10,-4.400,3,34.030,34.200,0.497,0.973,-0.476,time_stop
10,TS10d,AXIA3,2024-10-02,2024-10-16,10,-4.140,6,35.470,33.920,-4.365,-1.371,-2.994,time_stop
10,TS10d,AXIA3,2026-01-14,2026-01-21,5,-4.034,3,49.900,52.400,5.000,4.136,0.864,take_profit
10,TS10d,AXIA3,2026-01-26,2026-02-06,9,-4.743,3,54.350,57.070,5.000,2.248,2.752,take_profit
5,TS5d,AZZA3,2022-03-04,2022-03-11,5,-4.647,6,66.550,64.690,-2.796,-2.446,-0.350,time_stop
5,TS5d,AZZA3,2022-03-14,2022-03-21,5,-4.291,4,64.790,66.840,3.156,5.564,-2.408,time_stop
5,TS5d,AZZA3,2022-03-22,2022-03-23,1,-4.923,5,67.000,70.350,5.000,-0.177,5.177,take_profit
5,TS5d,AZZA3,2022-06-10,2022-06-20,5,-4.184,5,62.340,58.640,-5.945,-5.431,-0.514,time_stop
5,TS5d,AZZA3,2022-06-21,2022-06-28,5,-4.022,5,59.380,57.900,-2.497,0.674,-3.171,time_stop
5,TS5d,AZZA3,2022-06-30,2022-07-07,5,-4.945,7,57.210,60.070,5.000,2.505,2.495,take_profit
5,TS5d,AZZA3,2022-12-12,2022-12-19,5,-4.953,3,67.580,66.230,-1.994,-0.422,-1.572,time_stop
5,TS5d,AZZA3,2022-12-20,2022-12-23,3,-4.653,3,66.040,69.340,5.000,2.366,2.634,take_profit
5,TS5d,AZZA3,2022-12-26,2023-01-03,5,-4.606,3,69.350,61.670,-11.082,-4.441,-6.641,time_stop
5,TS5d,AZZA3,2023-02-14,2023-02-23,5,-4.619,4,68.800,65.870,-4.269,-0.268,-4.001,time_stop
5,TS5d,AZZA3,2025-08-28,2025-09-04,5,-4.413,3,31.460,30.190,-4.015,-0.217,-3.798,time_stop
7,TS7d,AZZA3,2022-03-04,2022-03-15,7,-4.647,6,66.550,66.720,0.252,-4.982,5.234,time_stop
7,TS7d,AZZA3,2022-03-22,2022-03-23,1,-4.923,5,67.000,70.350,5.000,-0.177,5.177,take_profit
7,TS7d,AZZA3,2022-06-10,2022-06-22,7,-4.184,5,62.340,58.840,-5.621,-5.687,0.066,time_stop
7,TS7d,AZZA3,2022-06-30,2022-07-07,5,-4.945,7,57.210,60.070,5.000,2.505,2.495,take_profit
7,TS7d,AZZA3,2022-12-12,2022-12-21,7,-4.953,3,67.580,67.380,-0.304,2.033,-2.337,time_stop
7,TS7d,AZZA3,2022-12-26,2023-01-05,7,-4.606,3,69.350,63.840,-7.949,-0.837,-7.112,time_stop
7,TS7d,AZZA3,2023-02-14,2023-02-27,7,-4.619,4,68.800,64.410,-6.390,-2.049,-4.341,time_stop
7,TS7d,AZZA3,2025-08-28,2025-09-08,7,-4.413,3,31.460,29.290,-6.904,0.354,-7.258,time_stop
10,TS10d,AZZA3,2022-03-04,2022-03-18,10,-4.647,6,66.550,67.410,1.284,0.299,0.985,time_stop
10,TS10d,AZZA3,2022-03-22,2022-03-23,1,-4.923,5,67.000,70.350,5.000,-0.177,5.177,take_profit
10,TS10d,AZZA3,2022-06-10,2022-06-27,10,-4.184,5,62.340,58.580,-6.040,-4.390,-1.650,time_stop
10,TS10d,AZZA3,2022-06-30,2022-07-07,5,-4.945,7,57.210,60.070,5.000,2.505,2.495,take_profit
10,TS10d,AZZA3,2022-12-12,2022-12-26,10,-4.953,3,67.580,67.460,-0.176,3.291,-3.467,time_stop
10,TS10d,AZZA3,2023-02-14,2023-03-02,10,-4.619,4,68.800,62.460,-9.224,-4.300,-4.924,time_stop
10,TS10d,AZZA3,2025-08-28,2025-09-11,10,-4.413,3,31.460,29.940,-4.824,1.193,-6.017,time_stop
5,TS5d,B3SA3,2023-02-10,2023-02-17,5,-4.949,9,10.330,9.890,-4.253,0.773,-5.026,time_stop
5,TS5d,B3SA3,2024-09-04,2024-09-11,5,-4.082,4,11.430,11.440,0.083,-0.884,0.967,time_stop
5,TS5d,B3SA3,2024-09-12,2024-09-19,5,-4.379,4,11.450,11.310,-1.235,-0.721,-0.514,time_stop
5,TS5d,B3SA3,2025-10-03,2025-10-10,5,-4.032,6,12.500,12.250,-1.946,-2.415,0.469,time_stop
5,TS5d,B3SA3,2025-10-15,2025-10-22,5,-4.979,3,12.040,12.110,0.565,1.713,-1.148,time_stop
7,TS7d,B3SA3,2023-02-10,2023-02-23,7,-4.949,9,10.330,9.660,-6.424,-0.573,-5.851,time_stop
7,TS7d,B3SA3,2024-09-04,2024-09-13,7,-4.082,4,11.430,11.440,0.083,-0.884,0.967,time_stop
7,TS7d,B3SA3,2024-09-16,2024-09-25,7,-4.262,4,11.500,10.260,-10.799,-2.634,-8.165,time_stop
7,TS7d,B3SA3,2025-10-03,2025-10-14,7,-4.032,6,12.500,12.210,-2.335,-1.756,-0.579,time_stop
7,TS7d,B3SA3,2025-10-15,2025-10-24,7,-4.979,3,12.040,12.160,0.969,2.516,-1.547,time_stop
10,TS10d,B3SA3,2023-02-10,2023-02-28,10,-4.949,9,10.330,9.490,-8.107,-3.437,-4.670,time_stop
10,TS10d,B3SA3,2024-09-04,2024-09-18,10,-4.082,4,11.430,11.440,0.083,-1.760,1.843,time_stop
10,TS10d,B3SA3,2025-10-03,2025-10-17,10,-4.032,6,12.500,12.220,-2.257,-0.581,-1.676,time_stop
5,TS5d,BBSE3,2023-11-06,2023-11-13,5,-4.919,4,24.470,24.150,-1.319,1.751,-3.070,time_stop
5,TS5d,BBSE3,2025-06-06,2025-06-13,5,-4.045,5,31.910,31.240,-2.095,0.699,-2.794,time_stop
7,TS7d,BBSE3,2023-11-06,2023-11-16,7,-4.919,4,24.470,24.700,0.942,5.357,-4.415,time_stop
7,TS7d,BBSE3,2025-06-06,2025-06-17,7,-4.045,5,31.910,31.250,-2.068,1.849,-3.917,time_stop
10,TS10d,BBSE3,2023-11-06,2023-11-21,10,-4.919,4,24.470,24.520,0.220,6.053,-5.833,time_stop
10,TS10d,BBSE3,2025-06-06,2025-06-23,10,-4.045,5,31.910,31.240,-2.095,0.308,-2.403,time_stop
5,TS5d,BBDC3,2022-02-17,2022-02-24,5,-4.352,8,11.900,11.270,-5.342,-1.485,-3.857,time_stop
5,TS5d,BBDC3,2022-11-09,2022-11-17,5,-4.707,5,10.910,9.820,-9.959,-3.699,-6.260,time_stop
5,TS5d,BBDC3,2023-09-06,2023-09-14,5,-4.460,5,10.310,10.490,1.773,2.975,-1.202,time_stop
5,TS5d,BBDC3,2023-09-15,2023-09-22,5,-4.445,5,10.490,9.940,-5.227,-2.010,-3.217,time_stop
5,TS5d,BBDC3,2024-11-29,2024-12-06,5,-4.225,3,9.930,9.840,-0.824,0.114,-0.938,time_stop
5,TS5d,BBDC3,2026-03-09,2026-03-16,5,-4.314,5,16.700,16.420,-1.677,-0.401,-1.276,time_stop
7,TS7d,BBDC3,2022-02-17,2022-03-02,7,-4.352,8,11.900,11.210,-5.843,1.833,-7.676,time_stop
7,TS7d,BBDC3,2022-11-09,2022-11-21,7,-4.707,5,10.910,9.780,-10.300,-3.344,-6.956,time_stop
7,TS7d,BBDC3,2023-09-06,2023-09-18,7,-4.460,5,10.310,10.450,1.388,2.138,-0.750,time_stop
7,TS7d,BBDC3,2023-09-19,2023-09-28,7,-4.002,4,10.440,9.970,-4.566,-1.683,-2.883,time_stop
7,TS7d,BBDC3,2024-11-29,2024-12-10,7,-4.225,3,9.930,9.990,0.692,2.011,-1.319,time_stop
10,TS10d,BBDC3,2022-02-17,2022-03-07,10,-4.352,8,11.900,10.790,-9.369,-1.824,-7.545,time_stop
10,TS10d,BBDC3,2022-11-09,2022-11-24,10,-4.707,5,10.910,9.930,-8.936,-1.412,-7.524,time_stop
10,TS10d,BBDC3,2023-09-06,2023-09-21,10,-4.460,5,10.310,9.930,-3.624,0.312,-3.936,time_stop
10,TS10d,BBDC3,2024-11-29,2024-12-13,10,-4.225,3,9.930,9.790,-1.359,-0.564,-0.795,time_stop
5,TS5d,BBDC4,2022-10-31,2022-11-01,1,-4.423,3,14.040,14.750,5.000,0.588,4.412,take_profit
5,TS5d,BBDC4,2022-11-07,2022-11-14,5,-4.746,3,14.450,11.370,-21.329,-1.780,-19.549,time_stop
5,TS5d,BBDC4,2024-01-15,2024-01-22,5,-4.155,4,13.180,12.940,-1.841,-4.006,2.165,time_stop
5,TS5d,BBDC4,2024-01-24,2024-01-31,5,-4.791,4,12.920,12.850,-0.583,-0.016,-0.567,time_stop
5,TS5d,BBDC4,2024-02-01,2024-02-06,3,-4.471,3,12.890,13.540,5.000,1.863,3.137,take_profit
5,TS5d,BBDC4,2024-12-02,2024-12-09,5,-4.688,5,11.180,10.880,-2.708,1.543,-4.251,time_stop
5,TS5d,BBDC4,2026-03-09,2026-03-16,5,-4.749,3,19.320,19.000,-1.656,-0.401,-1.255,time_stop
7,TS7d,BBDC4,2022-10-31,2022-11-01,1,-4.423,3,14.040,14.750,5.000,0.588,4.412,take_profit
7,TS7d,BBDC4,2022-11-07,2022-11-17,7,-4.746,3,14.450,11.650,-19.357,-4.972,-14.385,time_stop
7,TS7d,BBDC4,2024-01-15,2024-01-24,7,-4.155,4,13.180,12.820,-2.730,-3.012,0.282,time_stop
7,TS7d,BBDC4,2024-01-25,2024-02-05,7,-4.714,4,12.840,13.100,2.017,-0.482,2.499,time_stop
7,TS7d,BBDC4,2024-12-02,2024-12-11,7,-4.688,5,11.180,11.290,0.949,3.881,-2.932,time_stop
10,TS10d,BBDC4,2022-10-31,2022-11-01,1,-4.423,3,14.040,14.750,5.000,0.588,4.412,take_profit
10,TS10d,BBDC4,2022-11-07,2022-11-22,10,-4.746,3,14.450,11.580,-19.875,-5.530,-14.345,time_stop
10,TS10d,BBDC4,2024-01-15,2024-01-29,10,-4.155,4,13.180,12.870,-2.349,-2.402,0.053,time_stop
10,TS10d,BBDC4,2024-01-30,2024-02-06,5,-4.914,3,12.890,13.540,5.000,2.679,2.321,take_profit
10,TS10d,BBDC4,2024-12-02,2024-12-16,10,-4.688,5,11.180,10.570,-5.410,-1.362,-4.048,time_stop
5,TS5d,BRAP4,2023-05-09,2023-05-16,5,-4.627,3,15.920,15.420,-3.118,0.800,-3.918,time_stop
5,TS5d,BRAP4,2024-01-16,2024-01-23,5,-4.107,4,17.860,17.320,-3.018,-0.749,-2.269,time_stop
5,TS5d,BRAP4,2024-02-01,2024-02-08,5,-4.017,4,17.060,16.590,-2.764,-0.040,-2.724,time_stop
5,TS5d,BRAP4,2025-01-07,2025-01-14,5,-4.699,4,13.580,13.240,-2.483,-1.430,-1.053,time_stop
5,TS5d,BRAP4,2025-01-17,2025-01-24,5,-4.401,3,13.820,13.740,-0.549,0.168,-0.717,time_stop
7,TS7d,BRAP4,2023-05-09,2023-05-18,7,-4.627,3,15.920,16.030,0.747,2.842,-2.095,time_stop
7,TS7d,BRAP4,2024-01-16,2024-01-25,7,-4.107,4,17.860,17.250,-3.395,-0.821,-2.574,time_stop
7,TS7d,BRAP4,2024-02-01,2024-02-14,7,-4.017,4,17.060,16.400,-3.861,-1.068,-2.793,time_stop
7,TS7d,BRAP4,2025-01-07,2025-01-16,7,-4.699,4,13.580,13.690,0.807,0.152,0.655,time_stop
7,TS7d,BRAP4,2025-01-17,2025-01-28,7,-4.401,3,13.820,13.660,-1.159,1.493,-2.652,time_stop
10,TS10d,BRAP4,2023-05-09,2023-05-23,10,-4.627,3,15.920,15.310,-3.821,2.543,-6.364,time_stop
10,TS10d,BRAP4,2024-01-16,2024-01-30,10,-4.107,4,17.860,17.150,-3.982,-1.530,-2.452,time_stop
10,TS10d,BRAP4,2024-02-01,2024-02-19,10,-4.017,4,17.060,16.580,-2.808,0.466,-3.274,time_stop
10,TS10d,BRAP4,2025-01-07,2025-01-21,10,-4.699,4,13.580,14.040,3.414,1.820,1.594,time_stop
5,TS5d,BBAS3,2024-08-09,2024-08-14,3,-4.049,3,23.640,24.820,5.000,2.006,2.994,take_profit
7,TS7d,BBAS3,2024-08-09,2024-08-14,3,-4.049,3,23.640,24.820,5.000,2.006,2.994,take_profit
10,TS10d,BBAS3,2024-08-09,2024-08-14,3,-4.049,3,23.640,24.820,5.000,2.006,2.994,take_profit
5,TS5d,BRAV3,2022-07-12,2022-07-19,5,-4.925,3,31.340,30.440,-2.872,-0.211,-2.661,time_stop
5,TS5d,BRAV3,2022-09-13,2022-09-20,5,-4.089,4,37.000,38.820,4.919,1.748,3.171,time_stop
5,TS5d,BRAV3,2022-09-29,2022-10-03,2,-4.719,10,35.790,37.580,5.000,8.285,-3.285,take_profit
5,TS5d,BRAV3,2025-01-27,2025-02-03,5,-4.612,4,22.380,21.950,-1.921,0.632,-2.553,time_stop
7,TS7d,BRAV3,2022-07-12,2022-07-21,7,-4.925,3,31.340,30.450,-2.840,0.474,-3.314,time_stop
7,TS7d,BRAV3,2022-09-13,2022-09-21,6,-4.089,4,37.000,38.850,5.000,1.103,3.897,take_profit
7,TS7d,BRAV3,2022-09-29,2022-10-03,2,-4.719,10,35.790,37.580,5.000,8.285,-3.285,take_profit
7,TS7d,BRAV3,2025-01-27,2025-02-05,7,-4.612,4,22.380,21.000,-6.166,0.410,-6.576,time_stop
10,TS10d,BRAV3,2022-07-12,2022-07-26,10,-4.925,3,31.340,29.940,-4.467,1.317,-5.784,time_stop
10,TS10d,BRAV3,2022-09-13,2022-09-21,6,-4.089,4,37.000,38.850,5.000,1.103,3.897,take_profit
10,TS10d,BRAV3,2022-09-29,2022-10-03,2,-4.719,10,35.790,37.580,5.000,8.285,-3.285,take_profit
10,TS10d,BRAV3,2025-01-27,2025-02-10,10,-4.612,4,22.380,20.750,-7.283,0.558,-7.841,time_stop
5,TS5d,BPAC11,2022-05-09,2022-05-10,1,-4.329,5,19.730,20.720,5.000,-0.441,5.441,take_profit
5,TS5d,BPAC11,2022-12-09,2022-12-16,5,-4.628,7,21.250,19.060,-10.312,-4.331,-5.981,time_stop
5,TS5d,BPAC11,2022-12-21,2022-12-23,2,-4.626,7,20.880,21.920,5.000,2.051,2.949,take_profit
5,TS5d,BPAC11,2023-01-06,2023-01-10,2,-4.496,5,20.900,21.950,5.000,1.592,3.408,take_profit
7,TS7d,BPAC11,2022-05-09,2022-05-10,1,-4.329,5,19.730,20.720,5.000,-0.441,5.441,take_profit
7,TS7d,BPAC11,2022-12-09,2022-12-20,7,-4.628,7,21.250,20.820,-2.036,-0.337,-1.699,time_stop
7,TS7d,BPAC11,2022-12-21,2022-12-23,2,-4.626,7,20.880,21.920,5.000,2.051,2.949,take_profit
7,TS7d,BPAC11,2023-01-06,2023-01-10,2,-4.496,5,20.900,21.950,5.000,1.592,3.408,take_profit
10,TS10d,BPAC11,2022-05-09,2022-05-10,1,-4.329,5,19.730,20.720,5.000,-0.441,5.441,take_profit
10,TS10d,BPAC11,2022-12-09,2022-12-23,10,-4.628,7,21.250,22.310,5.000,2.021,2.979,take_profit
10,TS10d,BPAC11,2023-01-06,2023-01-10,2,-4.496,5,20.900,21.950,5.000,1.592,3.408,take_profit
5,TS5d,CXSE3,2026-01-26,2026-02-02,5,-4.621,5,17.110,17.900,4.617,2.225,2.392,time_stop
5,TS5d,CXSE3,2026-02-20,2026-02-27,5,-4.151,6,17.760,17.790,0.169,-0.820,0.989,time_stop
5,TS5d,CXSE3,2026-03-02,2026-03-09,5,-4.008,4,17.710,17.660,-0.282,-4.442,4.160,time_stop
7,TS7d,CXSE3,2026-01-26,2026-02-03,6,-4.621,5,17.110,17.970,5.000,3.930,1.070,take_profit
7,TS7d,CXSE3,2026-02-20,2026-03-03,7,-4.151,6,17.760,17.580,-1.014,-3.958,2.944,time_stop
10,TS10d,CXSE3,2026-01-26,2026-02-03,6,-4.621,5,17.110,17.970,5.000,3.930,1.070,take_profit
10,TS10d,CXSE3,2026-02-20,2026-03-06,10,-4.151,6,17.760,17.610,-0.845,-5.785,4.940,time_stop
5,TS5d,CBAV3,2024-08-29,2024-09-05,5,-4.675,5,5.250,4.850,-7.619,0.545,-8.164,time_stop
7,TS7d,CBAV3,2024-08-29,2024-09-09,7,-4.675,5,5.250,4.620,-12.000,-0.855,-11.145,time_stop
10,TS10d,CBAV3,2024-08-29,2024-09-12,10,-4.675,5,5.250,4.670,-11.048,-1.407,-9.641,time_stop
5,TS5d,CEAB3,2024-08-16,2024-08-20,2,-4.800,5,8.390,8.810,5.000,1.650,3.350,take_profit
5,TS5d,CEAB3,2024-12-19,2024-12-30,5,-4.450,3,8.710,7.380,-15.263,-0.602,-14.661,time_stop
5,TS5d,CEAB3,2025-02-26,2025-02-27,1,-4.445,6,8.900,9.340,5.000,-0.057,5.057,take_profit
5,TS5d,CEAB3,2025-12-02,2025-12-09,5,-4.041,9,16.390,13.510,-17.575,-2.165,-15.410,time_stop
7,TS7d,CEAB3,2024-08-16,2024-08-20,2,-4.800,5,8.390,8.810,5.000,1.650,3.350,take_profit
7,TS7d,CEAB3,2024-12-19,2025-01-03,7,-4.450,3,8.710,7.120,-18.181,-2.144,-16.037,time_stop
7,TS7d,CEAB3,2025-02-26,2025-02-27,1,-4.445,6,8.900,9.340,5.000,-0.057,5.057,take_profit
7,TS7d,CEAB3,2025-12-02,2025-12-11,7,-4.041,9,16.390,12.960,-20.914,-1.127,-19.787,time_stop
10,TS10d,CEAB3,2024-08-16,2024-08-20,2,-4.800,5,8.390,8.810,5.000,1.650,3.350,take_profit
10,TS10d,CEAB3,2024-12-19,2025-01-08,10,-4.450,3,8.710,7.370,-15.322,-1.110,-14.212,time_stop
10,TS10d,CEAB3,2025-02-26,2025-02-27,1,-4.445,6,8.900,9.340,5.000,-0.057,5.057,take_profit
10,TS10d,CEAB3,2025-12-02,2025-12-16,10,-4.041,9,16.390,12.650,-22.847,-1.779,-21.068,time_stop
5,TS5d,CMIG4,2023-11-22,2023-11-29,5,-4.165,3,6.980,5.990,-14.263,0.098,-14.361,time_stop
5,TS5d,CMIG4,2025-11-25,2025-12-02,5,-4.740,4,10.830,10.930,0.981,3.269,-2.288,time_stop
7,TS7d,CMIG4,2023-11-22,2023-12-01,7,-4.165,3,6.980,6.090,-12.837,1.711,-14.548,time_stop
7,TS7d,CMIG4,2025-11-25,2025-12-04,7,-4.740,4,10.830,11.090,2.409,5.439,-3.030,time_stop
10,TS10d,CMIG4,2023-11-22,2023-12-06,10,-4.165,3,6.980,6.160,-11.807,-0.352,-11.455,time_stop
10,TS10d,CMIG4,2025-11-25,2025-12-09,10,-4.740,4,10.830,10.690,-1.249,1.033,-2.282,time_stop
5,TS5d,COGN3,2022-06-07,2022-06-14,5,-4.773,6,2.130,1.920,-9.639,-7.339,-2.300,time_stop
5,TS5d,COGN3,2022-06-27,2022-07-04,5,-4.989,8,1.890,1.710,-9.502,-2.209,-7.293,time_stop
5,TS5d,COGN3,2022-07-29,2022-08-04,4,-4.306,3,1.950,2.050,5.000,3.202,1.798,take_profit
5,TS5d,COGN3,2023-10-09,2023-10-10,1,-4.735,3,2.100,2.210,5.000,1.244,3.756,take_profit
5,TS5d,COGN3,2023-10-24,2023-10-31,5,-4.033,3,2.160,2.050,-5.138,-0.562,-4.576,time_stop
7,TS7d,COGN3,2022-06-07,2022-06-17,7,-4.773,6,2.130,2.020,-4.819,-9.364,4.545,time_stop
7,TS7d,COGN3,2022-06-27,2022-07-06,7,-4.989,8,1.890,1.930,2.262,-1.983,4.245,time_stop
7,TS7d,COGN3,2022-07-29,2022-08-04,4,-4.306,3,1.950,2.050,5.000,3.202,1.798,take_profit
7,TS7d,COGN3,2023-10-09,2023-10-10,1,-4.735,3,2.100,2.210,5.000,1.244,3.756,take_profit
7,TS7d,COGN3,2023-10-24,2023-11-03,7,-4.033,3,2.160,2.250,3.953,4.091,-0.138,time_stop
10,TS10d,COGN3,2022-06-07,2022-06-22,10,-4.773,6,2.130,1.920,-9.639,-9.534,-0.105,time_stop
10,TS10d,COGN3,2022-06-27,2022-07-07,8,-4.989,8,1.890,1.980,5.000,0.031,4.969,take_profit
10,TS10d,COGN3,2022-07-29,2022-08-04,4,-4.306,3,1.950,2.050,5.000,3.202,1.798,take_profit
10,TS10d,COGN3,2023-10-09,2023-10-10,1,-4.735,3,2.100,2.210,5.000,1.244,3.756,take_profit
10,TS10d,COGN3,2023-10-24,2023-11-08,10,-4.033,3,2.160,2.240,3.557,4.790,-1.233,time_stop
5,TS5d,CSMG3,2022-04-01,2022-04-08,5,-4.154,10,9.330,9.790,5.000,-2.747,7.747,take_profit
5,TS5d,CSMG3,2022-06-07,2022-06-14,5,-4.452,7,8.660,8.240,-4.882,-7.339,2.457,time_stop
5,TS5d,CSMG3,2022-07-06,2022-07-13,5,-4.297,6,7.760,7.840,1.067,-0.954,2.021,time_stop
5,TS5d,CSMG3,2023-10-18,2023-10-25,5,-4.297,5,12.830,12.610,-1.741,-0.924,-0.817,time_stop
5,TS5d,CSMG3,2023-11-03,2023-11-06,1,-4.054,5,12.930,13.580,5.000,0.052,4.948,take_profit
7,TS7d,CSMG3,2022-04-01,2022-04-08,5,-4.154,10,9.330,9.790,5.000,-2.747,7.747,take_profit
7,TS7d,CSMG3,2022-06-07,2022-06-17,7,-4.452,7,8.660,8.140,-5.984,-9.364,3.380,time_stop
7,TS7d,CSMG3,2022-07-06,2022-07-15,7,-4.297,6,7.760,7.790,0.356,-2.253,2.609,time_stop
7,TS7d,CSMG3,2023-10-18,2023-10-27,7,-4.297,5,12.830,12.240,-4.622,-0.471,-4.151,time_stop
7,TS7d,CSMG3,2023-11-03,2023-11-06,1,-4.054,5,12.930,13.580,5.000,0.052,4.948,take_profit
10,TS10d,CSMG3,2022-04-01,2022-04-08,5,-4.154,10,9.330,9.790,5.000,-2.747,7.747,take_profit
10,TS10d,CSMG3,2022-06-07,2022-06-22,10,-4.452,7,8.660,8.190,-5.411,-9.534,4.123,time_stop
10,TS10d,CSMG3,2022-07-06,2022-07-20,10,-4.297,6,7.760,7.930,2.222,-0.493,2.715,time_stop
10,TS10d,CSMG3,2023-10-18,2023-11-01,10,-4.297,5,12.830,12.850,0.120,1.078,-0.958,time_stop
10,TS10d,CSMG3,2023-11-03,2023-11-06,1,-4.054,5,12.930,13.580,5.000,0.052,4.948,take_profit
5,TS5d,CPLE3,2022-10-05,2022-10-13,5,-4.548,5,5.230,5.090,-2.694,-2.700,0.006,time_stop
5,TS5d,CPLE3,2022-10-19,2022-10-24,3,-4.501,5,5.190,5.450,5.000,-0.187,5.187,take_profit
5,TS5d,CPLE3,2024-04-15,2024-04-22,5,-4.342,5,7.420,7.740,4.353,0.206,4.147,time_stop
5,TS5d,CPLE3,2024-04-30,2024-05-03,2,-4.372,5,7.520,7.890,5.000,1.994,3.006,take_profit
5,TS5d,CPLE3,2024-05-15,2024-05-22,5,-4.264,4,7.640,7.730,1.179,-1.739,2.918,time_stop
5,TS5d,CPLE3,2024-11-06,2024-11-13,5,-4.047,8,7.790,7.650,-1.765,-1.560,-0.205,time_stop
5,TS5d,CPLE3,2024-11-14,2024-11-25,5,-4.021,4,7.620,7.840,2.888,1.127,1.761,time_stop
5,TS5d,CPLE3,2026-01-20,2026-01-22,2,-4.107,3,12.280,12.890,5.000,6.028,-1.028,take_profit
7,TS7d,CPLE3,2022-10-05,2022-10-17,7,-4.548,5,5.230,5.150,-1.426,-3.018,1.592,time_stop
7,TS7d,CPLE3,2022-10-19,2022-10-24,3,-4.501,5,5.190,5.450,5.000,-0.187,5.187,take_profit
7,TS7d,CPLE3,2024-04-15,2024-04-24,7,-4.342,5,7.420,7.470,0.727,-0.477,1.204,time_stop
7,TS7d,CPLE3,2024-04-30,2024-05-03,2,-4.372,5,7.520,7.890,5.000,1.994,3.006,take_profit
7,TS7d,CPLE3,2024-05-15,2024-05-24,7,-4.264,4,7.640,7.530,-1.415,-2.890,1.475,time_stop
7,TS7d,CPLE3,2024-11-06,2024-11-18,7,-4.047,8,7.790,7.750,-0.471,-1.496,1.025,time_stop
7,TS7d,CPLE3,2026-01-20,2026-01-22,2,-4.107,3,12.280,12.890,5.000,6.028,-1.028,take_profit
10,TS10d,CPLE3,2022-10-05,2022-10-20,10,-4.548,5,5.230,5.360,2.536,-0.371,2.907,time_stop
10,TS10d,CPLE3,2024-04-15,2024-04-29,10,-4.342,5,7.420,7.530,1.577,1.826,-0.249,time_stop
10,TS10d,CPLE3,2024-04-30,2024-05-03,2,-4.372,5,7.520,7.890,5.000,1.994,3.006,take_profit
10,TS10d,CPLE3,2024-05-15,2024-05-29,10,-4.264,4,7.640,7.460,-2.358,-4.113,1.755,time_stop
10,TS10d,CPLE3,2024-11-06,2024-11-22,10,-4.047,8,7.790,7.660,-1.647,-0.222,-1.425,time_stop
10,TS10d,CPLE3,2026-01-20,2026-01-22,2,-4.107,3,12.280,12.890,5.000,6.028,-1.028,take_profit
5,TS5d,CSAN3,2022-03-02,2022-03-09,5,-4.976,3,19.610,20.590,5.000,-1.188,6.188,take_profit
5,TS5d,CSAN3,2022-03-17,2022-03-18,1,-4.566,5,19.250,20.220,5.000,1.868,3.132,take_profit
5,TS5d,CSAN3,2022-05-03,2022-05-10,5,-4.457,11,18.630,16.790,-9.881,-3.388,-6.493,time_stop
5,TS5d,CSAN3,2022-06-20,2022-06-27,5,-4.536,4,17.340,17.480,0.813,1.101,-0.288,time_stop
5,TS5d,CSAN3,2022-06-28,2022-07-05,5,-4.422,4,17.480,16.260,-6.993,-2.318,-4.675,time_stop
5,TS5d,CSAN3,2022-08-29,2022-09-05,5,-4.768,4,19.030,18.400,-3.312,0.046,-3.358,time_stop
5,TS5d,CSAN3,2023-12-18,2023-12-26,5,-4.079,4,18.010,18.600,3.273,1.870,1.403,time_stop
7,TS7d,CSAN3,2022-03-02,2022-03-09,5,-4.976,3,19.610,20.590,5.000,-1.188,6.188,take_profit
7,TS7d,CSAN3,2022-03-17,2022-03-18,1,-4.566,5,19.250,20.220,5.000,1.868,3.132,take_profit
7,TS7d,CSAN3,2022-05-03,2022-05-12,7,-4.457,11,18.630,17.450,-6.347,-0.662,-5.685,time_stop
7,TS7d,CSAN3,2022-06-20,2022-06-29,7,-4.536,4,17.340,17.460,0.705,-0.301,1.006,time_stop
7,TS7d,CSAN3,2022-07-01,2022-07-12,7,-4.128,4,17.020,16.120,-5.304,-0.763,-4.541,time_stop
7,TS7d,CSAN3,2022-08-29,2022-09-08,7,-4.768,4,19.030,17.460,-8.206,-2.048,-6.158,time_stop
7,TS7d,CSAN3,2023-12-18,2023-12-28,7,-4.079,4,18.010,18.700,3.863,2.451,1.412,time_stop
10,TS10d,CSAN3,2022-03-02,2022-03-09,5,-4.976,3,19.610,20.590,5.000,-1.188,6.188,take_profit
10,TS10d,CSAN3,2022-03-17,2022-03-18,1,-4.566,5,19.250,20.220,5.000,1.868,3.132,take_profit
10,TS10d,CSAN3,2022-05-03,2022-05-17,10,-4.457,11,18.630,17.870,-4.075,2.122,-6.197,time_stop
10,TS10d,CSAN3,2022-06-20,2022-07-04,10,-4.536,4,17.340,16.550,-4.555,-1.132,-3.423,time_stop
10,TS10d,CSAN3,2022-08-29,2022-09-13,10,-4.768,4,19.030,17.370,-8.700,-1.310,-7.390,time_stop
10,TS10d,CSAN3,2023-12-18,2024-01-04,10,-4.079,4,18.010,18.390,2.146,0.063,2.083,time_stop
5,TS5d,CPFE3,2023-01-09,2023-01-16,5,-4.502,5,29.040,29.670,2.176,0.114,2.062,time_stop
5,TS5d,CPFE3,2023-01-18,2023-01-25,5,-4.501,4,30.070,30.920,2.832,2.142,0.690,time_stop
5,TS5d,CPFE3,2023-06-19,2023-06-26,5,-4.805,3,31.430,33.000,5.000,-1.472,6.472,take_profit
5,TS5d,CPFE3,2024-02-22,2024-02-29,5,-4.958,3,35.700,35.390,-0.868,-0.831,-0.037,time_stop
7,TS7d,CPFE3,2023-01-09,2023-01-18,7,-4.502,5,29.040,30.370,4.604,2.829,1.775,time_stop
7,TS7d,CPFE3,2023-01-20,2023-01-31,7,-4.690,3,30.270,30.480,0.665,1.282,-0.617,time_stop
7,TS7d,CPFE3,2023-06-19,2023-06-26,5,-4.805,3,31.430,33.000,5.000,-1.472,6.472,take_profit
7,TS7d,CPFE3,2024-02-22,2024-03-04,7,-4.958,3,35.700,34.900,-2.241,-1.425,-0.816,time_stop
10,TS10d,CPFE3,2023-01-09,2023-01-23,10,-4.502,5,29.040,29.610,1.987,2.421,-0.434,time_stop
10,TS10d,CPFE3,2023-06-19,2023-06-26,5,-4.805,3,31.430,33.000,5.000,-1.472,6.472,take_profit
10,TS10d,CPFE3,2024-02-22,2024-03-07,10,-4.958,3,35.700,34.410,-3.613,-1.291,-2.322,time_stop
5,TS5d,CMIN3,2024-03-27,2024-04-04,5,-4.969,3,4.260,4.240,-0.382,-0.298,-0.084,time_stop
5,TS5d,CMIN3,2024-04-10,2024-04-17,5,-4.496,3,4.380,4.220,-3.525,-2.908,-0.617,time_stop
5,TS5d,CMIN3,2024-04-18,2024-04-25,5,-4.583,3,4.270,4.020,-5.894,0.357,-6.251,time_stop
5,TS5d,CMIN3,2025-11-10,2025-11-17,5,-4.656,10,5.670,5.610,-1.043,1.011,-2.054,time_stop
7,TS7d,CMIN3,2024-03-27,2024-04-08,7,-4.969,3,4.260,4.340,1.908,0.871,1.037,time_stop
7,TS7d,CMIN3,2024-04-10,2024-04-19,7,-4.496,3,4.380,4.300,-1.670,-2.118,0.448,time_stop
7,TS7d,CMIN3,2025-11-10,2025-11-19,7,-4.656,10,5.670,5.480,-3.304,-0.164,-3.140,time_stop
10,TS10d,CMIN3,2024-03-27,2024-04-11,10,-4.969,3,4.260,4.130,-3.053,-0.266,-2.787,time_stop
10,TS10d,CMIN3,2024-04-18,2024-05-03,10,-4.583,3,4.270,4.210,-1.521,3.602,-5.123,time_stop
10,TS10d,CMIN3,2025-11-10,2025-11-25,10,-4.656,10,5.670,5.280,-6.783,0.473,-7.256,time_stop
5,TS5d,CURY3,2022-05-20,2022-05-27,5,-4.271,6,4.600,4.830,5.000,3.096,1.904,take_profit
5,TS5d,CURY3,2022-06-13,2022-06-21,5,-4.317,3,4.400,4.350,-1.165,-2.744,1.579,time_stop
5,TS5d,CURY3,2026-01-21,2026-01-27,4,-4.470,5,32.420,34.050,5.000,5.493,-0.493,take_profit
5,TS5d,CURY3,2026-01-28,2026-02-04,5,-4.548,5,35.030,35.480,1.268,-1.764,3.032,time_stop
7,TS7d,CURY3,2022-05-20,2022-05-27,5,-4.271,6,4.600,4.830,5.000,3.096,1.904,take_profit
7,TS7d,CURY3,2022-06-13,2022-06-23,7,-4.317,3,4.400,4.440,0.998,-4.500,5.498,time_stop
7,TS7d,CURY3,2026-01-21,2026-01-27,4,-4.470,5,32.420,34.050,5.000,5.493,-0.493,take_profit
7,TS7d,CURY3,2026-01-28,2026-02-05,6,-4.548,5,35.030,36.780,5.000,-1.516,6.516,take_profit
10,TS10d,CURY3,2022-05-20,2022-05-27,5,-4.271,6,4.600,4.830,5.000,3.096,1.904,take_profit
10,TS10d,CURY3,2022-06-13,2022-06-28,10,-4.317,3,4.400,4.360,-0.998,-2.088,1.090,time_stop
10,TS10d,CURY3,2026-01-21,2026-01-27,4,-4.470,5,32.420,34.050,5.000,5.493,-0.493,take_profit
10,TS10d,CURY3,2026-01-28,2026-02-05,6,-4.548,5,35.030,36.780,5.000,-1.516,6.516,take_profit
5,TS5d,CVCB3,2025-03-11,2025-03-14,3,-4.132,4,1.820,1.910,5.000,4.314,0.686,take_profit
5,TS5d,CVCB3,2026-01-21,2026-01-27,4,-4.552,4,2.400,2.520,5.000,5.493,-0.493,take_profit
5,TS5d,CVCB3,2026-01-29,2026-02-05,5,-4.855,4,2.660,2.550,-4.135,-0.557,-3.578,time_stop
7,TS7d,CVCB3,2025-03-11,2025-03-14,3,-4.132,4,1.820,1.910,5.000,4.314,0.686,take_profit
7,TS7d,CVCB3,2026-01-21,2026-01-27,4,-4.552,4,2.400,2.520,5.000,5.493,-0.493,take_profit
7,TS7d,CVCB3,2026-01-29,2026-02-09,7,-4.855,4,2.660,2.510,-5.639,1.748,-7.387,time_stop
10,TS10d,CVCB3,2025-03-11,2025-03-14,3,-4.132,4,1.820,1.910,5.000,4.314,0.686,take_profit
10,TS10d,CVCB3,2026-01-21,2026-01-27,4,-4.552,4,2.400,2.520,5.000,5.493,-0.493,take_profit
10,TS10d,CVCB3,2026-01-29,2026-02-12,10,-4.855,4,2.660,2.560,-3.759,2.577,-6.336,time_stop
5,TS5d,CYRE3,2022-08-22,2022-08-29,5,-4.170,4,11.470,11.890,3.632,1.565,2.067,time_stop
5,TS5d,CYRE3,2024-11-28,2024-12-05,5,-4.741,7,17.540,16.630,-5.237,2.646,-7.883,time_stop
5,TS5d,CYRE3,2026-02-04,2026-02-11,5,-4.177,3,31.840,31.280,-1.759,4.371,-6.130,time_stop
7,TS7d,CYRE3,2022-08-22,2022-08-31,7,-4.170,4,11.470,11.570,0.855,-0.843,1.698,time_stop
7,TS7d,CYRE3,2024-11-28,2024-12-09,7,-4.741,7,17.540,16.250,-7.402,2.028,-9.430,time_stop
7,TS7d,CYRE3,2026-02-04,2026-02-13,7,-4.177,3,31.840,30.640,-3.769,2.682,-6.451,time_stop
10,TS10d,CYRE3,2022-08-22,2022-09-01,8,-4.170,4,11.470,12.050,5.000,-0.131,5.131,take_profit
10,TS10d,CYRE3,2024-11-28,2024-12-12,10,-4.741,7,17.540,16.120,-8.107,1.171,-9.278,time_stop
10,TS10d,CYRE3,2026-02-04,2026-02-20,10,-4.177,3,31.840,31.950,0.345,4.764,-4.419,time_stop
5,TS5d,DIRR3,2022-05-24,2022-05-26,2,-4.773,4,2.480,2.610,5.000,1.294,3.706,take_profit
5,TS5d,DIRR3,2023-10-16,2023-10-23,5,-4.142,5,4.380,4.250,-3.015,-3.179,0.164,time_stop
5,TS5d,DIRR3,2023-10-24,2023-10-31,5,-4.176,5,4.280,4.330,1.048,-0.562,1.610,time_stop
7,TS7d,DIRR3,2022-05-24,2022-05-26,2,-4.773,4,2.480,2.610,5.000,1.294,3.706,take_profit
7,TS7d,DIRR3,2023-10-16,2023-10-25,7,-4.142,5,4.380,4.240,-3.299,-3.179,-0.120,time_stop
7,TS7d,DIRR3,2023-10-26,2023-11-03,5,-4.543,5,4.250,4.460,5.000,3.007,1.993,take_profit
10,TS10d,DIRR3,2022-05-24,2022-05-26,2,-4.773,4,2.480,2.610,5.000,1.294,3.706,take_profit
10,TS10d,DIRR3,2023-10-16,2023-10-30,10,-4.142,5,4.380,4.330,-1.195,-3.524,2.329,time_stop
5,TS5d,ENGI11,2022-10-05,2022-10-13,5,-4.105,7,34.340,33.990,-1.018,-2.700,1.682,time_stop
5,TS5d,ENGI11,2022-12-01,2022-12-08,5,-4.647,3,33.390,32.400,-2.979,-3.260,0.281,time_stop
5,TS5d,ENGI11,2023-01-06,2023-01-12,4,-4.097,7,31.980,33.580,5.000,2.616,2.384,take_profit
5,TS5d,ENGI11,2023-01-27,2023-02-03,5,-4.667,4,33.860,33.080,-2.318,-3.256,0.938,time_stop
5,TS5d,ENGI11,2024-03-18,2024-03-25,5,-4.961,5,39.420,39.200,-0.563,0.114,-0.677,time_stop
7,TS7d,ENGI11,2022-10-05,2022-10-17,7,-4.105,7,34.340,34.820,1.380,-3.018,4.398,time_stop
7,TS7d,ENGI11,2022-12-01,2022-12-12,7,-4.647,3,33.390,32.440,-2.862,-4.913,2.051,time_stop
7,TS7d,ENGI11,2023-01-06,2023-01-12,4,-4.097,7,31.980,33.580,5.000,2.616,2.384,take_profit
7,TS7d,ENGI11,2023-01-27,2023-02-07,7,-4.667,4,33.860,31.400,-7.276,-3.967,-3.309,time_stop
7,TS7d,ENGI11,2024-03-18,2024-03-27,7,-4.961,5,39.420,39.270,-0.396,0.813,-1.209,time_stop
10,TS10d,ENGI11,2022-10-05,2022-10-20,10,-4.105,7,34.340,35.770,4.164,-0.371,4.535,time_stop
10,TS10d,ENGI11,2022-12-01,2022-12-15,10,-4.647,3,33.390,32.040,-4.049,-6.127,2.078,time_stop
10,TS10d,ENGI11,2023-01-06,2023-01-12,4,-4.097,7,31.980,33.580,5.000,2.616,2.384,take_profit
10,TS10d,ENGI11,2023-01-27,2023-02-10,10,-4.667,4,33.860,31.470,-7.069,-3.367,-3.702,time_stop
10,TS10d,ENGI11,2024-03-18,2024-04-02,10,-4.961,5,39.420,39.290,-0.333,0.561,-0.894,time_stop
5,TS5d,ENEV3,2023-08-31,2023-09-08,5,-4.436,8,12.030,11.760,-2.244,-0.579,-1.665,time_stop
5,TS5d,ENEV3,2023-09-11,2023-09-18,5,-4.952,8,11.760,11.960,1.701,1.031,0.670,time_stop
5,TS5d,ENEV3,2023-09-21,2023-09-28,5,-4.226,6,11.880,12.090,1.768,-0.373,2.141,time_stop
5,TS5d,ENEV3,2024-09-02,2024-09-05,3,-4.088,11,13.230,13.890,5.000,1.365,3.635,take_profit
7,TS7d,ENEV3,2023-08-31,2023-09-12,7,-4.436,8,12.030,12.100,0.582,1.701,-1.119,time_stop
7,TS7d,ENEV3,2023-09-13,2023-09-22,7,-4.271,7,12.120,11.710,-3.383,-1.616,-1.767,time_stop
7,TS7d,ENEV3,2023-09-26,2023-10-05,7,-4.917,5,11.770,11.320,-3.823,-0.813,-3.010,time_stop
7,TS7d,ENEV3,2024-09-02,2024-09-05,3,-4.088,11,13.230,13.890,5.000,1.365,3.635,take_profit
10,TS10d,ENEV3,2023-08-31,2023-09-15,10,-4.436,8,12.030,12.330,2.494,2.324,0.170,time_stop
10,TS10d,ENEV3,2023-09-21,2023-10-05,10,-4.226,6,11.880,11.320,-4.714,-2.531,-2.183,time_stop
10,TS10d,ENEV3,2024-09-02,2024-09-05,3,-4.088,11,13.230,13.890,5.000,1.365,3.635,take_profit
5,TS5d,EGIE3,2023-11-06,2023-11-13,5,-4.276,5,26.050,26.700,2.500,1.751,0.749,time_stop
5,TS5d,EGIE3,2023-11-16,2023-11-23,5,-4.221,4,27.270,28.380,4.073,1.587,2.486,time_stop
5,TS5d,EGIE3,2025-05-12,2025-05-19,5,-4.576,4,27.410,28.760,4.930,2.272,2.658,time_stop
5,TS5d,EGIE3,2025-09-02,2025-09-09,5,-4.547,5,27.720,28.640,3.314,0.895,2.419,time_stop
7,TS7d,EGIE3,2023-11-06,2023-11-16,7,-4.276,5,26.050,27.350,5.000,5.357,-0.357,take_profit
7,TS7d,EGIE3,2023-11-20,2023-11-29,7,-4.710,3,27.710,27.620,-0.323,0.016,-0.339,time_stop
7,TS7d,EGIE3,2025-05-12,2025-05-20,6,-4.576,4,27.410,28.780,5.000,2.586,2.414,take_profit
7,TS7d,EGIE3,2025-09-02,2025-09-11,7,-4.547,5,27.720,28.900,4.239,1.885,2.354,time_stop
10,TS10d,EGIE3,2023-11-06,2023-11-16,7,-4.276,5,26.050,27.350,5.000,5.357,-0.357,take_profit
10,TS10d,EGIE3,2023-11-20,2023-12-04,10,-4.710,3,27.710,28.240,1.912,0.581,1.331,time_stop
10,TS10d,EGIE3,2025-05-12,2025-05-20,6,-4.576,4,27.410,28.780,5.000,2.586,2.414,take_profit
10,TS10d,EGIE3,2025-09-02,2025-09-16,10,-4.547,5,27.720,28.820,3.957,2.723,1.234,time_stop
5,TS5d,EQTL3,2024-02-22,2024-02-29,5,-4.447,6,31.250,31.570,1.005,-0.831,1.836,time_stop
5,TS5d,EQTL3,2024-10-03,2024-10-10,5,-4.106,3,30.190,30.050,-0.466,-0.961,0.495,time_stop
5,TS5d,EQTL3,2024-12-03,2024-12-10,5,-4.050,4,28.320,28.190,-0.464,1.712,-2.176,time_stop
5,TS5d,EQTL3,2024-12-20,2025-01-02,5,-4.450,4,26.830,25.060,-6.606,-1.638,-4.968,time_stop
5,TS5d,EQTL3,2026-01-08,2026-01-15,5,-4.275,3,38.250,37.750,-1.307,1.848,-3.155,time_stop
7,TS7d,EQTL3,2024-02-22,2024-03-04,7,-4.447,6,31.250,31.130,-0.384,-1.425,1.041,time_stop
7,TS7d,EQTL3,2024-10-03,2024-10-14,7,-4.106,3,30.190,30.650,1.522,-0.414,1.936,time_stop
7,TS7d,EQTL3,2024-12-03,2024-12-12,7,-4.050,4,28.320,27.820,-1.755,0.033,-1.788,time_stop
7,TS7d,EQTL3,2024-12-20,2025-01-06,7,-4.450,4,26.830,25.470,-5.068,-1.663,-3.405,time_stop
7,TS7d,EQTL3,2026-01-08,2026-01-19,7,-4.275,3,38.250,37.470,-2.039,1.466,-3.505,time_stop
10,TS10d,EQTL3,2024-02-22,2024-03-07,10,-4.447,6,31.250,31.110,-0.443,-1.291,0.848,time_stop
10,TS10d,EQTL3,2024-10-03,2024-10-17,10,-4.106,3,30.190,30.650,1.522,-0.562,2.084,time_stop
10,TS10d,EQTL3,2024-12-03,2024-12-17,10,-4.050,4,28.320,28.090,-0.795,-0.880,0.085,time_stop
10,TS10d,EQTL3,2024-12-20,2025-01-09,10,-4.450,4,26.830,25.530,-4.837,-1.873,-2.964,time_stop
10,TS10d,EQTL3,2026-01-08,2026-01-22,10,-4.275,3,38.250,40.160,5.000,8.233,-3.233,take_profit
5,TS5d,EZTC3,2025-05-20,2025-05-27,5,-4.844,3,9.820,9.870,0.479,-0.278,0.757,time_stop
5,TS5d,EZTC3,2025-05-28,2025-06-04,5,-4.363,3,9.830,10.190,3.574,-1.400,4.974,time_stop
5,TS5d,EZTC3,2025-06-17,2025-06-25,5,-4.956,4,9.770,9.650,-1.199,-2.192,0.993,time_stop
7,TS7d,EZTC3,2025-05-20,2025-05-29,7,-4.844,3,9.820,9.640,-1.906,-1.082,-0.824,time_stop
7,TS7d,EZTC3,2025-06-03,2025-06-12,7,-4.154,3,9.730,9.880,1.505,0.193,1.312,time_stop
7,TS7d,EZTC3,2025-06-17,2025-06-27,7,-4.956,4,9.770,9.860,0.900,-1.277,2.177,time_stop
10,TS10d,EZTC3,2025-05-20,2025-06-03,10,-4.844,3,9.820,10.050,2.268,-1.783,4.051,time_stop
10,TS10d,EZTC3,2025-06-17,2025-07-02,10,-4.956,4,9.770,10.130,3.748,0.288,3.460,time_stop
5,TS5d,FLRY3,2022-08-12,2022-08-19,5,-4.626,5,12.330,12.430,0.866,-1.022,1.888,time_stop
5,TS5d,FLRY3,2022-08-22,2022-08-29,5,-4.100,3,12.390,12.550,1.354,1.565,-0.211,time_stop
5,TS5d,FLRY3,2023-01-10,2023-01-11,1,-4.292,5,11.810,12.400,5.000,1.791,3.209,take_profit
5,TS5d,FLRY3,2023-01-18,2023-01-25,5,-4.992,5,12.190,12.140,-0.386,2.142,-2.528,time_stop
5,TS5d,FLRY3,2026-02-27,2026-03-06,5,-4.354,3,17.200,16.020,-6.860,-5.006,-1.854,time_stop
7,TS7d,FLRY3,2022-08-12,2022-08-23,7,-4.626,5,12.330,12.290,-0.309,0.423,-0.732,time_stop
7,TS7d,FLRY3,2022-08-25,2022-09-05,7,-4.069,3,12.580,13.060,3.818,-1.049,4.867,time_stop
7,TS7d,FLRY3,2023-01-10,2023-01-11,1,-4.292,5,11.810,12.400,5.000,1.791,3.209,take_profit
7,TS7d,FLRY3,2023-01-18,2023-01-27,7,-4.992,5,12.190,11.670,-4.311,0.065,-4.376,time_stop
7,TS7d,FLRY3,2026-02-27,2026-03-10,7,-4.354,3,17.200,16.270,-5.407,-2.922,-2.485,time_stop
10,TS10d,FLRY3,2022-08-12,2022-08-26,10,-4.626,5,12.330,12.490,1.361,-0.258,1.619,time_stop
10,TS10d,FLRY3,2023-01-10,2023-01-11,1,-4.292,5,11.810,12.400,5.000,1.791,3.209,take_profit
10,TS10d,FLRY3,2023-01-18,2023-02-01,10,-4.992,5,12.190,12.240,0.386,0.065,0.321,time_stop
10,TS10d,FLRY3,2026-02-27,2026-03-13,10,-4.354,3,17.200,15.390,-10.523,-5.730,-4.793,time_stop
5,TS5d,GGBR4,2023-08-09,2023-08-16,5,-4.923,4,19.960,19.070,-4.486,-2.467,-2.019,time_stop
5,TS5d,GGBR4,2024-08-05,2024-08-12,5,-4.665,10,16.030,16.630,3.756,4.829,-1.073,time_stop
5,TS5d,GGBR4,2024-08-22,2024-08-29,5,-4.993,4,17.420,17.450,0.163,0.456,-0.293,time_stop
5,TS5d,GGBR4,2025-02-03,2025-02-10,5,-4.928,5,16.400,16.850,2.749,-0.073,2.822,time_stop
5,TS5d,GGBR4,2025-02-17,2025-02-24,5,-4.156,5,16.840,15.610,-7.293,-2.204,-5.089,time_stop
7,TS7d,GGBR4,2023-08-09,2023-08-18,7,-4.923,4,19.960,18.870,-5.451,-2.616,-2.835,time_stop
7,TS7d,GGBR4,2024-08-05,2024-08-14,7,-4.665,10,16.030,16.440,2.577,6.496,-3.919,time_stop
7,TS7d,GGBR4,2024-08-22,2024-09-02,7,-4.993,4,17.420,17.310,-0.651,-0.357,-0.294,time_stop
7,TS7d,GGBR4,2025-02-03,2025-02-12,7,-4.928,5,16.400,16.660,1.579,-1.133,2.712,time_stop
7,TS7d,GGBR4,2025-02-17,2025-02-26,7,-4.156,5,16.840,15.970,-5.128,-2.739,-2.389,time_stop
10,TS10d,GGBR4,2023-08-09,2023-08-23,10,-4.923,4,19.960,19.010,-4.772,-0.349,-4.423,time_stop
10,TS10d,GGBR4,2024-08-05,2024-08-19,10,-4.665,10,16.030,16.680,4.050,8.385,-4.335,time_stop
10,TS10d,GGBR4,2024-08-22,2024-09-05,10,-4.993,4,17.420,17.390,-0.217,1.003,-1.220,time_stop
10,TS10d,GGBR4,2025-02-03,2025-02-17,10,-4.928,5,16.400,16.660,1.579,2.128,-0.549,time_stop
10,TS10d,GGBR4,2025-02-20,2025-03-10,10,-4.596,4,16.720,16.270,-2.686,-2.547,-0.139,time_stop
5,TS5d,GOAU4,2023-06-07,2023-06-15,5,-4.230,3,7.290,7.510,2.979,3.239,-0.260,time_stop
5,TS5d,GOAU4,2023-06-16,2023-06-23,5,-4.822,3,7.490,7.400,-1.160,0.357,-1.517,time_stop
5,TS5d,GOAU4,2026-03-03,2026-03-10,5,-4.746,3,9.010,8.520,-5.408,0.251,-5.659,time_stop
7,TS7d,GOAU4,2023-06-07,2023-06-19,7,-4.230,3,7.290,7.630,4.596,3.892,0.704,time_stop
7,TS7d,GOAU4,2023-06-20,2023-06-29,7,-4.101,3,7.620,7.410,-2.769,-0.786,-1.983,time_stop
7,TS7d,GOAU4,2026-03-03,2026-03-12,7,-4.746,3,9.010,8.160,-9.405,-1.924,-7.481,time_stop
10,TS10d,GOAU4,2023-06-07,2023-06-22,10,-4.230,3,7.290,7.420,1.787,3.113,-1.326,time_stop
10,TS10d,GOAU4,2026-03-03,2026-03-17,10,-4.746,3,9.010,7.990,-11.293,-1.378,-9.915,time_stop
5,TS5d,GGPS3,2024-02-28,2024-03-06,5,-4.254,4,15.470,15.020,-2.912,-0.879,-2.033,time_stop
5,TS5d,GGPS3,2026-01-19,2026-01-21,2,-4.589,3,16.120,16.930,5.000,4.329,0.671,take_profit
7,TS7d,GGPS3,2024-02-28,2024-03-08,7,-4.254,4,15.470,15.070,-2.582,-2.376,-0.206,time_stop
7,TS7d,GGPS3,2026-01-19,2026-01-21,2,-4.589,3,16.120,16.930,5.000,4.329,0.671,take_profit
10,TS10d,GGPS3,2024-02-28,2024-03-13,10,-4.254,4,15.470,15.310,-1.044,-1.497,0.453,time_stop
10,TS10d,GGPS3,2026-01-19,2026-01-21,2,-4.589,3,16.120,16.930,5.000,4.329,0.671,take_profit
5,TS5d,GMAT3,2023-04-27,2023-05-05,5,-4.106,3,5.040,5.120,1.490,2.391,-0.901,time_stop
5,TS5d,GMAT3,2023-05-10,2023-05-11,1,-4.016,3,5.340,5.610,5.000,0.818,4.182,take_profit
5,TS5d,GMAT3,2023-10-06,2023-10-16,5,-4.334,5,6.080,5.820,-4.173,2.060,-6.233,time_stop
5,TS5d,GMAT3,2024-07-29,2024-08-05,5,-4.498,7,6.610,6.710,1.585,-1.369,2.954,time_stop
5,TS5d,GMAT3,2024-11-19,2024-11-27,5,-4.005,4,6.900,6.940,0.559,-0.625,1.184,time_stop
5,TS5d,GMAT3,2024-11-29,2024-12-06,5,-4.123,4,6.710,6.860,2.152,0.114,2.038,time_stop
5,TS5d,GMAT3,2024-12-13,2024-12-20,5,-4.082,4,6.800,6.720,-1.133,-2.121,0.988,time_stop
7,TS7d,GMAT3,2023-04-27,2023-05-08,6,-4.106,3,5.040,5.300,5.000,2.974,2.026,take_profit
7,TS7d,GMAT3,2023-05-10,2023-05-11,1,-4.016,3,5.340,5.610,5.000,0.818,4.182,take_profit
7,TS7d,GMAT3,2023-10-06,2023-10-18,7,-4.334,5,6.080,5.560,-8.501,-0.262,-8.239,time_stop
7,TS7d,GMAT3,2024-07-29,2024-08-07,7,-4.498,7,6.610,6.940,5.000,0.470,4.530,take_profit
7,TS7d,GMAT3,2024-11-19,2024-11-29,7,-4.005,4,6.900,6.720,-2.514,-2.050,-0.464,time_stop
7,TS7d,GMAT3,2024-12-02,2024-12-11,7,-4.788,4,6.770,7.110,5.000,3.881,1.119,take_profit
7,TS7d,GMAT3,2024-12-13,2024-12-26,7,-4.082,4,6.800,6.690,-1.700,-3.017,1.317,time_stop
10,TS10d,GMAT3,2023-04-27,2023-05-08,6,-4.106,3,5.040,5.300,5.000,2.974,2.026,take_profit
10,TS10d,GMAT3,2023-05-10,2023-05-11,1,-4.016,3,5.340,5.610,5.000,0.818,4.182,take_profit
10,TS10d,GMAT3,2023-10-06,2023-10-23,10,-4.334,5,6.080,5.840,-3.864,-1.184,-2.680,time_stop
10,TS10d,GMAT3,2024-07-29,2024-08-07,7,-4.498,7,6.610,6.940,5.000,0.470,4.530,take_profit
10,TS10d,GMAT3,2024-11-19,2024-12-04,10,-4.005,4,6.900,6.830,-0.978,-1.706,0.728,time_stop
10,TS10d,GMAT3,2024-12-06,2024-12-20,10,-4.013,4,6.900,6.720,-2.514,-2.785,0.271,time_stop
5,TS5d,HAPV3,2023-10-19,2023-10-24,3,-4.879,3,57.150,60.010,5.000,-0.325,5.325,take_profit
5,TS5d,HAPV3,2023-12-27,2024-01-05,5,-4.811,9,64.650,64.050,-0.928,-1.520,0.592,time_stop
5,TS5d,HAPV3,2024-06-11,2024-06-18,5,-4.035,4,58.050,54.750,-5.685,-1.593,-4.092,time_stop
5,TS5d,HAPV3,2024-06-26,2024-07-03,5,-4.521,3,57.300,58.350,1.832,2.518,-0.686,time_stop
5,TS5d,HAPV3,2024-07-04,2024-07-11,5,-4.947,3,58.950,61.350,4.071,1.590,2.481,time_stop
5,TS5d,HAPV3,2024-09-30,2024-10-07,5,-4.474,3,60.600,59.550,-1.733,0.016,-1.749,time_stop
5,TS5d,HAPV3,2024-10-08,2024-10-15,5,-4.407,3,59.850,57.750,-3.509,-0.414,-3.095,time_stop
5,TS5d,HAPV3,2025-09-22,2025-09-29,5,-4.496,4,38.120,36.350,-4.643,1.028,-5.671,time_stop
7,TS7d,HAPV3,2023-10-19,2023-10-24,3,-4.879,3,57.150,60.010,5.000,-0.325,5.325,take_profit
7,TS7d,HAPV3,2023-12-27,2024-01-09,7,-4.811,9,64.650,66.600,3.016,-2.027,5.043,time_stop
7,TS7d,HAPV3,2024-06-11,2024-06-20,7,-4.035,4,58.050,54.750,-5.685,-0.746,-4.939,time_stop
7,TS7d,HAPV3,2024-06-26,2024-07-05,7,-4.521,3,57.300,59.250,3.403,2.988,0.415,time_stop
7,TS7d,HAPV3,2024-07-09,2024-07-15,4,-4.298,3,58.800,61.740,5.000,1.765,3.235,take_profit
7,TS7d,HAPV3,2024-09-30,2024-10-09,7,-4.474,3,60.600,58.350,-3.713,-1.620,-2.093,time_stop
7,TS7d,HAPV3,2025-09-22,2025-10-01,7,-4.496,4,38.120,35.480,-6.925,0.373,-7.298,time_stop
10,TS10d,HAPV3,2023-10-19,2023-10-24,3,-4.879,3,57.150,60.010,5.000,-0.325,5.325,take_profit
10,TS10d,HAPV3,2023-12-27,2024-01-12,10,-4.811,9,64.650,67.880,5.000,-2.304,7.304,take_profit
10,TS10d,HAPV3,2024-06-11,2024-06-25,10,-4.035,4,58.050,57.450,-1.034,0.763,-1.797,time_stop
10,TS10d,HAPV3,2024-06-26,2024-07-09,9,-4.521,3,57.300,60.160,5.000,3.693,1.307,take_profit
10,TS10d,HAPV3,2024-09-30,2024-10-14,10,-4.474,3,60.600,57.750,-4.703,-0.724,-3.979,time_stop
10,TS10d,HAPV3,2025-09-22,2025-10-06,10,-4.496,4,38.120,36.000,-5.561,-0.930,-4.631,time_stop
5,TS5d,HYPE3,2023-04-06,2023-04-14,5,-4.552,3,33.800,33.200,-1.786,5.585,-7.371,time_stop
5,TS5d,HYPE3,2023-07-28,2023-08-04,5,-4.641,4,39.730,39.840,0.292,-0.738,1.030,time_stop
5,TS5d,HYPE3,2023-08-09,2023-08-16,5,-4.832,4,38.900,37.310,-4.088,-2.467,-1.621,time_stop
5,TS5d,HYPE3,2025-09-25,2025-10-02,5,-4.062,5,22.840,22.660,-0.808,-0.907,0.099,time_stop
5,TS5d,HYPE3,2025-10-06,2025-10-13,5,-4.631,5,22.540,21.150,-6.135,-1.365,-4.770,time_stop
5,TS5d,HYPE3,2025-12-08,2025-12-15,5,-4.398,4,25.040,23.280,-7.022,2.654,-9.676,time_stop
7,TS7d,HYPE3,2023-04-06,2023-04-18,7,-4.552,3,33.800,33.330,-1.392,5.236,-6.628,time_stop
7,TS7d,HYPE3,2023-07-28,2023-08-08,7,-4.641,4,39.730,38.900,-2.069,-1.073,-0.996,time_stop
7,TS7d,HYPE3,2023-08-09,2023-08-18,7,-4.832,4,38.900,36.990,-4.915,-2.616,-2.299,time_stop
7,TS7d,HYPE3,2025-09-25,2025-10-06,7,-4.062,5,22.840,22.190,-2.841,-1.132,-1.709,time_stop
7,TS7d,HYPE3,2025-12-08,2025-12-17,7,-4.398,4,25.040,22.010,-12.071,-0.580,-11.491,time_stop
10,TS10d,HYPE3,2023-04-06,2023-04-24,10,-4.552,3,33.800,32.490,-3.887,3.105,-6.992,time_stop
10,TS10d,HYPE3,2023-07-28,2023-08-11,10,-4.641,4,39.730,38.910,-2.047,-1.948,-0.099,time_stop
10,TS10d,HYPE3,2025-09-25,2025-10-09,10,-4.062,5,22.840,20.610,-9.759,-2.481,-7.278,time_stop
10,TS10d,HYPE3,2025-12-08,2025-12-22,10,-4.398,4,25.040,22.500,-10.138,-0.116,-10.022,time_stop
5,TS5d,IGTI11,2022-11-11,2022-11-21,5,-4.331,3,17.350,17.260,-0.474,-2.275,1.801,time_stop
5,TS5d,IGTI11,2022-11-22,2022-11-29,5,-4.641,3,17.450,17.430,-0.105,2.113,-2.218,time_stop
5,TS5d,IGTI11,2022-11-30,2022-12-07,5,-4.868,3,17.330,16.510,-4.742,-2.754,-1.988,time_stop
5,TS5d,IGTI11,2023-09-27,2023-10-04,5,-4.987,3,18.470,18.600,0.705,-0.470,1.175,time_stop
5,TS5d,IGTI11,2024-04-16,2024-04-23,5,-4.701,5,20.110,20.140,0.158,0.463,-0.305,time_stop
5,TS5d,IGTI11,2024-04-24,2024-05-02,5,-4.698,5,20.090,20.760,3.346,1.967,1.379,time_stop
5,TS5d,IGTI11,2024-09-04,2024-09-11,5,-4.748,4,21.320,21.080,-1.126,-0.884,-0.242,time_stop
5,TS5d,IGTI11,2024-09-16,2024-09-23,5,-4.219,4,21.660,20.290,-6.297,-3.334,-2.963,time_stop
5,TS5d,IGTI11,2026-01-30,2026-02-06,5,-4.336,3,28.250,28.470,0.810,0.584,0.226,time_stop
7,TS7d,IGTI11,2022-11-11,2022-11-23,7,-4.331,3,17.350,16.650,-4.000,-3.049,-0.951,time_stop
7,TS7d,IGTI11,2022-11-30,2022-12-09,7,-4.868,3,17.330,16.390,-5.427,-4.310,-1.117,time_stop
7,TS7d,IGTI11,2023-09-27,2023-10-06,7,-4.987,3,18.470,18.570,0.504,-0.036,0.540,time_stop
7,TS7d,IGTI11,2024-04-16,2024-04-25,7,-4.701,5,20.110,19.520,-2.899,0.050,-2.949,time_stop
7,TS7d,IGTI11,2024-04-29,2024-05-03,3,-4.364,5,20.240,21.250,5.000,0.848,4.152,take_profit
7,TS7d,IGTI11,2024-09-04,2024-09-13,7,-4.748,4,21.320,21.450,0.586,-0.884,1.470,time_stop
7,TS7d,IGTI11,2024-09-16,2024-09-25,7,-4.219,4,21.660,20.240,-6.563,-2.634,-3.929,time_stop
7,TS7d,IGTI11,2026-01-30,2026-02-10,7,-4.336,3,28.250,28.830,2.077,2.357,-0.280,time_stop
10,TS10d,IGTI11,2022-11-11,2022-11-28,10,-4.331,3,17.350,16.930,-2.421,-3.132,0.711,time_stop
10,TS10d,IGTI11,2022-11-30,2022-12-14,10,-4.868,3,17.330,15.790,-8.851,-7.257,-1.594,time_stop
10,TS10d,IGTI11,2023-09-27,2023-10-10,9,-4.987,3,18.470,19.400,5.000,2.195,2.805,take_profit
10,TS10d,IGTI11,2024-04-16,2024-04-30,10,-4.701,5,20.110,20.090,-0.081,1.266,-1.347,time_stop
10,TS10d,IGTI11,2024-09-04,2024-09-18,10,-4.748,4,21.320,21.770,2.117,-1.760,3.877,time_stop
10,TS10d,IGTI11,2024-09-20,2024-10-04,10,-4.395,3,21.100,20.740,-1.684,0.447,-2.131,time_stop
10,TS10d,IGTI11,2026-01-30,2026-02-13,10,-4.336,3,28.250,28.270,0.070,2.682,-2.612,time_stop
5,TS5d,IRBR3,2025-05-13,2025-05-20,5,-4.738,7,46.950,47.450,1.065,0.907,0.158,time_stop
5,TS5d,IRBR3,2025-05-21,2025-05-28,5,-4.079,7,47.540,48.950,2.966,0.832,2.134,time_stop
5,TS5d,IRBR3,2025-06-16,2025-06-24,5,-4.986,7,47.520,44.550,-6.250,-1.470,-4.780,time_stop
7,TS7d,IRBR3,2025-05-13,2025-05-22,7,-4.738,7,46.950,46.690,-0.554,-1.150,0.596,time_stop
7,TS7d,IRBR3,2025-05-26,2025-05-28,2,-4.887,7,46.450,48.770,5.000,0.518,4.482,take_profit
7,TS7d,IRBR3,2025-06-16,2025-06-26,7,-4.986,7,47.520,45.190,-4.903,-1.551,-3.352,time_stop
10,TS10d,IRBR3,2025-05-13,2025-05-27,10,-4.738,7,46.950,47.750,1.704,0.627,1.077,time_stop
10,TS10d,IRBR3,2025-06-16,2025-07-01,10,-4.986,7,47.520,45.870,-3.472,0.331,-3.803,time_stop
5,TS5d,ITSA4,2022-05-05,2022-05-12,5,-4.041,5,5.180,5.190,0.221,0.532,-0.311,time_stop
5,TS5d,ITSA4,2024-12-19,2024-12-30,5,-4.758,3,7.250,7.310,0.799,-0.602,1.401,time_stop
5,TS5d,ITSA4,2025-01-03,2025-01-10,5,-4.006,3,7.180,7.170,-0.230,0.442,-0.672,time_stop
7,TS7d,ITSA4,2022-05-05,2022-05-16,7,-4.041,5,5.180,5.290,2.212,2.857,-0.645,time_stop
7,TS7d,ITSA4,2024-12-19,2025-01-03,7,-4.758,3,7.250,7.060,-2.626,-2.144,-0.482,time_stop
7,TS7d,ITSA4,2025-01-06,2025-01-15,7,-4.280,3,7.120,7.470,5.000,2.135,2.865,take_profit
10,TS10d,ITSA4,2022-05-05,2022-05-19,10,-4.041,5,5.180,5.300,2.323,1.557,0.766,time_stop
10,TS10d,ITSA4,2024-12-19,2025-01-08,10,-4.758,3,7.250,7.210,-0.571,-1.110,0.539,time_stop
5,TS5d,ITUB4,2023-01-31,2023-02-07,5,-4.231,7,17.360,16.990,-2.162,-5.226,3.064,time_stop
7,TS7d,ITUB4,2023-01-31,2023-02-08,6,-4.231,7,17.360,18.230,5.000,-3.186,8.186,take_profit
10,TS10d,ITUB4,2023-01-31,2023-02-08,6,-4.231,7,17.360,18.230,5.000,-3.186,8.186,take_profit
5,TS5d,KLBN11,2022-02-24,2022-03-04,4,-4.508,3,15.150,15.910,5.000,2.717,2.283,take_profit
5,TS5d,KLBN11,2023-01-12,2023-01-19,5,-4.540,4,14.410,14.530,0.854,0.785,0.069,time_stop
5,TS5d,KLBN11,2023-01-23,2023-01-30,5,-4.727,3,14.060,14.220,1.132,0.741,0.391,time_stop
5,TS5d,KLBN11,2023-01-31,2023-02-07,5,-4.563,3,14.280,13.950,-2.331,-5.226,2.895,time_stop
5,TS5d,KLBN11,2023-12-01,2023-12-08,5,-4.065,5,16.970,15.900,-6.281,-0.749,-5.532,time_stop
5,TS5d,KLBN11,2024-10-15,2024-10-22,5,-4.403,3,17.810,18.300,2.771,-0.706,3.477,time_stop
5,TS5d,KLBN11,2025-03-12,2025-03-19,5,-4.766,3,17.690,18.040,1.999,7.338,-5.339,time_stop
7,TS7d,KLBN11,2022-02-24,2022-03-04,4,-4.508,3,15.150,15.910,5.000,2.717,2.283,take_profit
7,TS7d,KLBN11,2023-01-12,2023-01-23,7,-4.540,4,14.410,14.080,-2.310,-0.333,-1.977,time_stop
7,TS7d,KLBN11,2023-01-31,2023-02-09,7,-4.563,3,14.280,14.040,-1.673,-4.916,3.243,time_stop
7,TS7d,KLBN11,2023-12-01,2023-12-12,7,-4.065,5,16.970,15.990,-5.784,-1.320,-4.464,time_stop
7,TS7d,KLBN11,2024-10-15,2024-10-24,7,-4.403,3,17.810,18.000,1.089,-0.628,1.717,time_stop
7,TS7d,KLBN11,2025-03-12,2025-03-21,7,-4.766,3,17.690,17.740,0.308,6.825,-6.517,time_stop
10,TS10d,KLBN11,2022-02-24,2022-03-04,4,-4.508,3,15.150,15.910,5.000,2.717,2.283,take_profit
10,TS10d,KLBN11,2023-01-12,2023-01-26,10,-4.540,4,14.410,13.950,-3.214,1.995,-5.209,time_stop
10,TS10d,KLBN11,2023-01-31,2023-02-14,10,-4.563,3,14.280,14.360,0.593,-4.925,5.518,time_stop
10,TS10d,KLBN11,2023-12-01,2023-12-15,10,-4.065,5,16.970,16.530,-2.576,1.642,-4.218,time_stop
10,TS10d,KLBN11,2024-10-15,2024-10-29,10,-4.403,3,17.810,18.120,1.732,-0.118,1.850,time_stop
10,TS10d,KLBN11,2025-03-12,2025-03-26,10,-4.766,3,17.690,17.350,-1.896,7.040,-8.936,time_stop
5,TS5d,RENT3,2022-03-22,2022-03-24,2,-4.345,3,48.570,51.000,5.000,1.450,3.550,take_profit
5,TS5d,RENT3,2023-03-24,2023-03-28,2,-4.220,3,44.870,47.110,5.000,2.264,2.736,take_profit
5,TS5d,RENT3,2025-10-13,2025-10-20,5,-4.538,4,35.750,36.530,2.184,1.816,0.368,time_stop
7,TS7d,RENT3,2022-03-22,2022-03-24,2,-4.345,3,48.570,51.000,5.000,1.450,3.550,take_profit
7,TS7d,RENT3,2023-03-24,2023-03-28,2,-4.220,3,44.870,47.110,5.000,2.264,2.736,take_profit
7,TS7d,RENT3,2025-10-13,2025-10-22,7,-4.538,4,35.750,37.340,4.450,2.256,2.194,time_stop
10,TS10d,RENT3,2022-03-22,2022-03-24,2,-4.345,3,48.570,51.000,5.000,1.450,3.550,take_profit
10,TS10d,RENT3,2023-03-24,2023-03-28,2,-4.220,3,44.870,47.110,5.000,2.264,2.736,take_profit
10,TS10d,RENT3,2025-10-13,2025-10-23,8,-4.538,4,35.750,37.540,5.000,2.832,2.168,take_profit
5,TS5d,LREN3,2025-01-07,2025-01-14,5,-4.130,5,11.920,11.920,0.079,-1.430,1.509,time_stop
7,TS7d,LREN3,2025-01-07,2025-01-16,7,-4.130,5,11.920,11.740,-1.508,0.152,-1.660,time_stop
10,TS10d,LREN3,2025-01-07,2025-01-21,10,-4.130,5,11.920,11.840,-0.635,1.820,-2.455,time_stop
5,TS5d,LWSA3,2023-08-22,2023-08-23,1,-4.332,3,6.370,6.680,5.000,1.681,3.319,take_profit
5,TS5d,LWSA3,2023-08-28,2023-09-01,4,-4.283,4,6.260,6.570,5.000,0.485,4.515,take_profit
5,TS5d,LWSA3,2023-09-13,2023-09-20,5,-4.030,6,6.260,6.120,-2.196,0.498,-2.694,time_stop
5,TS5d,LWSA3,2025-12-26,2026-01-06,5,-4.926,6,3.890,4.050,4.126,1.508,2.618,time_stop
5,TS5d,LWSA3,2026-01-08,2026-01-15,5,-4.147,6,4.010,4.160,3.765,1.848,1.917,time_stop
5,TS5d,LWSA3,2026-01-19,2026-01-22,3,-4.793,3,4.090,4.290,5.000,6.669,-1.669,take_profit
7,TS7d,LWSA3,2023-08-22,2023-08-23,1,-4.332,3,6.370,6.680,5.000,1.681,3.319,take_profit
7,TS7d,LWSA3,2023-08-28,2023-09-01,4,-4.283,4,6.260,6.570,5.000,0.485,4.515,take_profit
7,TS7d,LWSA3,2023-09-13,2023-09-22,7,-4.030,6,6.260,5.760,-7.906,-1.616,-6.290,time_stop
7,TS7d,LWSA3,2025-12-26,2026-01-08,7,-4.926,6,3.890,4.070,4.612,1.128,3.484,time_stop
7,TS7d,LWSA3,2026-01-15,2026-01-22,5,-4.099,3,4.120,4.330,5.000,6.269,-1.269,take_profit
10,TS10d,LWSA3,2023-08-22,2023-08-23,1,-4.332,3,6.370,6.680,5.000,1.681,3.319,take_profit
10,TS10d,LWSA3,2023-08-28,2023-09-01,4,-4.283,4,6.260,6.570,5.000,0.485,4.515,take_profit
10,TS10d,LWSA3,2023-09-13,2023-09-27,10,-4.030,6,6.260,5.640,-9.810,-3.285,-6.525,time_stop
10,TS10d,LWSA3,2025-12-26,2026-01-09,8,-4.926,6,3.890,4.080,5.000,1.445,3.555,take_profit
10,TS10d,LWSA3,2026-01-15,2026-01-22,5,-4.099,3,4.120,4.330,5.000,6.269,-1.269,take_profit
5,TS5d,MGLU3,2022-11-08,2022-11-16,5,-4.699,6,39.000,28.800,-26.164,-5.574,-20.590,time_stop
5,TS5d,MGLU3,2023-04-05,2023-04-11,3,-4.492,8,28.020,29.420,5.000,5.408,-0.408,take_profit
5,TS5d,MGLU3,2023-05-22,2023-05-29,5,-4.148,6,31.740,32.770,3.270,0.206,3.064,time_stop
5,TS5d,MGLU3,2025-04-24,2025-04-25,1,-4.266,6,8.890,9.330,5.000,0.084,4.916,take_profit
5,TS5d,MGLU3,2025-05-02,2025-05-09,5,-4.580,8,8.960,7.990,-10.840,1.054,-11.894,time_stop
5,TS5d,MGLU3,2025-05-15,2025-05-16,1,-4.740,5,8.870,9.310,5.000,0.029,4.971,take_profit
5,TS5d,MGLU3,2025-05-28,2025-06-03,4,-4.538,5,8.820,9.260,5.000,-0.965,5.965,take_profit
5,TS5d,MGLU3,2025-06-16,2025-06-24,5,-4.670,4,8.710,8.670,-0.546,-1.470,0.924,time_stop
5,TS5d,MGLU3,2025-07-09,2025-07-16,5,-4.244,6,8.570,7.720,-9.889,-1.275,-8.614,time_stop
5,TS5d,MGLU3,2025-10-14,2025-10-21,5,-4.060,6,8.120,7.960,-1.993,1.751,-3.744,time_stop
7,TS7d,MGLU3,2022-11-08,2022-11-18,7,-4.699,6,39.000,27.240,-30.155,-6.634,-23.521,time_stop
7,TS7d,MGLU3,2023-04-05,2023-04-11,3,-4.492,8,28.020,29.420,5.000,5.408,-0.408,take_profit
7,TS7d,MGLU3,2023-05-22,2023-05-31,7,-4.148,6,31.740,32.860,3.542,-1.605,5.147,time_stop
7,TS7d,MGLU3,2025-04-24,2025-04-25,1,-4.266,6,8.890,9.330,5.000,0.084,4.916,take_profit
7,TS7d,MGLU3,2025-05-02,2025-05-13,7,-4.580,8,8.960,8.720,-2.657,2.852,-5.509,time_stop
7,TS7d,MGLU3,2025-05-15,2025-05-16,1,-4.740,5,8.870,9.310,5.000,0.029,4.971,take_profit
7,TS7d,MGLU3,2025-05-28,2025-06-03,4,-4.538,5,8.820,9.260,5.000,-0.965,5.965,take_profit
7,TS7d,MGLU3,2025-06-16,2025-06-26,7,-4.670,4,8.710,8.970,2.951,-1.551,4.502,time_stop
7,TS7d,MGLU3,2025-07-09,2025-07-18,7,-4.244,6,8.570,7.500,-12.444,-2.841,-9.603,time_stop
7,TS7d,MGLU3,2025-10-14,2025-10-23,7,-4.060,6,8.120,7.500,-7.737,2.840,-10.577,time_stop
10,TS10d,MGLU3,2022-11-08,2022-11-23,10,-4.699,6,39.000,29.230,-25.055,-6.287,-18.768,time_stop
10,TS10d,MGLU3,2023-04-05,2023-04-11,3,-4.492,8,28.020,29.420,5.000,5.408,-0.408,take_profit
10,TS10d,MGLU3,2023-05-22,2023-06-01,8,-4.148,6,31.740,33.320,5.000,0.610,4.390,take_profit
10,TS10d,MGLU3,2025-04-24,2025-04-25,1,-4.266,6,8.890,9.330,5.000,0.084,4.916,take_profit
10,TS10d,MGLU3,2025-05-02,2025-05-16,10,-4.580,8,8.960,9.310,3.932,3.231,0.701,time_stop
10,TS10d,MGLU3,2025-05-28,2025-06-03,4,-4.538,5,8.820,9.260,5.000,-0.965,5.965,take_profit
10,TS10d,MGLU3,2025-06-16,2025-06-30,9,-4.670,4,8.710,9.150,5.000,-0.162,5.162,take_profit
10,TS10d,MGLU3,2025-07-09,2025-07-23,10,-4.244,6,8.570,7.430,-13.333,-1.283,-12.050,time_stop
10,TS10d,MGLU3,2025-10-14,2025-10-28,10,-4.060,6,8.120,8.250,1.524,4.022,-2.498,time_stop
5,TS5d,POMO4,2022-07-28,2022-08-04,5,-4.068,4,1.290,1.330,3.239,3.411,-0.172,time_stop
5,TS5d,POMO4,2022-10-26,2022-10-31,3,-4.189,4,1.410,1.480,5.000,3.098,1.902,take_profit
5,TS5d,POMO4,2022-11-07,2022-11-14,5,-4.762,6,1.440,1.300,-10.108,-1.780,-8.328,time_stop
5,TS5d,POMO4,2025-03-14,2025-03-21,5,-4.479,3,5.430,5.630,3.774,2.569,1.205,time_stop
7,TS7d,POMO4,2022-07-28,2022-08-08,7,-4.068,4,1.290,1.300,1.215,5.752,-4.537,time_stop
7,TS7d,POMO4,2022-10-26,2022-10-31,3,-4.189,4,1.410,1.480,5.000,3.098,1.902,take_profit
7,TS7d,POMO4,2022-11-07,2022-11-17,7,-4.762,6,1.440,1.250,-13.357,-4.972,-8.385,time_stop
7,TS7d,POMO4,2025-03-14,2025-03-25,7,-4.479,3,5.430,5.620,3.483,2.616,0.867,time_stop
10,TS10d,POMO4,2022-07-28,2022-08-10,9,-4.068,4,1.290,1.350,5.000,7.528,-2.528,take_profit
10,TS10d,POMO4,2022-10-26,2022-10-31,3,-4.189,4,1.410,1.480,5.000,3.098,1.902,take_profit
10,TS10d,POMO4,2022-11-07,2022-11-22,10,-4.762,6,1.440,1.260,-12.996,-5.530,-7.466,time_stop
10,TS10d,POMO4,2025-03-14,2025-03-28,10,-4.479,3,5.430,5.090,-6.241,2.338,-8.579,time_stop
5,TS5d,BEEF3,2023-02-14,2023-02-23,5,-4.502,8,11.980,10.900,-9.021,-0.268,-8.753,time_stop
7,TS7d,BEEF3,2023-02-14,2023-02-27,7,-4.502,8,11.980,10.440,-12.876,-2.049,-10.827,time_stop
10,TS10d,BEEF3,2023-02-14,2023-03-02,10,-4.502,8,11.980,10.160,-15.189,-4.300,-10.889,time_stop
5,TS5d,MOVI3,2023-12-22,2024-01-03,5,-4.738,8,10.250,9.990,-2.588,0.039,-2.627,time_stop
7,TS7d,MOVI3,2023-12-22,2024-01-05,7,-4.738,8,10.250,10.010,-2.330,-0.535,-1.795,time_stop
10,TS10d,MOVI3,2023-12-22,2024-01-10,10,-4.738,8,10.250,9.990,-2.588,-1.551,-1.037,time_stop
5,TS5d,MRVE3,2022-02-17,2022-02-24,5,-4.965,4,12.260,11.580,-5.486,-1.485,-4.001,time_stop
5,TS5d,MRVE3,2022-08-30,2022-09-01,2,-4.296,4,10.330,10.840,5.000,0.179,4.821,take_profit
5,TS5d,MRVE3,2024-10-25,2024-11-01,5,-4.368,6,7.090,6.750,-4.795,-1.385,-3.410,time_stop
7,TS7d,MRVE3,2022-02-17,2022-03-02,7,-4.965,4,12.260,11.310,-7.759,1.833,-9.592,time_stop
7,TS7d,MRVE3,2022-08-30,2022-09-01,2,-4.296,4,10.330,10.840,5.000,0.179,4.821,take_profit
7,TS7d,MRVE3,2024-10-25,2024-11-05,7,-4.368,6,7.090,7.250,2.257,0.633,1.624,time_stop
10,TS10d,MRVE3,2022-02-17,2022-03-07,10,-4.965,4,12.260,10.610,-13.401,-1.824,-11.577,time_stop
10,TS10d,MRVE3,2022-08-30,2022-09-01,2,-4.296,4,10.330,10.840,5.000,0.179,4.821,take_profit
10,TS10d,MRVE3,2024-10-25,2024-11-08,10,-4.368,6,7.090,6.930,-2.257,-1.464,-0.793,time_stop
5,TS5d,MULT3,2022-11-21,2022-11-28,5,-4.530,7,19.810,19.710,-0.484,-0.877,0.393,time_stop
5,TS5d,MULT3,2023-09-01,2023-09-11,5,-4.080,4,22.270,22.550,1.247,-0.500,1.747,time_stop
5,TS5d,MULT3,2024-08-29,2024-09-05,5,-4.073,6,24.540,24.210,-1.369,0.545,-1.914,time_stop
5,TS5d,MULT3,2024-12-04,2024-12-11,5,-4.854,7,21.610,22.030,1.943,3.145,-1.202,time_stop
5,TS5d,MULT3,2025-12-08,2025-12-15,5,-4.891,5,27.960,28.430,1.662,2.654,-0.992,time_stop
7,TS7d,MULT3,2022-11-21,2022-11-30,7,-4.530,7,19.810,19.980,0.880,2.357,-1.477,time_stop
7,TS7d,MULT3,2023-09-01,2023-09-13,7,-4.080,4,22.270,23.030,3.419,0.359,3.060,time_stop
7,TS7d,MULT3,2024-08-29,2024-09-09,7,-4.073,6,24.540,24.170,-1.521,-0.855,-0.666,time_stop
7,TS7d,MULT3,2024-12-04,2024-12-13,7,-4.854,7,21.610,21.000,-2.850,-0.912,-1.938,time_stop
7,TS7d,MULT3,2025-12-08,2025-12-17,7,-4.891,5,27.960,26.920,-3.713,-0.580,-3.133,time_stop
10,TS10d,MULT3,2022-11-21,2022-12-05,10,-4.530,7,19.810,19.090,-3.652,-0.424,-3.228,time_stop
10,TS10d,MULT3,2023-09-01,2023-09-14,8,-4.080,4,22.270,23.390,5.000,1.350,3.650,take_profit
10,TS10d,MULT3,2024-08-29,2024-09-12,10,-4.073,6,24.540,25.100,2.281,-1.407,3.688,time_stop
10,TS10d,MULT3,2024-12-04,2024-12-18,10,-4.854,7,21.610,20.200,-6.520,-3.788,-2.732,time_stop
10,TS10d,MULT3,2025-12-08,2025-12-22,10,-4.891,5,27.960,26.380,-5.658,-0.116,-5.542,time_stop
5,TS5d,NEOE3,2022-09-21,2022-09-28,5,-4.729,10,13.410,12.860,-4.122,-3.088,-1.034,time_stop
5,TS5d,NEOE3,2022-09-29,2022-10-03,2,-4.768,7,12.730,13.370,5.000,8.285,-3.285,take_profit
5,TS5d,NEOE3,2024-05-08,2024-05-15,5,-4.230,7,18.000,18.900,5.000,-1.209,6.209,take_profit
5,TS5d,NEOE3,2024-06-21,2024-06-28,5,-4.587,10,16.570,17.230,3.975,2.000,1.975,time_stop
5,TS5d,NEOE3,2024-07-03,2024-07-10,5,-4.767,7,17.080,17.910,4.822,1.113,3.709,time_stop
7,TS7d,NEOE3,2022-09-21,2022-09-30,7,-4.729,10,13.410,12.810,-4.435,-1.572,-2.863,time_stop
7,TS7d,NEOE3,2024-05-08,2024-05-15,5,-4.230,7,18.000,18.900,5.000,-1.209,6.209,take_profit
7,TS7d,NEOE3,2024-06-21,2024-07-02,7,-4.587,10,16.570,17.120,3.321,2.805,0.516,time_stop
7,TS7d,NEOE3,2024-07-03,2024-07-12,7,-4.767,7,17.080,17.940,5.000,2.505,2.495,take_profit
10,TS10d,NEOE3,2022-09-21,2022-10-05,10,-4.729,10,13.410,12.860,-4.060,4.771,-8.831,time_stop
10,TS10d,NEOE3,2024-05-08,2024-05-15,5,-4.230,7,18.000,18.900,5.000,-1.209,6.209,take_profit
10,TS10d,NEOE3,2024-06-21,2024-07-04,9,-4.587,10,16.570,17.400,5.000,3.898,1.102,take_profit
10,TS10d,NEOE3,2024-07-08,2024-07-22,10,-4.955,5,17.400,17.380,-0.108,1.074,-1.182,time_stop
5,TS5d,PCAR3,2022-10-14,2022-10-21,5,-4.940,3,20.330,21.190,4.230,7.586,-3.356,time_stop
5,TS5d,PCAR3,2022-12-07,2022-12-14,5,-4.445,4,19.340,17.480,-9.617,-4.631,-4.986,time_stop
5,TS5d,PCAR3,2025-01-27,2025-02-03,5,-4.852,4,2.670,2.650,-0.749,0.632,-1.381,time_stop
5,TS5d,PCAR3,2025-05-23,2025-05-30,5,-4.756,5,3.000,3.010,0.333,-0.357,0.690,time_stop
5,TS5d,PCAR3,2025-06-02,2025-06-09,5,-4.277,5,3.040,3.020,-0.658,-0.651,-0.007,time_stop
5,TS5d,PCAR3,2025-08-13,2025-08-20,5,-4.821,5,3.020,3.150,4.305,-1.392,5.697,time_stop
7,TS7d,PCAR3,2022-10-14,2022-10-25,7,-4.940,3,20.330,20.520,0.935,2.088,-1.153,time_stop
7,TS7d,PCAR3,2022-12-07,2022-12-16,7,-4.445,4,19.340,16.360,-15.408,-5.862,-9.546,time_stop
7,TS7d,PCAR3,2025-01-27,2025-02-05,7,-4.852,4,2.670,2.580,-3.371,0.410,-3.781,time_stop
7,TS7d,PCAR3,2025-05-23,2025-06-03,7,-4.756,5,3.000,3.070,2.333,-0.052,2.385,time_stop
7,TS7d,PCAR3,2025-08-13,2025-08-21,6,-4.821,5,3.020,3.170,5.000,-1.519,6.519,take_profit
10,TS10d,PCAR3,2022-10-14,2022-10-28,10,-4.940,3,20.330,21.080,3.689,4.417,-0.728,time_stop
10,TS10d,PCAR3,2022-12-07,2022-12-21,10,-4.445,4,19.340,17.780,-8.066,-1.629,-6.437,time_stop
10,TS10d,PCAR3,2025-01-27,2025-02-10,10,-4.852,4,2.670,2.700,1.124,0.558,0.566,time_stop
10,TS10d,PCAR3,2025-05-23,2025-06-06,10,-4.756,5,3.000,3.060,2.000,-1.049,3.049,time_stop
10,TS10d,PCAR3,2025-08-13,2025-08-21,6,-4.821,5,3.020,3.170,5.000,-1.519,6.519,take_profit
5,TS5d,PETR4,2023-01-05,2023-01-12,5,-4.531,4,13.210,13.870,5.000,3.827,1.173,take_profit
5,TS5d,PETR4,2023-01-13,2023-01-19,4,-4.570,3,13.830,14.520,5.000,1.639,3.361,take_profit
5,TS5d,PETR4,2023-02-03,2023-02-06,1,-4.847,4,13.890,14.580,5.000,0.362,4.638,take_profit
5,TS5d,PETR4,2023-03-16,2023-03-23,5,-4.931,4,13.240,12.900,-2.564,-5.420,2.856,time_stop
5,TS5d,PETR4,2023-03-27,2023-04-03,5,-4.071,3,13.080,13.730,5.000,1.823,3.177,take_profit
5,TS5d,PETR4,2025-04-08,2025-04-15,5,-4.505,5,30.260,27.840,-8.012,4.263,-12.275,time_stop
7,TS7d,PETR4,2023-01-05,2023-01-12,5,-4.531,4,13.210,13.870,5.000,3.827,1.173,take_profit
7,TS7d,PETR4,2023-01-13,2023-01-19,4,-4.570,3,13.830,14.520,5.000,1.639,3.361,take_profit
7,TS7d,PETR4,2023-02-03,2023-02-06,1,-4.847,4,13.890,14.580,5.000,0.362,4.638,take_profit
7,TS7d,PETR4,2023-03-16,2023-03-27,7,-4.931,4,13.240,13.120,-0.940,-3.460,2.520,time_stop
7,TS7d,PETR4,2023-04-03,2023-04-11,5,-4.087,3,13.630,14.310,5.000,4.690,0.310,take_profit
7,TS7d,PETR4,2025-04-08,2025-04-17,7,-4.505,5,30.260,28.390,-6.193,4.536,-10.729,time_stop
10,TS10d,PETR4,2023-01-05,2023-01-12,5,-4.531,4,13.210,13.870,5.000,3.827,1.173,take_profit
10,TS10d,PETR4,2023-01-13,2023-01-19,4,-4.570,3,13.830,14.520,5.000,1.639,3.361,take_profit
10,TS10d,PETR4,2023-02-03,2023-02-06,1,-4.847,4,13.890,14.580,5.000,0.362,4.638,take_profit
10,TS10d,PETR4,2023-03-16,2023-03-30,10,-4.931,4,13.240,13.570,2.436,0.470,1.966,time_stop
10,TS10d,PETR4,2023-04-03,2023-04-11,5,-4.087,3,13.630,14.310,5.000,4.690,0.310,take_profit
10,TS10d,PETR4,2025-04-08,2025-04-24,10,-4.505,5,30.260,28.000,-7.470,8.543,-16.013,time_stop
5,TS5d,RECV3,2024-04-03,2024-04-10,5,-4.563,3,15.640,16.310,4.329,0.494,3.835,time_stop
5,TS5d,RECV3,2024-04-17,2024-04-24,5,-4.231,3,15.240,16.000,5.000,0.357,4.643,take_profit
5,TS5d,RECV3,2024-05-08,2024-05-15,5,-4.266,3,15.730,15.840,0.704,-1.209,1.913,time_stop
5,TS5d,RECV3,2024-09-02,2024-09-09,5,-4.877,5,16.160,15.090,-6.618,-0.046,-6.572,time_stop
7,TS7d,RECV3,2024-04-03,2024-04-12,7,-4.563,3,15.640,15.840,1.271,-1.149,2.420,time_stop
7,TS7d,RECV3,2024-04-17,2024-04-24,5,-4.231,3,15.240,16.000,5.000,0.357,4.643,take_profit
7,TS7d,RECV3,2024-05-08,2024-05-17,7,-4.266,3,15.730,15.440,-1.829,-1.097,-0.732,time_stop
7,TS7d,RECV3,2024-09-02,2024-09-11,7,-4.877,5,16.160,14.920,-7.696,0.084,-7.780,time_stop
10,TS10d,RECV3,2024-04-03,2024-04-17,10,-4.563,3,15.640,15.000,-4.047,-2.428,-1.619,time_stop
10,TS10d,RECV3,2024-05-08,2024-05-22,10,-4.266,3,15.730,14.790,-5.957,-2.926,-3.031,time_stop
10,TS10d,RECV3,2024-09-02,2024-09-16,10,-4.877,5,16.160,14.840,-8.186,0.214,-8.400,time_stop
5,TS5d,PRIO3,2022-07-07,2022-07-14,5,-4.735,3,21.470,20.730,-3.442,-4.960,1.518,time_stop
5,TS5d,PRIO3,2022-08-23,2022-08-24,1,-4.552,5,23.580,24.760,5.000,0.073,4.927,take_profit
5,TS5d,PRIO3,2023-06-07,2023-06-15,5,-4.929,3,34.540,35.540,2.890,3.239,-0.349,time_stop
5,TS5d,PRIO3,2023-06-21,2023-06-22,1,-4.814,3,36.090,37.900,5.000,-0.869,5.869,take_profit
5,TS5d,PRIO3,2023-06-28,2023-07-04,4,-4.555,5,35.700,37.490,5.000,1.955,3.045,take_profit
5,TS5d,PRIO3,2023-12-22,2024-01-03,5,-4.932,3,45.340,46.880,3.397,0.039,3.358,time_stop
5,TS5d,PRIO3,2024-01-09,2024-01-16,5,-4.236,3,46.200,45.880,-0.693,-1.646,0.953,time_stop
5,TS5d,PRIO3,2024-05-09,2024-05-16,5,-4.889,3,46.300,47.610,2.829,0.024,2.805,time_stop
5,TS5d,PRIO3,2024-08-22,2024-08-29,5,-4.859,4,46.700,46.730,0.064,0.456,-0.392,time_stop
5,TS5d,PRIO3,2024-08-30,2024-09-06,5,-4.327,4,46.660,42.460,-9.001,-1.237,-7.764,time_stop
5,TS5d,PRIO3,2025-01-30,2025-02-06,5,-4.659,4,40.640,40.570,-0.172,-0.637,0.465,time_stop
7,TS7d,PRIO3,2022-07-07,2022-07-18,7,-4.735,3,21.470,22.050,2.744,-4.118,6.862,time_stop
7,TS7d,PRIO3,2022-08-23,2022-08-24,1,-4.552,5,23.580,24.760,5.000,0.073,4.927,take_profit
7,TS7d,PRIO3,2023-06-07,2023-06-19,7,-4.929,3,34.540,36.000,4.220,3.892,0.328,time_stop
7,TS7d,PRIO3,2023-06-21,2023-06-22,1,-4.814,3,36.090,37.900,5.000,-0.869,5.869,take_profit
7,TS7d,PRIO3,2023-06-28,2023-07-04,4,-4.555,5,35.700,37.490,5.000,1.955,3.045,take_profit
7,TS7d,PRIO3,2023-12-22,2024-01-05,7,-4.932,3,45.340,46.080,1.632,-0.535,2.167,time_stop
7,TS7d,PRIO3,2024-01-09,2024-01-18,7,-4.236,3,46.200,44.760,-3.117,-3.159,0.042,time_stop
7,TS7d,PRIO3,2024-05-09,2024-05-20,7,-4.889,3,46.300,47.500,2.592,-0.321,2.913,time_stop
7,TS7d,PRIO3,2024-08-22,2024-09-02,7,-4.859,4,46.700,46.710,0.021,-0.357,0.378,time_stop
7,TS7d,PRIO3,2025-01-30,2025-02-10,7,-4.659,4,40.640,40.000,-1.575,-1.129,-0.446,time_stop
10,TS10d,PRIO3,2022-07-07,2022-07-21,10,-4.735,3,21.470,22.540,5.000,-2.085,7.085,take_profit
10,TS10d,PRIO3,2022-08-23,2022-08-24,1,-4.552,5,23.580,24.760,5.000,0.073,4.927,take_profit
10,TS10d,PRIO3,2023-06-07,2023-06-21,9,-4.929,3,34.540,36.270,5.000,4.017,0.983,take_profit
10,TS10d,PRIO3,2023-06-28,2023-07-04,4,-4.555,5,35.700,37.490,5.000,1.955,3.045,take_profit
10,TS10d,PRIO3,2023-12-22,2024-01-10,10,-4.932,3,45.340,44.350,-2.184,-1.551,-0.633,time_stop
10,TS10d,PRIO3,2024-05-09,2024-05-23,10,-4.889,3,46.300,44.470,-3.952,-2.747,-1.205,time_stop
10,TS10d,PRIO3,2024-08-22,2024-09-05,10,-4.859,4,46.700,43.520,-6.809,1.003,-7.812,time_stop
10,TS10d,PRIO3,2025-01-30,2025-02-13,10,-4.659,4,40.640,38.890,-4.306,-1.831,-2.475,time_stop
5,TS5d,PSSA3,2023-11-20,2023-11-27,5,-4.482,5,24.370,24.870,2.058,-0.254,2.312,time_stop
5,TS5d,PSSA3,2023-12-15,2023-12-22,5,-4.687,4,25.300,26.010,2.832,2.106,0.726,time_stop
7,TS7d,PSSA3,2023-11-20,2023-11-29,7,-4.482,5,24.370,24.810,1.838,0.016,1.822,time_stop
7,TS7d,PSSA3,2023-12-15,2023-12-27,7,-4.687,4,25.300,26.330,4.071,3.128,0.943,time_stop
10,TS10d,PSSA3,2023-11-20,2023-12-04,10,-4.482,5,24.370,25.590,5.000,0.581,4.419,take_profit
10,TS10d,PSSA3,2023-12-15,2024-01-03,10,-4.687,4,25.300,26.160,3.423,2.146,1.277,time_stop
5,TS5d,RADL3,2023-11-13,2023-11-20,4,-4.672,5,25.190,26.450,5.000,4.648,0.352,take_profit
5,TS5d,RADL3,2023-11-24,2023-12-01,5,-4.005,5,26.620,26.430,-0.743,2.121,-2.864,time_stop
5,TS5d,RADL3,2023-12-05,2023-12-12,5,-4.880,4,26.710,26.850,0.531,-0.333,0.864,time_stop
7,TS7d,RADL3,2023-11-13,2023-11-20,4,-4.672,5,25.190,26.450,5.000,4.648,0.352,take_profit
7,TS7d,RADL3,2023-11-24,2023-12-05,7,-4.005,5,26.620,26.920,1.097,1.110,-0.013,time_stop
10,TS10d,RADL3,2023-11-13,2023-11-20,4,-4.672,5,25.190,26.450,5.000,4.648,0.352,take_profit
10,TS10d,RADL3,2023-11-24,2023-12-08,10,-4.005,5,26.620,26.610,-0.070,1.356,-1.426,time_stop
5,TS5d,RAIZ4,2023-10-09,2023-10-11,2,-4.178,3,3.250,3.420,5.000,1.575,3.425,take_profit
5,TS5d,RAIZ4,2024-01-17,2024-01-24,5,-4.191,4,3.770,3.700,-1.847,-0.450,-1.397,time_stop
5,TS5d,RAIZ4,2024-02-07,2024-02-16,5,-4.307,3,3.840,3.870,0.777,-1.022,1.799,time_stop
7,TS7d,RAIZ4,2023-10-09,2023-10-11,2,-4.178,3,3.250,3.420,5.000,1.575,3.425,take_profit
7,TS7d,RAIZ4,2024-01-17,2024-01-26,7,-4.191,4,3.770,3.720,-1.319,0.442,-1.761,time_stop
7,TS7d,RAIZ4,2024-02-07,2024-02-20,7,-4.307,3,3.840,3.840,-0.000,0.016,-0.016,time_stop
10,TS10d,RAIZ4,2023-10-09,2023-10-11,2,-4.178,3,3.250,3.420,5.000,1.575,3.425,take_profit
10,TS10d,RAIZ4,2024-01-17,2024-01-31,10,-4.191,4,3.770,3.810,1.055,-0.466,1.521,time_stop
10,TS10d,RAIZ4,2024-02-07,2024-02-23,10,-4.307,3,3.840,3.670,-4.404,-0.444,-3.960,time_stop
5,TS5d,RAPT4,2022-02-17,2022-02-24,5,-4.832,6,9.620,9.010,-6.364,-1.485,-4.879,time_stop
5,TS5d,RAPT4,2022-05-27,2022-06-03,5,-4.682,4,8.860,8.870,0.098,-0.389,0.487,time_stop
5,TS5d,RAPT4,2022-06-06,2022-06-13,5,-4.010,4,8.910,8.120,-8.861,-6.860,-2.001,time_stop
5,TS5d,RAPT4,2022-06-14,2022-06-15,1,-4.595,3,8.130,8.540,5.000,1.037,3.963,take_profit
5,TS5d,RAPT4,2023-12-01,2023-12-05,2,-4.020,5,10.480,11.000,5.000,-0.990,5.990,take_profit
5,TS5d,RAPT4,2024-08-05,2024-08-08,3,-4.906,4,10.010,10.510,5.000,2.899,2.101,take_profit
7,TS7d,RAPT4,2022-02-17,2022-03-02,7,-4.832,6,9.620,8.770,-8.893,1.833,-10.726,time_stop
7,TS7d,RAPT4,2022-05-27,2022-06-07,7,-4.682,4,8.860,8.480,-4.310,-1.622,-2.688,time_stop
7,TS7d,RAPT4,2022-06-14,2022-06-15,1,-4.595,3,8.130,8.540,5.000,1.037,3.963,take_profit
7,TS7d,RAPT4,2023-12-01,2023-12-05,2,-4.020,5,10.480,11.000,5.000,-0.990,5.990,take_profit
7,TS7d,RAPT4,2024-08-05,2024-08-08,3,-4.906,4,10.010,10.510,5.000,2.899,2.101,take_profit
10,TS10d,RAPT4,2022-02-17,2022-03-07,10,-4.832,6,9.620,7.980,-17.088,-1.824,-15.264,time_stop
10,TS10d,RAPT4,2022-05-27,2022-06-10,10,-4.682,4,8.860,8.480,-4.310,-5.635,1.325,time_stop
10,TS10d,RAPT4,2022-06-14,2022-06-15,1,-4.595,3,8.130,8.540,5.000,1.037,3.963,take_profit
10,TS10d,RAPT4,2023-12-01,2023-12-05,2,-4.020,5,10.480,11.000,5.000,-0.990,5.990,take_profit
10,TS10d,RAPT4,2024-08-05,2024-08-08,3,-4.906,4,10.010,10.510,5.000,2.899,2.101,take_profit
5,TS5d,RDOR3,2025-03-25,2025-04-01,5,-4.428,5,25.700,25.400,-1.140,-0.775,-0.365,time_stop
5,TS5d,RDOR3,2025-04-02,2025-04-09,5,-4.670,5,25.400,26.390,3.864,-3.375,7.239,time_stop
5,TS5d,RDOR3,2026-02-20,2026-02-27,5,-4.448,5,44.380,40.300,-9.193,-0.820,-8.373,time_stop
7,TS7d,RDOR3,2025-03-25,2025-04-03,7,-4.428,5,25.700,26.240,2.114,-0.728,2.842,time_stop
7,TS7d,RDOR3,2026-02-20,2026-03-03,7,-4.448,5,44.380,38.650,-12.911,-3.958,-8.953,time_stop
10,TS10d,RDOR3,2025-03-25,2025-04-08,10,-4.428,5,25.700,26.150,1.760,-6.200,7.960,time_stop
10,TS10d,RDOR3,2026-02-20,2026-03-06,10,-4.448,5,44.380,38.410,-13.452,-5.785,-7.667,time_stop
5,TS5d,RAIL3,2022-05-04,2022-05-11,5,-4.673,6,15.100,14.600,-3.275,-3.583,0.308,time_stop
5,TS5d,RAIL3,2023-02-07,2023-02-14,5,-4.127,7,16.670,16.500,-0.970,0.317,-1.287,time_stop
5,TS5d,RAIL3,2023-02-15,2023-02-17,2,-4.406,4,16.530,17.360,5.000,-0.462,5.462,take_profit
7,TS7d,RAIL3,2022-05-04,2022-05-13,7,-4.673,6,15.100,14.770,-2.141,-1.044,-1.097,time_stop
7,TS7d,RAIL3,2023-02-07,2023-02-16,7,-4.127,7,16.670,17.070,2.396,2.305,0.091,time_stop
10,TS10d,RAIL3,2022-05-04,2022-05-18,10,-4.673,6,15.100,14.840,-1.700,-2.079,0.379,time_stop
10,TS10d,RAIL3,2023-02-07,2023-02-23,10,-4.127,7,16.670,17.030,2.168,0.048,2.120,time_stop
5,TS5d,SBSP3,2023-06-15,2023-06-22,5,-4.799,4,48.980,49.440,0.943,-0.121,1.064,time_stop
5,TS5d,SBSP3,2026-01-13,2026-01-20,5,-4.199,3,126.500,127.840,1.059,2.420,-1.361,time_stop
5,TS5d,SBSP3,2026-01-26,2026-02-02,5,-4.681,3,139.020,143.540,3.251,2.225,1.026,time_stop
7,TS7d,SBSP3,2023-06-15,2023-06-26,7,-4.799,4,48.980,49.710,1.497,-0.849,2.346,time_stop
7,TS7d,SBSP3,2026-01-13,2026-01-22,7,-4.199,3,126.500,132.830,5.000,8.594,-3.594,take_profit
7,TS7d,SBSP3,2026-01-26,2026-02-04,7,-4.681,3,139.020,143.530,3.244,1.654,1.590,time_stop
10,TS10d,SBSP3,2023-06-15,2023-06-29,10,-4.799,4,48.980,50.290,2.681,-0.425,3.106,time_stop
10,TS10d,SBSP3,2026-01-13,2026-01-22,7,-4.199,3,126.500,132.830,5.000,8.594,-3.594,take_profit
10,TS10d,SBSP3,2026-01-26,2026-02-09,10,-4.681,3,139.020,145.970,5.000,4.273,0.727,take_profit
5,TS5d,SAPR11,2022-12-05,2022-12-12,5,-4.501,4,14.440,13.780,-4.591,-3.626,-0.965,time_stop
5,TS5d,SAPR11,2024-11-05,2024-11-12,5,-4.634,7,24.420,24.490,0.302,-2.320,2.622,time_stop
5,TS5d,SAPR11,2024-11-14,2024-11-25,5,-4.042,7,23.790,24.140,1.473,1.127,0.346,time_stop
7,TS7d,SAPR11,2022-12-05,2022-12-14,7,-4.501,4,14.440,13.200,-8.573,-4.667,-3.906,time_stop
7,TS7d,SAPR11,2024-11-05,2024-11-14,7,-4.634,7,24.420,23.980,-1.776,-2.265,0.489,time_stop
10,TS10d,SAPR11,2022-12-05,2022-12-19,10,-4.501,4,14.440,13.670,-5.365,-4.033,-1.332,time_stop
10,TS10d,SAPR11,2024-11-05,2024-11-21,10,-4.634,7,24.420,23.910,-2.078,-2.792,0.714,time_stop
5,TS5d,SANB11,2022-07-08,2022-07-15,5,-4.385,5,22.560,21.450,-4.904,-3.726,-1.178,time_stop
5,TS5d,SANB11,2022-07-18,2022-07-25,5,-4.867,4,21.570,22.140,2.637,3.620,-0.983,time_stop
5,TS5d,SANB11,2022-07-27,2022-08-03,5,-4.810,3,22.260,22.350,0.426,2.423,-1.997,time_stop
5,TS5d,SANB11,2023-03-20,2023-03-27,5,-4.382,6,21.330,21.520,0.891,-1.187,2.078,time_stop
5,TS5d,SANB11,2024-01-15,2024-01-22,5,-4.437,4,26.230,26.200,-0.118,-4.006,3.888,time_stop
5,TS5d,SANB11,2024-01-26,2024-02-02,5,-4.481,3,25.420,25.230,-0.724,-1.199,0.475,time_stop
5,TS5d,SANB11,2024-07-08,2024-07-15,5,-4.705,7,24.490,25.190,2.868,2.261,0.607,time_stop
5,TS5d,SANB11,2024-11-12,2024-11-21,5,-4.930,6,24.140,23.150,-4.127,-0.483,-3.644,time_stop
5,TS5d,SANB11,2025-03-21,2025-03-28,5,-4.191,3,24.650,25.200,2.223,-0.225,2.448,time_stop
5,TS5d,SANB11,2025-10-15,2025-10-20,3,-4.076,5,26.210,27.520,5.000,1.276,3.724,take_profit
5,TS5d,SANB11,2026-02-06,2026-02-10,2,-4.513,3,34.550,36.280,5.000,1.763,3.237,take_profit
5,TS5d,SANB11,2026-02-19,2026-02-26,5,-4.742,3,35.100,34.430,-1.909,1.276,-3.185,time_stop
7,TS7d,SANB11,2022-07-08,2022-07-19,7,-4.385,5,22.560,22.470,-0.385,-2.250,1.865,time_stop
7,TS7d,SANB11,2022-07-27,2022-08-05,7,-4.810,3,22.260,23.100,3.763,5.019,-1.256,time_stop
7,TS7d,SANB11,2023-03-20,2023-03-29,7,-4.382,6,21.330,21.480,0.698,0.870,-0.172,time_stop
7,TS7d,SANB11,2024-01-15,2024-01-24,7,-4.437,4,26.230,25.840,-1.487,-3.012,1.525,time_stop
7,TS7d,SANB11,2024-01-26,2024-02-06,7,-4.481,3,25.420,26.060,2.550,1.439,1.111,time_stop
7,TS7d,SANB11,2024-07-08,2024-07-17,7,-4.705,7,24.490,25.710,5.000,2.343,2.657,take_profit
7,TS7d,SANB11,2024-11-12,2024-11-25,7,-4.930,6,24.140,24.170,0.114,1.184,-1.070,time_stop
7,TS7d,SANB11,2025-03-21,2025-04-01,7,-4.191,3,24.650,24.800,0.603,-0.729,1.332,time_stop
7,TS7d,SANB11,2025-10-15,2025-10-20,3,-4.076,5,26.210,27.520,5.000,1.276,3.724,take_profit
7,TS7d,SANB11,2026-02-06,2026-02-10,2,-4.513,3,34.550,36.280,5.000,1.763,3.237,take_profit
7,TS7d,SANB11,2026-02-19,2026-03-02,7,-4.742,3,35.100,33.520,-4.501,0.276,-4.777,time_stop
10,TS10d,SANB11,2022-07-08,2022-07-22,10,-4.385,5,22.560,21.750,-3.573,-1.507,-2.066,time_stop
10,TS10d,SANB11,2022-07-27,2022-08-09,9,-4.810,3,22.260,23.370,5.000,7.380,-2.380,take_profit
10,TS10d,SANB11,2023-03-20,2023-04-03,10,-4.382,6,21.330,21.750,1.938,0.614,1.324,time_stop
10,TS10d,SANB11,2024-01-15,2024-01-29,10,-4.437,4,26.230,25.320,-3.457,-2.402,-1.055,time_stop
10,TS10d,SANB11,2024-07-08,2024-07-17,7,-4.705,7,24.490,25.710,5.000,2.343,2.657,take_profit
10,TS10d,SANB11,2024-11-12,2024-11-28,10,-4.930,6,24.140,22.760,-5.718,-2.335,-3.383,time_stop
10,TS10d,SANB11,2025-03-21,2025-04-04,10,-4.191,3,24.650,24.730,0.301,-3.822,4.123,time_stop
10,TS10d,SANB11,2025-10-15,2025-10-20,3,-4.076,5,26.210,27.520,5.000,1.276,3.724,take_profit
10,TS10d,SANB11,2026-02-06,2026-02-10,2,-4.513,3,34.550,36.280,5.000,1.763,3.237,take_profit
10,TS10d,SANB11,2026-02-19,2026-03-05,10,-4.742,3,35.100,32.330,-7.892,-4.454,-3.438,time_stop
5,TS5d,SMTO3,2024-07-31,2024-08-07,5,-4.198,3,27.010,26.500,-1.914,0.000,-1.914,time_stop
5,TS5d,SMTO3,2024-08-13,2024-08-20,5,-4.064,3,27.870,28.270,1.443,2.842,-1.399,time_stop
5,TS5d,SMTO3,2024-08-21,2024-08-28,5,-4.882,3,28.350,26.960,-4.931,0.663,-5.594,time_stop
7,TS7d,SMTO3,2024-07-31,2024-08-09,7,-4.198,3,27.010,27.980,3.580,2.491,1.089,time_stop
7,TS7d,SMTO3,2024-08-13,2024-08-22,7,-4.064,3,27.870,27.860,-0.034,2.166,-2.200,time_stop
7,TS7d,SMTO3,2024-08-26,2024-09-04,7,-4.589,3,28.060,25.720,-8.328,-0.623,-7.705,time_stop
10,TS10d,SMTO3,2024-07-31,2024-08-14,10,-4.198,3,27.010,28.360,5.000,4.547,0.453,take_profit
10,TS10d,SMTO3,2024-08-19,2024-09-02,10,-4.736,3,28.300,26.170,-7.513,-0.667,-6.846,time_stop
5,TS5d,CSNA3,2023-06-05,2023-06-13,5,-4.994,5,11.150,10.860,-2.627,3.482,-6.109,time_stop
5,TS5d,CSNA3,2024-04-29,2024-05-07,5,-4.805,3,12.760,12.670,-0.708,1.317,-2.025,time_stop
5,TS5d,CSNA3,2025-12-26,2026-01-06,5,-4.936,4,9.120,9.320,2.193,1.508,0.685,time_stop
5,TS5d,CSNA3,2026-01-07,2026-01-08,1,-4.553,4,9.360,9.830,5.000,0.504,4.496,take_profit
5,TS5d,CSNA3,2026-02-04,2026-02-11,5,-4.587,5,10.250,9.620,-6.146,4.371,-10.517,time_stop
7,TS7d,CSNA3,2023-06-05,2023-06-15,7,-4.994,5,11.150,11.390,2.164,5.736,-3.572,time_stop
7,TS7d,CSNA3,2024-04-29,2024-05-09,7,-4.805,3,12.760,12.530,-1.769,0.606,-2.375,time_stop
7,TS7d,CSNA3,2025-12-26,2026-01-07,6,-4.936,4,9.120,9.580,5.000,0.621,4.379,take_profit
7,TS7d,CSNA3,2026-02-04,2026-02-13,7,-4.587,5,10.250,8.730,-14.829,2.682,-17.511,time_stop
10,TS10d,CSNA3,2023-06-05,2023-06-20,10,-4.994,5,11.150,11.310,1.391,6.121,-4.730,time_stop
10,TS10d,CSNA3,2024-04-29,2024-05-14,10,-4.805,3,12.760,12.550,-1.628,0.840,-2.468,time_stop
10,TS10d,CSNA3,2025-12-26,2026-01-07,6,-4.936,4,9.120,9.580,5.000,0.621,4.379,take_profit
10,TS10d,CSNA3,2026-02-04,2026-02-20,10,-4.587,5,10.250,8.580,-16.293,4.764,-21.057,time_stop
5,TS5d,SLCE3,2022-08-10,2022-08-12,2,-4.863,3,14.250,14.960,5.000,1.952,3.048,take_profit
5,TS5d,SLCE3,2022-08-17,2022-08-24,5,-4.841,3,14.790,15.530,5.000,-0.736,5.736,take_profit
5,TS5d,SLCE3,2022-09-30,2022-10-07,5,-4.965,6,14.320,13.980,-2.361,5.937,-8.298,time_stop
5,TS5d,SLCE3,2023-01-09,2023-01-13,4,-4.201,4,14.790,15.530,5.000,1.898,3.102,take_profit
5,TS5d,SLCE3,2025-06-25,2025-07-02,5,-4.733,4,15.170,15.180,0.056,2.535,-2.479,time_stop
7,TS7d,SLCE3,2022-08-10,2022-08-12,2,-4.863,3,14.250,14.960,5.000,1.952,3.048,take_profit
7,TS7d,SLCE3,2022-08-17,2022-08-24,5,-4.841,3,14.790,15.530,5.000,-0.736,5.736,take_profit
7,TS7d,SLCE3,2022-09-30,2022-10-11,7,-4.965,6,14.320,14.670,2.431,4.161,-1.730,time_stop
7,TS7d,SLCE3,2023-01-09,2023-01-13,4,-4.201,4,14.790,15.530,5.000,1.898,3.102,take_profit
7,TS7d,SLCE3,2025-06-25,2025-07-04,7,-4.733,4,15.170,15.260,0.556,4.210,-3.654,time_stop
10,TS10d,SLCE3,2022-08-10,2022-08-12,2,-4.863,3,14.250,14.960,5.000,1.952,3.048,take_profit
10,TS10d,SLCE3,2022-08-17,2022-08-24,5,-4.841,3,14.790,15.530,5.000,-0.736,5.736,take_profit
10,TS10d,SLCE3,2022-09-30,2022-10-17,10,-4.965,6,14.320,14.730,2.917,3.231,-0.314,time_stop
10,TS10d,SLCE3,2023-01-09,2023-01-13,4,-4.201,4,14.790,15.530,5.000,1.898,3.102,take_profit
10,TS10d,SLCE3,2025-06-25,2025-07-09,10,-4.733,4,15.170,15.170,-0.000,1.177,-1.177,time_stop
5,TS5d,SUZB3,2022-03-28,2022-04-04,5,-4.105,3,50.620,47.830,-5.517,2.000,-7.517,time_stop
5,TS5d,SUZB3,2022-07-11,2022-07-18,5,-4.460,4,42.040,39.120,-6.953,-1.508,-5.445,time_stop
5,TS5d,SUZB3,2022-07-25,2022-08-01,5,-4.341,4,41.830,42.430,1.432,1.871,-0.439,time_stop
5,TS5d,SUZB3,2022-12-26,2023-01-03,5,-4.588,3,43.370,45.530,5.000,-4.441,9.441,take_profit
5,TS5d,SUZB3,2023-02-07,2023-02-14,5,-4.718,4,42.700,43.490,1.844,0.317,1.527,time_stop
5,TS5d,SUZB3,2023-12-04,2023-12-11,5,-4.242,5,47.980,48.720,1.548,0.122,1.426,time_stop
7,TS7d,SUZB3,2022-03-28,2022-04-06,7,-4.105,3,50.620,48.900,-3.387,-0.559,-2.828,time_stop
7,TS7d,SUZB3,2022-07-11,2022-07-20,7,-4.460,4,42.040,40.230,-4.316,0.158,-4.474,time_stop
7,TS7d,SUZB3,2022-07-25,2022-08-03,7,-4.341,4,41.830,42.310,1.132,3.566,-2.434,time_stop
7,TS7d,SUZB3,2022-12-26,2023-01-03,5,-4.588,3,43.370,45.530,5.000,-4.441,9.441,take_profit
7,TS7d,SUZB3,2023-02-07,2023-02-16,7,-4.718,4,42.700,44.240,3.601,2.305,1.296,time_stop
7,TS7d,SUZB3,2023-12-04,2023-12-13,7,-4.242,5,47.980,49.150,2.437,2.236,0.201,time_stop
10,TS10d,SUZB3,2022-03-28,2022-04-11,10,-4.105,3,50.620,47.890,-5.395,-1.694,-3.701,time_stop
10,TS10d,SUZB3,2022-07-11,2022-07-25,10,-4.460,4,42.040,41.240,-1.892,2.057,-3.949,time_stop
10,TS10d,SUZB3,2022-12-26,2023-01-03,5,-4.588,3,43.370,45.530,5.000,-4.441,9.441,take_profit
10,TS10d,SUZB3,2023-02-07,2023-02-23,10,-4.718,4,42.700,42.740,0.108,0.048,0.060,time_stop
10,TS10d,SUZB3,2023-12-04,2023-12-18,10,-4.242,5,47.980,49.810,3.820,3.505,0.315,time_stop
5,TS5d,TAEE11,2023-04-12,2023-04-19,5,-4.731,3,27.030,27.610,2.147,-2.777,4.924,time_stop
7,TS7d,TAEE11,2023-04-12,2023-04-24,7,-4.731,3,27.030,28.180,4.235,-2.642,6.877,time_stop
10,TS10d,TAEE11,2023-04-12,2023-04-27,10,-4.731,3,27.030,28.080,3.882,-3.696,7.578,time_stop
5,TS5d,VIVT3,2024-05-09,2024-05-16,5,-4.671,3,21.200,21.240,0.194,0.024,0.170,time_stop
5,TS5d,VIVT3,2024-05-17,2024-05-24,5,-4.865,3,21.150,20.960,-0.885,-2.999,2.114,time_stop
5,TS5d,VIVT3,2024-05-29,2024-06-06,5,-4.160,3,20.630,20.800,0.819,0.235,0.584,time_stop
5,TS5d,VIVT3,2025-12-19,2025-12-30,5,-4.059,3,32.710,33.020,0.943,1.739,-0.796,time_stop
7,TS7d,VIVT3,2024-05-09,2024-05-20,7,-4.671,3,21.200,20.810,-1.831,-0.321,-1.510,time_stop
7,TS7d,VIVT3,2024-05-29,2024-06-10,7,-4.160,3,20.630,20.260,-1.793,-1.486,-0.307,time_stop
7,TS7d,VIVT3,2025-12-19,2026-01-05,7,-4.059,3,32.710,33.010,0.912,2.073,-1.161,time_stop
10,TS10d,VIVT3,2024-05-09,2024-05-23,10,-4.671,3,21.200,20.960,-1.099,-2.747,1.648,time_stop
10,TS10d,VIVT3,2024-05-29,2024-06-13,10,-4.160,3,20.630,20.110,-2.545,-2.468,-0.077,time_stop
10,TS10d,VIVT3,2025-12-19,2026-01-08,10,-4.059,3,32.710,33.090,1.156,2.769,-1.613,time_stop
5,TS5d,TEND3,2023-04-05,2023-04-12,4,-4.569,4,4.300,4.510,5.000,5.859,-0.859,take_profit
5,TS5d,TEND3,2024-04-23,2024-04-26,3,-4.947,8,11.070,11.620,5.000,1.170,3.830,take_profit
5,TS5d,TEND3,2024-05-24,2024-06-03,5,-4.165,9,11.120,10.680,-3.882,-1.824,-2.058,time_stop
5,TS5d,TEND3,2024-06-05,2024-06-12,5,-4.687,8,10.660,10.640,-0.176,-1.221,1.045,time_stop
5,TS5d,TEND3,2024-06-14,2024-06-21,5,-4.279,6,10.570,9.960,-5.768,1.549,-7.317,time_stop
5,TS5d,TEND3,2026-01-14,2026-01-21,5,-4.136,7,23.940,24.370,1.796,4.136,-2.340,time_stop
7,TS7d,TEND3,2023-04-05,2023-04-12,4,-4.569,4,4.300,4.510,5.000,5.859,-0.859,take_profit
7,TS7d,TEND3,2024-04-23,2024-04-26,3,-4.947,8,11.070,11.620,5.000,1.170,3.830,take_profit
7,TS7d,TEND3,2024-05-24,2024-06-05,7,-4.165,9,11.120,10.710,-3.629,-2.271,-1.358,time_stop
7,TS7d,TEND3,2024-06-06,2024-06-17,7,-4.398,8,10.660,10.400,-2.377,-3.065,0.688,time_stop
7,TS7d,TEND3,2024-06-18,2024-06-27,7,-4.733,5,10.360,10.340,-0.271,4.030,-4.301,time_stop
7,TS7d,TEND3,2026-01-14,2026-01-23,7,-4.136,7,23.940,24.680,3.091,8.296,-5.205,time_stop
10,TS10d,TEND3,2023-04-05,2023-04-12,4,-4.569,4,4.300,4.510,5.000,5.859,-0.859,take_profit
10,TS10d,TEND3,2024-04-23,2024-04-26,3,-4.947,8,11.070,11.620,5.000,1.170,3.830,take_profit
10,TS10d,TEND3,2024-05-24,2024-06-10,10,-4.165,9,11.120,10.400,-6.414,-2.727,-3.687,time_stop
10,TS10d,TEND3,2024-06-14,2024-06-28,10,-4.279,6,10.570,10.080,-4.614,3.579,-8.193,time_stop
10,TS10d,TEND3,2026-01-14,2026-01-26,8,-4.136,7,23.940,25.140,5.000,8.050,-3.050,take_profit
5,TS5d,TIMS3,2023-01-09,2023-01-16,5,-4.994,5,8.660,8.510,-1.676,0.114,-1.790,time_stop
5,TS5d,TIMS3,2024-07-05,2024-07-12,5,-4.117,5,13.730,14.410,5.000,2.037,2.963,take_profit
5,TS5d,TIMS3,2024-10-31,2024-11-07,5,-4.665,5,14.280,13.920,-2.545,-0.158,-2.387,time_stop
5,TS5d,TIMS3,2024-11-21,2024-11-28,5,-4.282,3,13.920,13.460,-3.296,-1.861,-1.435,time_stop
5,TS5d,TIMS3,2026-01-13,2026-01-20,5,-4.809,3,22.440,23.560,5.000,2.420,2.580,take_profit
5,TS5d,TIMS3,2026-01-22,2026-01-29,5,-4.196,4,24.070,24.930,3.573,4.000,-0.427,time_stop
7,TS7d,TIMS3,2023-01-09,2023-01-18,7,-4.994,5,8.660,8.450,-2.347,2.829,-5.176,time_stop
7,TS7d,TIMS3,2024-07-05,2024-07-12,5,-4.117,5,13.730,14.410,5.000,2.037,2.963,take_profit
7,TS7d,TIMS3,2024-10-31,2024-11-11,7,-4.665,5,14.280,14.370,0.667,-1.513,2.180,time_stop
7,TS7d,TIMS3,2024-11-21,2024-12-02,7,-4.282,3,13.920,13.530,-2.799,-1.392,-1.407,time_stop
7,TS7d,TIMS3,2026-01-13,2026-01-20,5,-4.809,3,22.440,23.560,5.000,2.420,2.580,take_profit
7,TS7d,TIMS3,2026-01-22,2026-02-02,7,-4.196,4,24.070,24.660,2.451,3.740,-1.289,time_stop
10,TS10d,TIMS3,2023-01-09,2023-01-23,10,-4.994,5,8.660,8.430,-2.599,2.421,-5.020,time_stop
10,TS10d,TIMS3,2024-07-05,2024-07-12,5,-4.117,5,13.730,14.410,5.000,2.037,2.963,take_profit
10,TS10d,TIMS3,2024-10-31,2024-11-14,10,-4.665,5,14.280,14.260,-0.121,-1.576,1.455,time_stop
10,TS10d,TIMS3,2024-11-21,2024-12-05,10,-4.282,3,13.920,13.960,0.311,0.736,-0.425,time_stop
10,TS10d,TIMS3,2026-01-13,2026-01-20,5,-4.809,3,22.440,23.560,5.000,2.420,2.580,take_profit
10,TS10d,TIMS3,2026-01-22,2026-02-05,10,-4.196,4,24.070,25.270,5.000,3.421,1.579,take_profit
5,TS5d,TOTS3,2022-09-08,2022-09-14,4,-4.189,6,26.670,28.000,5.000,0.537,4.463,take_profit
5,TS5d,TOTS3,2022-12-07,2022-12-14,5,-4.969,9,26.590,24.830,-6.633,-4.631,-2.002,time_stop
5,TS5d,TOTS3,2022-12-20,2022-12-21,1,-4.977,7,25.210,26.480,5.000,0.309,4.691,take_profit
5,TS5d,TOTS3,2023-01-09,2023-01-10,1,-4.727,4,26.110,27.420,5.000,1.737,3.263,take_profit
5,TS5d,TOTS3,2024-02-15,2024-02-22,5,-4.139,8,29.350,30.800,4.919,1.806,3.113,time_stop
5,TS5d,TOTS3,2025-11-24,2025-12-01,5,-4.774,7,43.170,43.160,-0.023,2.068,-2.091,time_stop
7,TS7d,TOTS3,2022-09-08,2022-09-14,4,-4.189,6,26.670,28.000,5.000,0.537,4.463,take_profit
7,TS7d,TOTS3,2022-12-07,2022-12-16,7,-4.969,9,26.590,24.110,-9.308,-5.862,-3.446,time_stop
7,TS7d,TOTS3,2022-12-20,2022-12-21,1,-4.977,7,25.210,26.480,5.000,0.309,4.691,take_profit
7,TS7d,TOTS3,2023-01-09,2023-01-10,1,-4.727,4,26.110,27.420,5.000,1.737,3.263,take_profit
7,TS7d,TOTS3,2024-02-15,2024-02-26,7,-4.139,8,29.350,30.550,4.061,1.378,2.683,time_stop
7,TS7d,TOTS3,2025-11-24,2025-12-03,7,-4.774,7,43.170,44.160,2.285,3.971,-1.686,time_stop
10,TS10d,TOTS3,2022-09-08,2022-09-14,4,-4.189,6,26.670,28.000,5.000,0.537,4.463,take_profit
10,TS10d,TOTS3,2022-12-07,2022-12-21,10,-4.969,9,26.590,26.940,1.320,-1.629,2.949,time_stop
10,TS10d,TOTS3,2023-01-09,2023-01-10,1,-4.727,4,26.110,27.420,5.000,1.737,3.263,take_profit
10,TS10d,TOTS3,2024-02-15,2024-02-29,10,-4.139,8,29.350,29.740,1.321,0.959,0.362,time_stop
10,TS10d,TOTS3,2025-11-24,2025-12-04,8,-4.774,7,43.170,45.330,5.000,5.868,-0.868,take_profit
5,TS5d,UGPA3,2022-07-08,2022-07-15,5,-4.541,5,10.400,10.340,-0.586,-3.726,3.140,time_stop
5,TS5d,UGPA3,2022-09-16,2022-09-23,5,-4.873,3,11.160,10.960,-1.795,2.121,-3.916,time_stop
5,TS5d,UGPA3,2022-12-27,2023-01-04,5,-4.959,3,10.820,10.490,-3.060,-2.841,-0.219,time_stop
5,TS5d,UGPA3,2024-06-07,2024-06-14,5,-4.710,5,20.480,19.620,-4.185,-0.777,-3.408,time_stop
7,TS7d,UGPA3,2022-07-08,2022-07-19,7,-4.541,5,10.400,10.470,0.586,-2.250,2.836,time_stop
7,TS7d,UGPA3,2022-09-16,2022-09-27,7,-4.873,3,11.160,10.440,-6.479,-0.871,-5.608,time_stop
7,TS7d,UGPA3,2022-12-27,2023-01-06,7,-4.959,3,10.820,10.750,-0.644,0.572,-1.216,time_stop
7,TS7d,UGPA3,2024-06-07,2024-06-18,7,-4.710,5,20.480,19.370,-5.419,-0.862,-4.557,time_stop
10,TS10d,UGPA3,2022-07-08,2022-07-20,8,-4.541,5,10.400,10.920,5.000,-1.992,6.992,take_profit
10,TS10d,UGPA3,2022-09-16,2022-09-30,10,-4.873,3,11.160,10.220,-8.431,0.814,-9.245,time_stop
10,TS10d,UGPA3,2022-12-27,2023-01-11,10,-4.959,3,10.820,11.360,5.000,4.004,0.996,take_profit
10,TS10d,UGPA3,2024-06-07,2024-06-21,10,-4.710,5,20.480,19.480,-4.890,0.760,-5.650,time_stop
5,TS5d,USIM5,2022-03-10,2022-03-17,5,-4.713,3,13.260,12.500,-5.739,-0.640,-5.099,time_stop
5,TS5d,USIM5,2024-06-03,2024-06-10,5,-4.187,3,7.580,7.050,-6.992,-0.920,-6.072,time_stop
5,TS5d,USIM5,2026-02-23,2026-02-24,1,-4.727,3,6.180,6.490,5.000,1.410,3.590,take_profit
7,TS7d,USIM5,2022-03-10,2022-03-21,7,-4.713,3,13.260,12.820,-3.364,2.322,-5.686,time_stop
7,TS7d,USIM5,2024-06-03,2024-06-12,7,-4.187,3,7.580,7.050,-6.992,-1.672,-5.320,time_stop
7,TS7d,USIM5,2026-02-23,2026-02-24,1,-4.727,3,6.180,6.490,5.000,1.410,3.590,take_profit
10,TS10d,USIM5,2022-03-10,2022-03-24,10,-4.713,3,13.260,12.580,-5.145,4.881,-10.026,time_stop
10,TS10d,USIM5,2024-06-03,2024-06-17,10,-4.187,3,7.580,7.100,-6.332,-2.280,-4.052,time_stop
10,TS10d,USIM5,2026-02-23,2026-02-24,1,-4.727,3,6.180,6.490,5.000,1.410,3.590,take_profit
5,TS5d,VALE3,2024-11-13,2024-11-22,5,-4.172,9,50.200,50.950,1.500,1.359,0.141,time_stop
5,TS5d,VALE3,2025-04-07,2025-04-14,5,-4.523,14,47.470,49.850,5.000,2.998,2.002,take_profit
5,TS5d,VALE3,2025-04-23,2025-04-30,5,-4.398,10,50.400,48.530,-3.716,1.976,-5.692,time_stop
7,TS7d,VALE3,2024-11-13,2024-11-26,7,-4.172,9,50.200,50.290,0.192,1.866,-1.674,time_stop
7,TS7d,VALE3,2025-04-07,2025-04-14,5,-4.523,14,47.470,49.850,5.000,2.998,2.002,take_profit
7,TS7d,VALE3,2025-04-23,2025-05-05,7,-4.398,10,50.400,48.620,-3.534,0.976,-4.510,time_stop
10,TS10d,VALE3,2024-11-13,2024-11-29,10,-4.172,9,50.200,51.480,2.547,-1.617,4.164,time_stop
10,TS10d,VALE3,2025-04-07,2025-04-14,5,-4.523,14,47.470,49.850,5.000,2.998,2.002,take_profit
10,TS10d,VALE3,2025-04-23,2025-05-08,10,-4.398,10,50.400,48.420,-3.934,3.068,-7.002,time_stop
5,TS5d,VAMO3,2024-08-07,2024-08-14,5,-4.620,6,7.500,7.600,1.340,4.547,-3.207,time_stop
7,TS7d,VAMO3,2024-08-07,2024-08-16,7,-4.620,6,7.500,7.540,0.609,5.039,-4.430,time_stop
10,TS10d,VAMO3,2024-08-07,2024-08-19,8,-4.620,6,7.500,7.870,5.000,6.401,-1.401,take_profit
5,TS5d,VBBR3,2024-06-26,2024-07-03,5,-4.560,3,16.920,17.740,4.879,2.518,2.361,time_stop
7,TS7d,VBBR3,2024-06-26,2024-07-04,6,-4.560,3,16.920,17.760,5.000,2.921,2.079,take_profit
10,TS10d,VBBR3,2024-06-26,2024-07-04,6,-4.560,3,16.920,17.760,5.000,2.921,2.079,take_profit
5,TS5d,VIVA3,2024-11-14,2024-11-25,5,-4.071,5,22.910,22.920,0.041,1.127,-1.086,time_stop
5,TS5d,VIVA3,2024-11-26,2024-12-03,5,-4.587,5,23.130,21.490,-7.084,-3.135,-3.949,time_stop
7,TS7d,VIVA3,2024-11-14,2024-11-27,7,-4.071,5,22.910,22.370,-2.356,-0.137,-2.219,time_stop
10,TS10d,VIVA3,2024-11-14,2024-12-02,10,-4.071,5,22.910,21.310,-6.986,-1.923,-5.063,time_stop
5,TS5d,WEGE3,2026-03-02,2026-03-09,5,-4.975,4,49.300,46.580,-5.517,-4.442,-1.075,time_stop
7,TS7d,WEGE3,2026-03-02,2026-03-11,7,-4.975,4,49.300,46.880,-4.909,-2.852,-2.057,time_stop
10,TS10d,WEGE3,2026-03-02,2026-03-16,10,-4.975,4,49.300,45.970,-6.755,-4.825,-1.930,time_stop
