estrategia,ticker,data_sinal,data_entrada,data_saida,dias,entrada,saida,pnl_pct,ret_bova,ret_rel,motivo,score,B,mrs,vol_ratio,contracao
B,ALOS3,2023-06-01,2023-06-02,2023-06-19,10,19.49,20.20,3.61,6.52,-2.91,time_stop,8,2,22.90,2.39,0.42
B,ALOS3,2023-11-14,2023-11-16,2023-11-30,10,21.72,21.96,1.15,2.16,-1.01,time_stop,9,2,8.99,2.18,0.45
B,ALOS3,2023-12-13,2023-12-14,2024-01-02,10,22.54,22.11,-1.90,1.48,-3.39,time_stop,7,2,4.96,2.02,0.85
B,ALOS3,2025-11-13,2025-11-14,2025-12-01,10,27.22,27.55,1.25,0.75,0.49,time_stop,7,2,13.43,3.82,0.59
B,ALOS3,2026-01-22,2026-01-23,2026-01-28,3,29.19,30.65,5.00,3.24,1.76,take_profit,6,2,3.43,2.02,0.66
B,ABEV3,2023-03-28,2023-03-29,2023-04-13,10,11.61,11.56,-0.48,4.44,-4.92,time_stop,7,2,9.65,3.67,0.67
B,ABEV3,2023-12-13,2023-12-14,2024-01-02,10,11.76,11.43,-2.85,1.48,-4.33,time_stop,5,2,-8.90,2.18,0.50
B,ABEV3,2024-10-01,2024-10-02,2024-10-16,10,11.42,10.79,-5.55,-1.37,-4.18,time_stop,7,2,5.59,2.30,0.97
B,ABEV3,2024-12-02,2024-12-03,2024-12-04,1,11.05,11.60,5.00,0.06,4.94,take_profit,7,2,9.84,2.62,1.00
B,ABEV3,2025-02-26,2025-02-27,2025-03-05,2,10.26,10.78,5.00,-1.40,6.40,take_profit,6,2,2.11,2.56,0.84
B,ANIM3,2022-10-04,2022-10-05,2022-10-20,10,5.42,4.89,-9.87,-0.37,-9.50,time_stop,5,2,-2.74,2.12,0.59
B,ANIM3,2022-10-31,2022-11-01,2022-11-04,2,5.95,6.24,5.00,1.05,3.95,take_profit,7,2,10.11,4.13,0.91
B,ANIM3,2024-03-01,2024-03-04,2024-03-18,10,4.55,4.26,-6.26,-1.16,-5.10,time_stop,7,2,28.43,2.06,0.60
B,ANIM3,2025-05-09,2025-05-12,2025-05-19,5,4.15,4.36,5.00,2.27,2.73,take_profit,6,2,60.58,2.10,0.51
B,ANIM3,2026-01-07,2026-01-08,2026-01-21,9,4.03,4.23,5.00,5.86,-0.86,take_profit,6,2,0.60,3.41,0.99
B,ANIM3,2026-01-22,2026-01-23,2026-01-27,2,4.95,5.20,5.00,1.44,3.56,take_profit,6,2,12.19,2.54,0.74
B,ASAI3,2022-07-27,2022-07-28,2022-08-10,9,15.92,16.71,5.00,7.53,-2.53,take_profit,7,2,19.73,3.42,0.51
B,ASAI3,2025-05-27,2025-05-28,2025-06-11,10,11.20,11.07,-1.15,-1.28,0.14,time_stop,6,2,38.88,2.20,0.74
B,AURE3,2023-04-28,2023-05-02,2023-05-16,10,12.53,12.12,-3.29,6.23,-9.52,time_stop,9,2,12.76,2.11,0.38
B,AURE3,2025-07-23,2025-07-24,2025-08-07,10,9.68,9.92,2.48,2.10,0.38,time_stop,6,2,3.51,2.05,0.77
B,AURE3,2026-01-22,2026-01-23,2026-02-06,10,11.92,11.40,-4.36,2.01,-6.38,time_stop,6,2,-6.01,2.02,1.00
B,AXIA3,2022-04-07,2022-04-08,2022-04-13,3,35.03,36.78,5.00,-1.28,6.28,take_profit,7,2,5.76,2.18,0.56
B,AXIA3,2022-10-21,2022-10-24,2022-11-04,8,42.33,44.45,5.00,1.66,3.34,take_profit,8,2,8.28,4.16,0.62
B,AXIA3,2022-11-30,2022-12-01,2022-12-15,10,41.10,36.05,-12.28,-6.13,-6.15,time_stop,10,2,8.20,2.34,0.25
B,AXIA3,2023-11-07,2023-11-08,2023-11-16,5,33.45,35.12,5.00,4.71,0.29,take_profit,5,2,-1.48,2.02,0.87
B,AXIA3,2024-07-31,2024-08-01,2024-08-15,10,35.45,36.04,1.66,5.45,-3.80,time_stop,5,2,-0.24,2.03,0.94
B,AXIA3,2025-08-07,2025-08-08,2025-08-11,1,39.86,41.85,5.00,-0.31,5.31,take_profit,8,2,7.43,4.36,0.97
B,AXIA3,2025-10-17,2025-10-20,2025-11-03,10,52.95,54.51,2.95,4.32,-1.37,time_stop,7,2,27.37,2.90,0.62
B,AXIA3,2026-01-21,2026-01-22,2026-02-03,8,53.60,56.28,5.00,5.47,-0.47,take_profit,6,2,-3.71,2.53,0.16
B,AXIA6,2022-04-07,2022-04-08,2022-04-13,3,24.63,25.86,5.00,-1.28,6.28,take_profit,6,2,3.87,2.14,0.51
B,AXIA6,2022-04-13,2022-04-14,2022-05-02,10,26.40,25.05,-5.10,-8.00,2.89,time_stop,8,2,13.25,2.32,0.41
B,AXIA6,2022-08-04,2022-08-05,2022-08-19,10,32.54,32.23,-0.95,4.66,-5.61,time_stop,8,2,38.01,2.39,0.49
B,AXIA6,2022-10-31,2022-11-01,2022-11-17,10,34.48,30.34,-12.03,-6.31,-5.72,time_stop,7,2,20.55,2.22,0.61
B,AXIA6,2024-02-20,2024-02-21,2024-03-06,10,32.71,32.40,-0.96,-0.82,-0.15,time_stop,8,2,6.68,2.06,0.62
B,AXIA6,2024-07-31,2024-08-01,2024-08-15,10,30.78,31.48,2.28,5.45,-3.18,time_stop,6,2,1.13,2.07,0.98
B,AXIA6,2025-08-07,2025-08-08,2025-08-11,1,33.92,35.61,5.00,-0.31,5.31,take_profit,7,2,3.98,7.15,1.00
B,AXIA6,2025-09-17,2025-09-18,2025-09-29,7,39.65,41.64,5.00,0.65,4.35,take_profit,8,2,11.57,2.73,0.53
B,AXIA6,2025-10-31,2025-11-03,2025-11-10,5,45.62,47.90,5.00,3.31,1.69,take_profit,8,2,19.49,2.59,0.40
B,AXIA6,2025-11-14,2025-11-17,2025-11-26,6,49.67,52.15,5.00,1.27,3.73,take_profit,8,2,22.85,2.06,0.43
B,AXIA6,2026-01-22,2026-01-23,2026-02-06,10,58.47,61.39,5.00,2.01,2.99,take_profit,7,2,18.66,2.04,0.58
B,AXIA6,2026-02-19,2026-02-20,2026-03-06,10,65.98,64.29,-2.56,-5.78,3.22,time_stop,8,2,24.33,2.22,0.47
B,AZZA3,2022-08-04,2022-08-05,2022-08-19,10,74.04,75.48,1.94,4.66,-2.72,time_stop,8,2,13.81,2.11,0.48
B,AZZA3,2025-05-08,2025-05-09,2025-05-13,2,34.71,36.45,5.00,1.78,3.22,take_profit,5,2,-1.36,4.91,0.54
B,B3SA3,2025-01-30,2025-01-31,2025-02-14,10,10.61,11.09,4.51,1.52,2.99,time_stop,6,2,2.84,2.29,0.62
B,B3SA3,2025-03-13,2025-03-14,2025-03-17,1,11.22,11.78,5.00,1.60,3.40,take_profit,7,2,8.75,2.26,0.83
B,B3SA3,2025-05-08,2025-05-09,2025-05-23,10,13.75,13.84,0.63,0.92,-0.29,time_stop,6,2,20.78,4.34,0.54
B,B3SA3,2025-11-11,2025-11-12,2025-11-13,1,13.25,13.91,5.00,-0.22,5.22,take_profit,5,2,-8.41,2.25,0.64
B,B3SA3,2025-11-13,2025-11-14,2025-12-01,10,14.05,14.48,3.04,0.75,2.29,time_stop,5,2,-1.67,2.03,0.74
B,B3SA3,2026-01-29,2026-01-30,2026-02-09,6,16.68,17.51,5.00,2.58,2.42,take_profit,6,2,-0.17,2.31,0.43
B,BBSE3,2022-03-18,2022-03-21,2022-03-28,5,15.62,16.40,5.00,2.30,2.70,take_profit,7,2,10.83,2.75,0.71
B,BBSE3,2022-05-31,2022-06-01,2022-06-15,10,18.00,16.67,-7.36,-7.53,0.16,time_stop,8,2,22.56,2.26,0.62
B,BBSE3,2022-07-14,2022-07-15,2022-07-22,5,17.75,18.64,5.00,2.31,2.69,take_profit,8,2,30.42,2.21,0.77
B,BBSE3,2022-09-16,2022-09-19,2022-10-03,10,20.36,18.96,-6.88,3.86,-10.74,time_stop,8,2,22.14,2.55,0.99
B,BBSE3,2024-12-03,2024-12-04,2024-12-11,5,29.02,30.47,5.00,3.14,1.86,take_profit,8,2,7.37,2.05,1.00
B,BBSE3,2025-01-15,2025-01-16,2025-01-30,10,30.91,31.97,3.46,4.75,-1.29,time_stop,8,2,14.49,2.16,0.74
B,BBDC3,2024-08-05,2024-08-06,2024-08-12,4,10.78,11.31,5.00,4.00,1.00,take_profit,6,2,1.19,4.43,1.00
B,BBDC3,2024-08-19,2024-08-20,2024-09-03,10,12.22,12.35,1.05,-1.37,2.41,time_stop,9,2,7.25,2.32,0.34
B,BBDC3,2025-05-08,2025-05-09,2025-05-23,10,12.44,12.61,1.42,0.92,0.50,time_stop,7,2,10.64,3.84,0.64
B,BBDC3,2025-05-28,2025-05-29,2025-06-12,10,13.05,13.33,2.13,-0.52,2.64,time_stop,8,2,12.53,2.24,0.44
B,BBDC3,2026-01-21,2026-01-22,2026-01-26,2,17.06,17.91,5.00,1.48,3.52,take_profit,7,2,2.41,2.23,0.64
B,BBDC4,2022-08-05,2022-08-08,2022-08-12,4,13.88,14.57,5.00,3.66,1.34,take_profit,6,2,1.18,2.15,0.56
B,BBDC4,2022-10-03,2022-10-04,2022-10-19,10,16.15,15.03,-6.91,0.00,-6.91,time_stop,8,2,5.63,2.23,0.75
B,BBDC4,2023-11-03,2023-11-06,2023-11-21,10,11.92,12.36,3.63,6.05,-2.42,time_stop,5,2,-4.20,2.03,1.00
B,BBDC4,2024-02-06,2024-02-07,2024-02-23,10,12.87,11.58,-9.97,-0.44,-9.52,time_stop,7,2,1.04,2.61,1.00
B,BBDC4,2024-08-06,2024-08-07,2024-08-13,4,12.36,12.97,5.00,3.82,1.18,take_profit,6,2,2.65,2.66,0.96
B,BBDC4,2025-05-08,2025-05-09,2025-05-23,10,14.06,14.64,4.13,0.92,3.20,time_stop,7,2,12.01,5.17,0.67
B,BBDC4,2026-01-21,2026-01-22,2026-01-23,1,19.76,20.75,5.00,1.71,3.29,take_profit,7,2,2.39,2.69,0.62
B,BRAP4,2022-11-11,2022-11-14,2022-11-29,10,17.52,18.39,5.00,-1.79,6.79,take_profit,6,2,4.26,2.12,0.69
B,BRAP4,2023-11-03,2023-11-06,2023-11-16,7,16.92,17.76,5.00,5.36,-0.36,take_profit,5,2,-5.25,2.47,0.75
B,BRAP4,2024-09-26,2024-09-27,2024-10-11,10,16.26,15.41,-5.21,-1.99,-3.22,time_stop,5,2,-0.71,2.64,1.00
B,BRAP4,2025-03-21,2025-03-24,2025-04-07,10,15.34,13.93,-9.23,-4.26,-4.97,time_stop,6,2,-0.99,2.28,0.46
B,BRAP4,2025-10-31,2025-11-03,2025-11-17,10,16.59,17.05,2.81,4.36,-1.54,time_stop,7,2,2.09,2.81,0.59
B,BRAP4,2025-12-15,2025-12-16,2026-01-05,10,19.89,20.37,2.42,2.17,0.26,time_stop,7,2,13.09,4.93,0.53
B,BBAS3,2022-02-11,2022-02-14,2022-02-15,1,11.92,12.52,5.00,0.99,4.01,take_profit,7,2,11.38,2.33,0.59
B,BBAS3,2022-02-15,2022-02-16,2022-03-04,10,12.56,12.39,-1.33,-0.33,-0.99,time_stop,7,2,15.50,3.06,0.80
B,BBAS3,2022-08-11,2022-08-12,2022-08-26,10,15.85,15.99,0.87,-0.26,1.13,time_stop,7,2,26.98,4.46,0.53
B,BBAS3,2022-10-03,2022-10-04,2022-10-19,10,16.26,16.12,-0.88,0.00,-0.88,time_stop,8,2,14.89,2.36,0.92
B,BBAS3,2023-01-17,2023-01-18,2023-01-20,2,15.23,15.99,5.00,0.11,4.89,take_profit,7,2,5.38,2.31,0.52
B,BBAS3,2023-01-20,2023-01-23,2023-02-06,10,16.04,15.78,-1.62,-2.46,0.83,time_stop,7,2,10.88,2.25,0.63
B,BBAS3,2023-02-14,2023-02-15,2023-03-03,10,16.72,15.45,-7.59,-5.31,-2.28,time_stop,7,2,16.90,3.07,0.74
B,BBAS3,2023-04-12,2023-04-13,2023-04-28,10,17.57,17.66,0.52,-1.97,2.49,time_stop,8,2,19.66,4.93,0.67
B,BBAS3,2023-06-12,2023-06-13,2023-06-21,6,20.76,21.80,5.00,2.95,2.05,take_profit,7,2,21.98,2.67,0.73
B,BBAS3,2023-10-06,2023-10-09,2023-10-24,10,21.00,21.22,1.03,-1.34,2.37,time_stop,8,2,14.43,2.35,0.83
B,BBAS3,2025-02-14,2025-02-17,2025-03-05,10,27.12,26.21,-3.38,-4.15,0.78,time_stop,8,2,10.41,2.06,0.46
B,BBAS3,2026-01-21,2026-01-22,2026-01-23,1,22.26,23.37,5.00,1.71,3.29,take_profit,5,2,-16.83,2.23,0.95
B,BBAS3,2026-01-23,2026-01-26,2026-02-03,6,24.14,25.34,5.00,3.93,1.07,take_profit,5,2,-12.86,2.67,0.98
B,BRKM5,2023-06-12,2023-06-13,2023-06-15,2,27.50,28.88,5.00,2.18,2.82,take_profit,6,2,1.07,2.25,0.75
B,BRKM5,2023-06-15,2023-06-16,2023-06-30,10,29.99,27.86,-7.10,-0.64,-6.47,time_stop,7,2,8.49,2.57,0.65
B,BRKM5,2024-03-20,2024-03-21,2024-04-05,10,26.36,25.72,-2.43,-1.18,-1.25,time_stop,7,2,16.61,4.21,0.90
B,BRKM5,2024-09-18,2024-09-19,2024-10-03,10,20.48,19.82,-3.22,-1.04,-2.19,time_stop,5,2,-3.23,3.12,0.84
B,BRAV3,2022-04-29,2022-05-03,2022-05-17,10,43.99,43.17,-1.86,2.12,-3.99,time_stop,7,2,31.23,2.37,0.86
B,BRAV3,2022-10-04,2022-10-05,2022-10-20,10,42.00,44.10,5.00,-0.37,5.37,take_profit,6,2,3.13,2.82,1.00
B,BRAV3,2023-01-11,2023-01-12,2023-01-19,5,44.88,47.12,5.00,0.79,4.21,take_profit,7,2,10.56,2.98,0.71
B,BPAC11,2022-08-10,2022-08-11,2022-08-25,10,23.70,23.53,-0.73,3.51,-4.24,time_stop,7,2,11.59,2.08,0.60
B,BPAC11,2023-04-12,2023-04-13,2023-04-28,10,21.41,21.64,1.08,-1.97,3.05,time_stop,6,2,1.28,2.11,0.64
B,BPAC11,2024-11-12,2024-11-13,2024-11-29,10,32.29,28.99,-10.20,-1.62,-8.58,time_stop,6,2,0.53,2.31,0.85
B,BPAC11,2025-05-08,2025-05-09,2025-05-23,10,38.83,38.63,-0.53,0.92,-1.45,time_stop,8,2,15.79,2.37,0.42
B,BPAC11,2025-08-12,2025-08-13,2025-08-27,10,44.45,43.49,-2.16,1.90,-4.06,time_stop,7,2,23.72,4.04,0.86
B,BPAC11,2025-11-11,2025-11-12,2025-11-27,10,51.81,52.02,0.40,0.57,-0.17,time_stop,7,2,13.32,2.12,0.55
B,BPAC11,2026-01-21,2026-01-22,2026-01-27,3,57.99,60.89,5.00,3.18,1.82,take_profit,7,2,9.07,2.08,0.57
B,BHIA3,2025-03-10,2025-03-11,2025-03-12,1,4.77,5.01,5.00,0.16,4.84,take_profit,6,2,5.00,4.66,1.00
B,BHIA3,2025-03-19,2025-03-20,2025-03-21,1,7.16,7.52,5.00,0.10,4.90,take_profit,6,2,50.21,2.37,0.54
B,BHIA3,2025-08-29,2025-09-01,2025-09-02,1,4.40,4.62,5.00,-0.67,5.67,take_profit,5,2,-2.30,3.47,0.82
B,CBAV3,2023-01-18,2023-01-19,2023-02-02,10,11.90,10.98,-7.76,-2.58,-5.19,time_stop,7,2,1.33,2.82,0.49
B,CBAV3,2024-04-09,2024-04-10,2024-04-24,10,5.04,5.03,-0.20,-2.56,2.36,time_stop,7,2,8.07,2.46,0.97
B,CBAV3,2024-09-24,2024-09-25,2024-10-02,5,5.33,5.60,5.00,1.51,3.49,take_profit,6,2,1.05,2.73,0.88
B,CBAV3,2024-10-04,2024-10-07,2024-10-21,10,6.25,5.78,-7.52,-1.32,-6.20,time_stop,8,2,15.35,2.64,0.49
B,CBAV3,2025-02-11,2025-02-12,2025-02-20,6,5.63,5.91,5.00,2.66,2.34,take_profit,6,2,0.90,2.08,0.53
B,CEAB3,2023-03-06,2023-03-07,2023-03-08,1,2.62,2.75,5.00,2.30,2.70,take_profit,7,2,7.76,2.20,0.87
B,CEAB3,2023-05-12,2023-05-15,2023-05-17,2,3.55,3.72,5.00,0.51,4.49,take_profit,6,2,35.41,2.05,0.51
B,CEAB3,2023-08-11,2023-08-14,2023-08-28,10,6.14,5.19,-15.52,0.17,-15.69,time_stop,7,2,83.62,3.67,0.66
B,CEAB3,2023-11-10,2023-11-13,2023-11-16,2,6.61,6.94,5.00,3.54,1.46,take_profit,7,2,55.17,3.70,0.68
B,CEAB3,2023-11-16,2023-11-17,2023-12-01,10,7.42,7.79,5.00,2.59,2.41,take_profit,7,2,64.16,2.11,0.68
B,CEAB3,2024-02-29,2024-03-01,2024-03-08,5,8.59,9.02,5.00,-1.58,6.58,take_profit,8,2,40.96,2.70,0.41
B,CEAB3,2024-04-04,2024-04-05,2024-04-19,10,10.92,9.83,-9.99,-1.12,-8.87,time_stop,7,2,68.12,2.09,0.61
B,CEAB3,2024-10-11,2024-10-14,2024-10-16,2,10.26,10.77,5.00,0.45,4.55,take_profit,7,2,13.72,2.97,1.00
B,CEAB3,2024-10-25,2024-10-28,2024-11-06,7,11.86,12.45,5.00,-1.20,6.20,take_profit,7,2,30.33,2.25,0.55
B,CEAB3,2025-05-08,2025-05-09,2025-05-12,1,13.93,14.62,5.00,0.11,4.89,take_profit,7,2,35.65,2.72,0.59
B,CEAB3,2025-11-05,2025-11-06,2025-11-21,10,16.61,16.42,-1.16,1.23,-2.39,time_stop,7,2,4.01,2.45,0.68
B,CMIG4,2022-03-18,2022-03-21,2022-03-24,3,4.66,4.89,5.00,2.50,2.50,take_profit,7,2,8.49,2.25,0.81
B,CMIG4,2022-10-03,2022-10-04,2022-10-19,10,6.13,5.56,-9.28,0.00,-9.28,time_stop,8,2,8.90,2.23,0.91
B,CMIG4,2022-10-21,2022-10-24,2022-11-08,10,5.80,5.85,0.87,0.14,0.73,time_stop,5,2,0.98,3.62,0.65
B,CMIG4,2023-04-12,2023-04-13,2023-04-28,10,6.68,6.63,-0.70,-1.97,1.28,time_stop,9,2,17.91,2.02,0.42
B,CMIG4,2023-09-15,2023-09-18,2023-10-02,10,7.00,6.85,-2.15,-2.76,0.61,time_stop,7,2,4.34,2.21,0.69
B,CMIG4,2024-08-14,2024-08-15,2024-08-29,10,9.49,9.64,1.51,1.29,0.22,time_stop,7,2,21.87,2.28,0.82
B,CMIG4,2024-11-14,2024-11-18,2024-12-03,10,10.18,9.75,-4.22,-1.39,-2.83,time_stop,8,2,22.36,3.86,0.88
B,CMIG4,2026-01-22,2026-01-23,2026-02-06,10,11.50,11.35,-1.30,2.01,-3.32,time_stop,6,2,-9.24,2.13,0.90
B,COGN3,2022-09-22,2022-09-23,2022-10-06,9,2.51,2.64,5.00,5.22,-0.22,take_profit,8,2,15.09,2.32,0.95
B,COGN3,2022-10-31,2022-11-01,2022-11-17,10,2.81,2.01,-28.57,-6.31,-22.26,time_stop,7,2,22.43,2.24,0.85
B,COGN3,2023-05-12,2023-05-15,2023-05-18,3,2.07,2.17,5.00,1.21,3.79,take_profit,6,2,2.60,2.44,0.73
B,COGN3,2023-11-09,2023-11-10,2023-11-14,2,2.33,2.45,5.00,2.22,2.78,take_profit,5,2,-1.10,2.86,0.74
B,COGN3,2025-08-06,2025-08-07,2025-08-08,1,2.51,2.63,5.00,-0.46,5.46,take_profit,7,2,39.80,2.02,0.54
B,COGN3,2026-01-21,2026-01-22,2026-01-23,1,4.06,4.26,5.00,1.71,3.29,take_profit,8,2,23.62,2.03,0.50
B,CSMG3,2022-10-03,2022-10-04,2022-10-19,10,10.84,10.98,1.29,0.00,1.29,time_stop,8,2,14.70,4.38,1.00
B,CSMG3,2023-03-15,2023-03-16,2023-03-30,10,11.41,11.81,3.47,0.47,3.00,time_stop,8,2,22.98,2.16,0.77
B,CSMG3,2023-12-04,2023-12-05,2023-12-18,9,15.39,16.16,5.00,3.46,1.54,take_profit,6,2,2.08,2.29,0.62
B,CSMG3,2024-06-21,2024-06-24,2024-07-08,10,18.34,18.84,2.70,3.24,-0.54,time_stop,8,2,15.38,4.12,0.85
B,CSMG3,2025-05-15,2025-05-16,2025-05-20,2,21.22,22.28,5.00,0.54,4.46,take_profit,5,2,-6.33,2.97,0.81
B,CSMG3,2025-06-13,2025-06-16,2025-06-26,7,25.25,26.51,5.00,-1.55,6.55,take_profit,7,2,12.11,3.37,0.78
B,CSMG3,2025-09-04,2025-09-05,2025-09-16,7,30.24,31.75,5.00,1.05,3.95,take_profit,8,2,23.28,2.69,0.37
B,CSMG3,2025-10-15,2025-10-16,2025-10-28,8,35.22,36.98,5.00,3.71,1.29,take_profit,7,2,37.22,2.75,0.98
B,CSMG3,2025-12-01,2025-12-02,2025-12-16,10,42.11,41.68,-1.02,-1.78,0.76,time_stop,7,2,36.99,2.36,0.74
B,CSMG3,2025-12-23,2025-12-26,2026-01-13,10,44.18,43.99,-0.43,0.79,-1.22,time_stop,7,2,36.76,3.84,0.56
B,CPLE3,2022-10-24,2022-10-25,2022-11-01,5,5.76,6.05,5.00,2.11,2.89,take_profit,8,2,5.52,2.44,0.79
B,CPLE3,2022-11-01,2022-11-03,2022-11-18,10,6.38,5.52,-13.51,-7.29,-6.21,time_stop,8,2,16.41,4.17,0.61
B,CPLE3,2022-11-21,2022-11-22,2022-12-06,10,6.64,6.07,-8.59,1.59,-10.18,time_stop,7,2,24.91,4.71,0.93
B,CPLE3,2023-04-11,2023-04-12,2023-04-13,1,5.71,5.99,5.00,-0.41,5.41,take_profit,6,2,3.66,2.84,0.62
B,CPLE3,2023-06-09,2023-06-12,2023-06-26,10,6.62,6.73,1.57,0.69,0.88,time_stop,8,2,8.01,3.17,0.90
B,CPLE3,2023-07-26,2023-07-27,2023-08-10,10,7.17,7.24,1.09,-1.32,2.40,time_stop,8,2,8.34,2.56,0.98
B,CPLE3,2023-08-11,2023-08-14,2023-08-28,10,7.44,7.10,-4.65,0.17,-4.81,time_stop,9,2,14.44,5.13,0.40
B,CPLE3,2023-11-06,2023-11-07,2023-11-16,6,7.47,7.84,5.00,4.57,0.43,take_profit,8,2,10.64,2.26,0.72
B,CPLE3,2025-05-08,2025-05-09,2025-05-23,10,10.47,10.72,2.33,0.92,1.40,time_stop,8,2,16.02,2.10,0.42
B,CSAN3,2023-11-03,2023-11-06,2023-11-16,7,16.60,17.43,5.00,5.36,-0.36,take_profit,5,2,-1.69,2.92,0.83
B,CSAN3,2023-12-14,2023-12-15,2024-01-03,10,18.09,18.64,3.04,2.15,0.90,time_stop,5,2,-3.49,2.41,1.00
B,CPFE3,2023-06-16,2023-06-19,2023-06-26,5,31.43,33.00,5.00,-1.47,6.47,take_profit,5,2,-4.81,2.75,0.54
B,CPFE3,2023-09-15,2023-09-18,2023-10-02,10,35.59,33.78,-5.09,-2.76,-2.33,time_stop,8,2,7.34,2.25,0.82
B,CPFE3,2025-02-19,2025-02-20,2025-03-06,8,34.80,36.54,5.00,-3.27,8.27,take_profit,7,2,5.15,3.19,0.89
B,CPFE3,2025-08-08,2025-08-11,2025-08-25,10,39.94,39.28,-1.65,1.97,-3.62,time_stop,8,2,5.54,2.82,0.89
B,CPFE3,2025-11-03,2025-11-04,2025-11-12,6,42.70,44.84,5.00,4.68,0.32,take_profit,7,2,-0.07,2.14,0.37
B,CPFE3,2025-11-12,2025-11-13,2025-11-19,4,45.29,47.55,5.00,-1.36,6.36,take_profit,7,2,1.50,2.08,0.50
B,CPFE3,2026-01-23,2026-01-26,2026-02-09,10,55.49,50.20,-9.53,4.27,-13.81,time_stop,7,2,5.64,2.16,0.96
B,CMIN3,2022-12-09,2022-12-12,2022-12-26,10,2.80,2.82,0.75,3.29,-2.54,time_stop,7,2,8.72,2.48,0.63
B,CMIN3,2023-01-06,2023-01-09,2023-01-10,1,2.97,3.12,5.00,1.74,3.26,take_profit,7,2,16.05,2.00,0.70
B,CMIN3,2023-05-08,2023-05-09,2023-05-17,6,3.43,3.60,5.00,2.13,2.87,take_profit,8,2,26.49,2.36,0.82
B,CMIN3,2023-09-21,2023-09-22,2023-10-06,10,3.61,3.62,0.22,-1.73,1.95,time_stop,7,2,3.75,2.28,0.42
B,CMIN3,2025-03-13,2025-03-14,2025-03-17,1,5.34,5.60,5.00,1.60,3.40,take_profit,7,2,11.08,3.32,0.80
B,CURY3,2022-07-08,2022-07-11,2022-07-15,4,5.25,5.51,5.00,-1.61,6.61,take_profit,7,2,19.07,2.03,0.82
B,CURY3,2022-09-01,2022-09-02,2022-09-05,1,6.79,7.13,5.00,1.27,3.73,take_profit,8,2,30.91,5.65,0.42
B,CURY3,2023-06-01,2023-06-02,2023-06-12,5,10.67,11.20,5.00,4.24,0.76,take_profit,10,2,18.50,2.15,0.27
B,CURY3,2023-06-30,2023-07-03,2023-07-17,10,12.11,11.93,-1.48,-1.06,-0.42,time_stop,7,2,21.26,4.14,0.79
B,CURY3,2024-03-12,2024-03-13,2024-03-27,10,16.00,16.08,0.49,-0.26,0.75,time_stop,8,2,18.71,2.78,0.57
B,CURY3,2024-09-04,2024-09-05,2024-09-19,10,20.68,21.26,2.77,-2.65,5.42,time_stop,7,2,21.41,2.16,0.85
B,CURY3,2024-10-29,2024-10-30,2024-11-13,10,21.60,19.76,-8.51,-2.28,-6.23,time_stop,8,2,22.19,3.05,0.66
B,CURY3,2025-03-18,2025-03-19,2025-04-02,10,21.30,22.36,5.00,-0.54,5.54,take_profit,7,2,10.95,2.69,0.86
B,CURY3,2025-08-06,2025-08-07,2025-08-21,10,29.17,28.75,-1.44,-1.42,-0.03,time_stop,7,2,28.55,2.93,0.82
B,CVCB3,2025-03-24,2025-03-25,2025-03-26,1,2.17,2.28,5.00,0.16,4.84,take_profit,7,2,6.01,2.11,0.56
B,CVCB3,2026-01-09,2026-01-12,2026-01-15,3,2.52,2.65,5.00,1.50,3.50,take_profit,6,2,2.08,2.08,0.52
B,CVCB3,2026-01-15,2026-01-16,2026-01-30,10,2.68,2.62,-2.24,10.29,-12.53,time_stop,7,2,7.91,2.00,0.47
B,CYRE3,2022-08-04,2022-08-05,2022-08-19,10,12.14,11.55,-4.91,4.66,-9.57,time_stop,7,2,6.02,2.67,0.84
B,CYRE3,2022-09-02,2022-09-05,2022-09-20,10,13.44,13.24,-1.52,0.37,-1.89,time_stop,7,2,11.64,3.23,0.92
B,CYRE3,2022-09-28,2022-09-29,2022-09-30,1,13.97,14.67,5.00,2.56,2.44,take_profit,8,2,20.55,2.54,0.47
B,CYRE3,2022-10-03,2022-10-04,2022-10-19,10,16.53,15.02,-9.14,0.00,-9.14,time_stop,6,2,29.19,2.53,0.88
B,CYRE3,2023-07-13,2023-07-14,2023-07-26,8,18.94,19.89,5.00,4.19,0.81,take_profit,6,2,32.73,2.73,0.68
B,CYRE3,2025-08-22,2025-08-25,2025-08-28,3,24.08,25.29,5.00,2.37,2.63,take_profit,8,2,11.17,2.24,0.86
B,CYRE3,2025-09-11,2025-09-12,2025-09-26,10,27.94,28.02,0.30,2.32,-2.02,time_stop,8,2,23.53,2.40,0.38
B,CYRE3,2025-11-07,2025-11-10,2025-11-25,10,31.17,31.96,2.54,0.47,2.07,time_stop,7,2,15.93,2.49,0.60
B,DIRR3,2022-09-02,2022-09-05,2022-09-15,7,3.42,3.60,5.00,-2.16,7.16,take_profit,7,2,25.24,2.29,0.75
B,DIRR3,2022-10-03,2022-10-04,2022-10-19,10,4.24,3.88,-8.36,0.00,-8.36,time_stop,6,2,43.33,2.31,0.73
B,DIRR3,2023-06-30,2023-07-03,2023-07-17,10,4.91,5.00,1.73,-1.06,2.79,time_stop,7,2,16.53,2.95,0.92
B,DIRR3,2023-12-13,2023-12-14,2023-12-28,9,5.42,5.69,5.00,2.77,2.23,take_profit,6,2,3.60,2.46,0.58
B,DIRR3,2024-02-20,2024-02-21,2024-03-06,10,6.02,6.32,5.00,-0.82,5.82,take_profit,8,2,11.71,2.67,0.83
B,ECOR3,2023-03-17,2023-03-20,2023-04-03,10,4.76,4.64,-2.51,0.61,-3.13,time_stop,7,2,5.86,2.72,0.70
B,ECOR3,2023-04-10,2023-04-11,2023-04-12,1,5.18,5.44,5.00,0.43,4.57,take_profit,7,2,17.11,2.11,0.58
B,ECOR3,2023-06-20,2023-06-21,2023-07-05,10,6.70,5.92,-11.68,-0.37,-11.31,time_stop,6,2,27.39,2.51,0.59
B,ECOR3,2023-07-19,2023-07-20,2023-07-21,1,7.01,7.36,5.00,1.80,3.20,take_profit,7,2,35.01,2.16,0.76
B,ECOR3,2023-11-14,2023-11-16,2023-11-30,10,7.63,8.02,5.00,2.16,2.84,take_profit,7,2,15.26,2.10,0.50
B,ECOR3,2025-08-27,2025-08-28,2025-09-04,5,7.74,8.13,5.00,-0.22,5.22,take_profit,7,2,23.51,2.42,0.79
B,ECOR3,2025-11-10,2025-11-11,2025-11-12,1,8.69,9.12,5.00,-0.23,5.23,take_profit,7,2,15.40,2.82,0.65
B,ECOR3,2025-11-12,2025-11-13,2025-11-25,7,9.50,9.97,5.00,-0.73,5.73,take_profit,7,2,24.93,2.86,0.64
B,ECOR3,2026-01-23,2026-01-26,2026-02-09,10,12.16,10.82,-11.02,4.27,-15.29,time_stop,7,2,23.45,2.74,0.99
B,ENGI11,2022-07-29,2022-08-01,2022-08-08,5,33.32,34.98,5.00,6.33,-1.33,take_profit,7,2,6.93,2.12,0.61
B,ENGI11,2023-09-15,2023-09-18,2023-10-02,10,40.93,37.08,-9.41,-2.76,-6.66,time_stop,8,2,10.47,3.87,0.98
B,ENEV3,2023-07-24,2023-07-25,2023-08-08,10,13.28,12.77,-3.84,-2.30,-1.54,time_stop,5,2,-1.04,2.21,0.76
B,ENEV3,2024-08-14,2024-08-15,2024-08-29,10,13.53,13.33,-1.48,1.29,-2.77,time_stop,7,2,0.78,2.71,0.78
B,ENEV3,2025-05-07,2025-05-08,2025-05-19,7,14.00,14.70,5.00,2.54,2.46,take_profit,9,2,6.32,2.69,0.34
B,ENEV3,2025-08-25,2025-08-26,2025-09-09,10,15.06,15.31,1.66,2.71,-1.05,time_stop,8,2,12.00,2.09,0.81
B,ENEV3,2025-10-24,2025-10-27,2025-11-03,5,17.70,18.59,5.00,2.34,2.66,take_profit,7,2,17.66,2.76,0.81
B,ENEV3,2025-11-26,2025-11-27,2025-12-11,10,20.24,20.22,-0.10,0.56,-0.66,time_stop,7,2,21.18,2.21,0.60
B,ENEV3,2026-01-21,2026-01-22,2026-02-05,10,21.79,21.58,-0.96,3.42,-4.39,time_stop,7,2,13.15,2.42,0.59
B,EGIE3,2023-11-22,2023-11-23,2023-12-07,10,28.11,27.69,-1.50,-0.48,-1.02,time_stop,7,2,-3.48,2.39,0.31
B,EGIE3,2025-06-24,2025-06-25,2025-06-30,3,30.06,31.56,5.00,2.49,2.51,take_profit,7,2,6.80,2.63,0.98
B,EQTL3,2022-03-18,2022-03-21,2022-04-04,10,23.67,24.32,2.74,4.34,-1.60,time_stop,7,2,9.52,2.00,0.57
B,EQTL3,2022-09-23,2022-09-26,2022-10-03,5,24.32,25.54,5.00,6.92,-1.92,take_profit,8,2,9.35,3.57,0.95
B,EQTL3,2023-09-13,2023-09-14,2023-09-28,10,30.66,29.68,-3.19,-2.95,-0.24,time_stop,8,2,8.91,2.40,1.00
B,EQTL3,2023-12-20,2023-12-21,2024-01-09,10,32.78,32.28,-1.55,-0.59,-0.96,time_stop,7,2,0.44,2.30,0.99
B,EQTL3,2025-11-03,2025-11-04,2025-11-10,4,35.97,37.77,5.00,3.20,1.80,take_profit,6,2,-1.50,2.29,0.80
B,EQTL3,2026-01-22,2026-01-23,2026-02-06,10,40.45,40.89,1.09,2.01,-0.93,time_stop,6,2,-7.30,2.23,0.96
B,EZTC3,2023-07-25,2023-07-26,2023-08-03,6,14.20,14.91,5.00,-1.71,6.71,take_profit,6,2,22.93,2.27,0.56
B,EZTC3,2024-11-01,2024-11-04,2024-11-19,10,10.38,10.23,-1.47,-1.79,0.31,time_stop,6,2,4.08,5.05,0.91
B,EZTC3,2025-03-14,2025-03-17,2025-03-31,10,11.23,11.05,-1.62,-0.36,-1.26,time_stop,7,2,20.40,3.61,0.77
B,EZTC3,2025-08-01,2025-08-04,2025-08-07,3,10.22,10.73,5.00,2.71,2.29,take_profit,8,2,5.53,2.03,0.90
B,EZTC3,2025-09-09,2025-09-10,2025-09-15,3,11.96,12.56,5.00,0.93,4.07,take_profit,8,2,13.71,2.12,0.62
B,EZTC3,2025-09-17,2025-09-18,2025-10-02,10,13.11,12.11,-7.64,-1.08,-6.56,time_stop,9,2,20.75,2.46,0.34
B,EZTC3,2025-10-29,2025-10-30,2025-11-07,6,13.41,14.08,5.00,3.50,1.50,take_profit,7,2,18.03,2.12,0.62
B,EZTC3,2025-11-14,2025-11-17,2025-11-28,8,15.01,15.76,5.00,1.34,3.66,take_profit,8,2,19.99,2.16,0.40
B,FLRY3,2022-09-23,2022-09-26,2022-10-06,8,13.83,14.52,5.00,7.93,-2.93,take_profit,7,2,9.38,2.18,0.66
B,FLRY3,2023-10-03,2023-10-04,2023-10-19,10,13.34,12.60,-5.56,0.38,-5.94,time_stop,7,2,7.41,2.59,0.66
B,FLRY3,2023-11-10,2023-11-13,2023-11-28,10,14.09,14.20,0.77,5.05,-4.28,time_stop,8,2,6.24,2.13,0.53
B,FLRY3,2023-12-15,2023-12-18,2024-01-04,10,15.58,14.73,-5.43,0.06,-5.49,time_stop,8,2,7.42,2.35,0.71
B,FLRY3,2024-08-09,2024-08-12,2024-08-26,10,13.65,13.97,2.36,4.36,-1.99,time_stop,5,2,-1.88,4.13,1.00
B,FLRY3,2025-07-21,2025-07-22,2025-08-05,10,13.28,13.15,-0.97,-0.75,-0.22,time_stop,7,2,12.40,5.48,0.96
B,FLRY3,2025-09-19,2025-09-22,2025-10-06,10,14.93,15.03,0.70,-0.93,1.63,time_stop,8,2,15.66,2.86,0.41
B,GGBR4,2022-03-03,2022-03-04,2022-03-10,4,16.98,17.83,5.00,-0.91,5.91,take_profit,6,2,3.94,2.05,0.84
B,GGBR4,2022-11-09,2022-11-10,2022-11-11,1,17.73,18.62,5.00,2.31,2.69,take_profit,7,2,7.65,2.21,0.86
B,GGBR4,2022-11-11,2022-11-14,2022-11-29,10,20.02,21.02,5.00,-1.79,6.79,take_profit,7,2,18.66,2.36,0.80
B,GGBR4,2022-11-30,2022-12-01,2022-12-15,10,21.63,20.72,-4.24,-6.13,1.88,time_stop,7,2,28.15,2.18,0.42
B,GGBR4,2023-07-25,2023-07-26,2023-08-09,10,21.42,19.14,-10.64,-3.40,-7.24,time_stop,6,2,0.89,2.22,0.54
B,GGBR4,2024-11-06,2024-11-07,2024-11-25,10,18.71,19.48,4.14,-0.31,4.45,time_stop,8,2,9.10,3.26,0.91
B,GGBR4,2025-06-09,2025-06-10,2025-06-25,10,17.39,15.43,-11.25,-0.60,-10.65,time_stop,5,2,-2.69,2.05,0.74
B,GGBR4,2026-01-22,2026-01-23,2026-02-06,10,22.66,21.85,-3.56,2.01,-5.57,time_stop,7,2,9.93,2.06,0.56
B,GOAU4,2022-03-18,2022-03-21,2022-04-04,10,6.62,6.59,-0.41,4.34,-4.75,time_stop,8,2,7.40,2.03,0.44
B,GOAU4,2022-11-09,2022-11-10,2022-11-11,1,6.96,7.31,5.00,2.31,2.69,take_profit,7,2,11.23,2.35,0.88
B,GOAU4,2023-06-14,2023-06-15,2023-06-29,10,7.51,7.41,-1.40,-0.42,-0.98,time_stop,5,2,-4.34,2.25,0.52
B,GOAU4,2023-07-25,2023-07-26,2023-08-09,10,8.40,7.64,-9.02,-3.40,-5.61,time_stop,6,2,1.61,2.05,0.55
B,GOAU4,2023-11-14,2023-11-16,2023-11-30,10,7.62,7.06,-7.41,2.16,-9.57,time_stop,5,2,-7.30,2.04,0.51
B,GOAU4,2024-07-15,2024-07-16,2024-07-30,10,7.73,7.37,-4.54,-2.12,-2.42,time_stop,6,2,4.66,2.34,0.59
B,GOAU4,2024-11-06,2024-11-07,2024-11-25,10,7.98,8.00,0.29,-0.31,0.60,time_stop,8,2,8.26,2.94,0.95
B,GOAU4,2025-10-29,2025-10-30,2025-11-13,10,8.06,8.08,0.25,5.77,-5.51,time_stop,8,2,9.17,2.17,0.49
B,GOAU4,2026-01-13,2026-01-14,2026-01-22,6,9.44,9.92,5.00,6.47,-1.47,take_profit,8,2,16.18,2.06,0.41
B,GOAU4,2026-01-22,2026-01-23,2026-02-06,10,10.10,9.82,-2.76,2.01,-4.77,time_stop,7,2,14.59,2.08,0.60
B,GGPS3,2023-05-05,2023-05-08,2023-05-11,3,11.32,11.88,5.00,2.27,2.73,take_profit,7,2,10.81,2.93,0.87
B,GGPS3,2023-05-11,2023-05-12,2023-05-25,9,11.95,12.55,5.00,1.43,3.57,take_profit,7,2,14.61,2.40,0.72
B,GGPS3,2023-06-30,2023-07-03,2023-07-17,10,14.45,14.57,0.82,-1.06,1.88,time_stop,6,2,22.99,2.63,0.76
B,GGPS3,2023-11-14,2023-11-16,2023-11-28,8,14.67,15.40,5.00,1.46,3.54,take_profit,7,2,4.56,2.17,0.60
B,GGPS3,2024-03-28,2024-04-01,2024-04-15,10,17.70,16.46,-6.98,-1.41,-5.57,time_stop,9,2,11.19,3.64,0.47
B,GGPS3,2025-08-13,2025-08-14,2025-08-27,9,14.32,15.04,5.00,2.13,2.87,take_profit,6,2,3.66,3.65,0.92
B,HAPV3,2023-08-10,2023-08-11,2023-08-25,10,78.60,68.85,-12.40,-1.84,-10.57,time_stop,7,2,16.04,3.41,0.63
B,HAPV3,2023-09-29,2023-10-02,2023-10-17,10,70.35,58.95,-16.20,0.76,-16.97,time_stop,7,2,12.81,2.35,0.95
B,HAPV3,2024-05-14,2024-05-15,2024-05-29,10,67.35,62.25,-7.57,-4.11,-3.46,time_stop,6,2,2.44,2.84,0.51
B,HAPV3,2025-08-14,2025-08-15,2025-08-27,8,37.69,39.57,5.00,1.98,3.02,take_profit,6,2,-3.42,3.38,0.49
B,HYPE3,2022-02-25,2022-03-02,2022-03-16,10,28.89,28.81,-0.30,-3.56,3.27,time_stop,7,2,7.64,2.80,0.62
B,HYPE3,2022-06-01,2022-06-02,2022-06-17,10,36.21,32.92,-9.10,-11.27,2.17,time_stop,7,2,28.83,3.53,0.58
B,HYPE3,2022-07-29,2022-08-01,2022-08-15,10,36.98,36.31,-1.81,10.56,-12.37,time_stop,7,2,33.46,2.27,0.58
B,HYPE3,2022-10-19,2022-10-20,2022-11-04,10,42.91,42.09,-1.92,0.97,-2.89,time_stop,7,2,21.63,2.62,0.60
B,HYPE3,2023-06-09,2023-06-12,2023-06-26,10,40.67,38.48,-5.37,0.69,-6.06,time_stop,6,2,0.62,7.10,0.51
B,HYPE3,2025-04-24,2025-04-25,2025-05-12,10,22.57,22.33,-1.07,1.44,-2.51,time_stop,5,2,-0.21,3.35,0.89
B,HYPE3,2025-10-29,2025-10-30,2025-10-31,1,23.94,25.14,5.00,0.49,4.51,take_profit,5,2,-0.66,2.95,0.51
B,IGTI11,2023-03-15,2023-03-16,2023-03-30,10,18.09,18.29,1.12,0.47,0.65,time_stop,7,2,7.02,2.12,0.61
B,IGTI11,2023-12-14,2023-12-15,2024-01-03,10,22.80,22.90,0.41,2.15,-1.74,time_stop,6,2,1.83,2.04,0.57
B,IGTI11,2024-03-13,2024-03-14,2024-03-28,10,22.59,21.85,-3.28,0.41,-3.69,time_stop,7,2,4.18,2.12,0.60
B,IGTI11,2025-05-08,2025-05-09,2025-05-20,7,21.04,22.09,5.00,2.70,2.30,take_profit,8,2,3.66,2.12,0.34
B,IGTI11,2025-08-28,2025-08-29,2025-09-12,10,23.19,23.61,1.80,0.51,1.29,time_stop,8,2,8.93,2.08,0.59
B,IGTI11,2025-11-05,2025-11-06,2025-11-21,10,25.32,25.29,-0.12,1.23,-1.35,time_stop,9,2,5.78,2.29,0.45
B,IGTI11,2026-01-22,2026-01-23,2026-02-06,10,27.37,28.47,4.03,2.01,2.02,time_stop,7,2,-3.58,2.55,0.42
B,IRBR3,2023-05-02,2023-05-03,2023-05-11,6,33.85,35.54,5.00,6.31,-1.31,take_profit,7,2,15.29,2.34,0.58
B,IRBR3,2023-06-23,2023-06-26,2023-07-05,7,42.80,44.94,5.00,1.24,3.76,take_profit,6,2,38.33,2.02,0.73
B,IRBR3,2023-07-07,2023-07-10,2023-07-24,10,52.41,42.15,-19.58,3.04,-22.62,time_stop,6,2,68.42,2.53,0.70
B,IRBR3,2023-08-16,2023-08-17,2023-08-29,8,45.16,47.42,5.00,2.93,2.07,take_profit,7,2,39.86,4.25,0.70
B,IRBR3,2024-03-04,2024-03-05,2024-03-19,10,42.49,39.35,-7.39,-0.54,-6.85,time_stop,5,2,-5.50,3.17,0.96
B,IRBR3,2024-08-15,2024-08-16,2024-08-19,1,43.11,45.27,5.00,1.30,3.70,take_profit,6,2,3.16,7.34,0.91
B,IRBR3,2024-08-23,2024-08-26,2024-09-03,6,48.13,50.54,5.00,-1.94,6.94,take_profit,9,2,15.25,2.31,0.26
B,IRBR3,2024-10-23,2024-10-24,2024-11-07,10,47.91,40.89,-14.65,-0.43,-14.23,time_stop,7,2,22.17,3.91,1.00
B,IRBR3,2024-12-26,2024-12-27,2025-01-10,8,42.70,44.84,5.00,-1.11,6.11,take_profit,7,2,16.77,3.60,1.00
B,IRBR3,2025-01-10,2025-01-13,2025-01-15,2,46.08,48.38,5.00,3.06,1.94,take_profit,8,2,26.69,2.11,0.53
B,IRBR3,2025-01-15,2025-01-16,2025-01-30,10,51.07,53.62,5.00,4.75,0.25,take_profit,7,2,35.38,2.06,0.52
B,IRBR3,2025-12-08,2025-12-09,2025-12-23,10,52.60,53.65,2.00,1.86,0.13,time_stop,5,2,-3.55,3.33,0.89
B,ITSA4,2022-02-11,2022-02-14,2022-03-02,10,5.98,5.64,-5.60,1.44,-7.04,time_stop,7,2,7.54,2.72,0.58
B,ITSA4,2022-10-03,2022-10-04,2022-10-19,10,6.09,6.02,-1.05,0.00,-1.05,time_stop,6,2,4.46,2.09,0.81
B,ITSA4,2023-02-08,2023-02-09,2023-02-27,10,5.82,5.42,-6.78,-2.06,-4.72,time_stop,7,2,5.79,2.23,1.00
B,ITSA4,2023-11-30,2023-12-01,2023-12-15,10,7.13,7.44,4.21,1.64,2.57,time_stop,9,2,3.45,2.23,0.28
B,ITSA4,2025-09-19,2025-09-22,2025-10-06,10,10.38,10.21,-1.59,-0.93,-0.66,time_stop,8,2,6.30,2.04,0.66
B,ITSA4,2025-11-11,2025-11-12,2025-11-27,10,11.11,11.00,-0.99,0.57,-1.56,time_stop,8,2,1.56,2.17,0.49
B,ITSA4,2026-01-21,2026-01-22,2026-01-26,2,12.74,13.38,5.00,1.48,3.52,take_profit,7,2,3.78,2.18,0.64
B,ITUB4,2022-08-09,2022-08-10,2022-08-24,10,17.48,17.92,2.53,2.46,0.07,time_stop,7,2,6.19,3.07,0.59
B,ITUB4,2023-02-08,2023-02-09,2023-02-27,10,18.44,17.53,-4.92,-2.06,-2.86,time_stop,6,2,4.27,2.82,0.98
B,ITUB4,2023-11-07,2023-11-08,2023-11-20,7,20.85,21.89,5.00,5.83,-0.83,take_profit,7,2,3.79,2.36,0.97
B,ITUB4,2024-02-06,2024-02-07,2024-02-23,10,24.99,25.63,2.56,-0.44,3.00,time_stop,8,2,11.29,2.81,0.92
B,ITUB4,2024-08-14,2024-08-15,2024-08-29,10,27.93,28.16,0.79,1.29,-0.50,time_stop,8,2,8.55,2.30,0.73
B,ITUB4,2024-11-05,2024-11-06,2024-11-22,10,27.57,26.22,-4.91,-0.22,-4.68,time_stop,8,2,6.66,2.56,0.87
B,ITUB4,2025-05-09,2025-05-12,2025-05-26,10,33.59,33.91,0.96,1.21,-0.25,time_stop,8,2,16.34,2.04,0.44
B,ITUB4,2025-11-11,2025-11-12,2025-11-27,10,37.79,37.32,-1.24,0.57,-1.81,time_stop,8,2,1.88,2.00,0.47
B,ITUB4,2026-01-21,2026-01-22,2026-01-26,2,41.93,44.02,5.00,1.48,3.52,take_profit,7,2,0.34,2.11,0.72
B,KLBN11,2024-03-15,2024-03-18,2024-03-20,2,18.21,19.12,5.00,1.95,3.05,take_profit,6,2,2.43,2.70,0.71
B,KLBN11,2026-01-22,2026-01-23,2026-02-06,10,19.40,19.30,-0.52,2.01,-2.53,time_stop,6,2,-8.72,2.13,0.85
B,KLBN11,2026-02-11,2026-02-12,2026-03-02,10,20.86,20.61,-1.20,0.66,-1.86,time_stop,6,2,-6.39,2.31,0.70
B,RENT3,2022-02-22,2022-02-23,2022-03-11,10,50.94,46.53,-8.66,0.11,-8.77,time_stop,7,2,9.26,2.23,0.57
B,RENT3,2022-07-01,2022-07-04,2022-07-07,3,46.49,48.81,5.00,2.29,2.71,take_profit,5,2,8.17,3.29,0.37
B,RENT3,2022-10-31,2022-11-01,2022-11-17,10,61.83,53.22,-13.93,-6.31,-7.62,time_stop,8,2,15.87,2.10,1.00
B,RENT3,2023-12-14,2023-12-15,2024-01-03,10,59.47,55.66,-6.40,2.15,-8.54,time_stop,5,2,-4.89,2.71,0.80
B,RENT3,2025-11-11,2025-11-12,2025-11-27,10,42.71,44.17,3.42,0.57,2.85,time_stop,8,2,2.00,2.52,0.48
B,RENT3,2025-12-04,2025-12-05,2025-12-19,10,49.00,43.78,-10.66,0.73,-11.39,time_stop,7,2,10.89,2.01,0.62
B,LREN3,2022-08-03,2022-08-04,2022-08-18,10,21.65,21.45,-0.93,7.28,-8.21,time_stop,7,2,8.72,2.32,0.69
B,LREN3,2022-10-31,2022-11-01,2022-11-17,10,24.23,18.93,-21.88,-6.31,-15.56,time_stop,8,2,12.96,2.47,0.87
B,LREN3,2024-08-09,2024-08-12,2024-08-15,3,13.11,13.76,5.00,2.22,2.78,take_profit,6,2,1.71,2.17,0.91
B,LREN3,2025-05-08,2025-05-09,2025-05-15,4,15.57,16.35,5.00,2.12,2.88,take_profit,8,2,5.66,2.55,0.44
B,LREN3,2026-02-24,2026-02-25,2026-03-11,10,15.98,15.68,-1.88,-3.87,1.99,time_stop,6,2,-21.79,2.07,0.43
B,MGLU3,2023-04-11,2023-04-12,2023-04-27,10,33.55,27.67,-17.53,-3.70,-13.83,time_stop,7,2,6.80,2.26,0.77
B,MGLU3,2025-12-04,2025-12-05,2025-12-19,10,11.07,8.81,-20.40,0.73,-21.12,time_stop,7,2,9.65,2.69,0.48
B,BEEF3,2022-02-09,2022-02-10,2022-02-24,10,8.88,9.32,5.00,-1.48,6.48,take_profit,7,2,8.63,2.10,0.70
B,BEEF3,2022-02-24,2022-02-25,2022-03-09,6,9.56,10.04,5.00,0.81,4.19,take_profit,7,2,18.07,2.48,0.64
B,BEEF3,2022-08-11,2022-08-12,2022-08-18,4,12.62,13.25,5.00,1.20,3.80,take_profit,8,2,17.91,2.06,0.90
B,BEEF3,2023-01-11,2023-01-12,2023-01-13,1,13.32,13.98,5.00,-0.84,5.84,take_profit,6,2,4.92,2.19,0.68
B,BEEF3,2024-08-08,2024-08-09,2024-08-19,6,7.09,7.45,5.00,3.81,1.19,take_profit,7,2,5.09,2.97,0.96
B,BEEF3,2025-03-20,2025-03-21,2025-04-01,7,5.87,6.16,5.00,-0.73,5.73,take_profit,5,2,-1.53,3.47,0.59
B,BEEF3,2025-04-09,2025-04-10,2025-04-16,4,6.54,6.86,5.00,1.52,3.48,take_profit,8,2,14.25,2.11,0.41
B,MOVI3,2023-08-09,2023-08-10,2023-08-22,8,11.32,11.89,5.00,-1.83,6.83,take_profit,7,2,31.15,2.86,0.46
B,MOVI3,2025-08-08,2025-08-11,2025-08-25,10,6.87,6.45,-6.06,1.97,-8.03,time_stop,7,2,32.00,3.12,0.85
B,MOVI3,2025-11-11,2025-11-12,2025-11-26,9,9.63,10.11,5.00,0.84,4.16,take_profit,7,2,39.08,3.08,0.51
B,MOVI3,2026-01-15,2026-01-16,2026-01-26,6,10.61,11.14,5.00,8.50,-3.50,take_profit,7,2,23.47,2.43,1.00
B,MRVE3,2022-08-04,2022-08-05,2022-08-19,10,11.08,9.65,-12.89,4.66,-17.55,time_stop,7,2,8.45,2.54,0.75
B,MRVE3,2022-09-02,2022-09-05,2022-09-19,9,11.82,12.42,5.00,-0.21,5.21,take_profit,7,2,11.03,2.62,0.82
B,MRVE3,2025-08-13,2025-08-14,2025-08-18,2,6.89,7.23,5.00,0.73,4.27,take_profit,7,2,15.74,3.90,0.75
B,MRVE3,2025-11-13,2025-11-14,2025-11-28,9,8.58,9.01,5.00,0.98,4.02,take_profit,7,2,20.39,2.30,0.50
B,MULT3,2022-03-25,2022-03-28,2022-04-11,10,21.04,20.76,-1.34,-1.69,0.35,time_stop,7,2,13.12,2.30,0.69
B,MULT3,2022-04-29,2022-05-02,2022-05-16,10,21.08,22.13,4.95,1.64,3.32,time_stop,7,2,24.43,2.62,0.92
B,MULT3,2022-10-03,2022-10-04,2022-10-19,10,22.81,21.41,-6.11,0.00,-6.11,time_stop,8,2,6.88,2.24,1.00
B,MULT3,2022-10-31,2022-11-01,2022-11-17,10,22.97,19.24,-16.24,-6.31,-9.93,time_stop,8,2,7.15,2.14,1.00
B,MULT3,2023-02-28,2023-03-01,2023-03-15,10,22.26,22.44,0.79,-1.79,2.58,time_stop,8,2,12.08,2.42,0.49
B,MULT3,2024-07-22,2024-07-23,2024-08-06,10,23.73,23.84,0.47,-0.17,0.64,time_stop,7,2,0.03,2.11,0.45
B,MULT3,2025-04-25,2025-04-28,2025-05-13,10,25.02,25.18,0.66,3.01,-2.35,time_stop,6,2,4.14,2.09,0.51
B,MULT3,2026-01-09,2026-01-12,2026-01-21,7,28.55,29.98,5.00,5.49,-0.49,take_profit,6,2,-5.23,2.82,0.68
B,MULT3,2026-01-21,2026-01-22,2026-01-28,4,30.58,32.11,5.00,5.01,-0.01,take_profit,7,2,-5.13,2.02,0.47
B,NEOE3,2022-03-25,2022-03-28,2022-04-11,10,13.83,13.95,0.81,-1.69,2.51,time_stop,5,2,-0.15,2.21,0.54
B,NEOE3,2022-04-22,2022-04-25,2022-04-27,2,14.12,14.83,5.00,-1.16,6.16,take_profit,7,2,9.70,3.75,0.64
B,NEOE3,2023-06-12,2023-06-13,2023-06-15,2,15.85,16.65,5.00,2.18,2.82,take_profit,7,2,12.07,2.48,0.75
B,NEOE3,2023-06-15,2023-06-16,2023-06-20,2,16.83,17.67,5.00,0.80,4.20,take_profit,6,2,17.30,2.98,0.62
B,NEOE3,2023-06-21,2023-06-22,2023-07-06,10,18.06,18.67,3.37,-1.41,4.77,time_stop,7,2,25.48,2.41,0.45
B,NEOE3,2024-08-23,2024-08-26,2024-09-09,10,18.82,18.95,0.65,-1.63,2.28,time_stop,6,2,-2.94,2.06,0.48
B,NEOE3,2024-11-27,2024-11-28,2024-12-12,10,19.15,19.21,0.29,1.17,-0.88,time_stop,7,2,7.25,3.62,0.65
B,NEOE3,2025-04-24,2025-04-25,2025-05-12,10,21.26,21.19,-0.32,1.44,-1.76,time_stop,8,2,10.52,4.08,0.73
B,NEOE3,2025-06-16,2025-06-17,2025-07-02,10,24.67,24.34,-1.32,0.29,-1.61,time_stop,7,2,19.28,2.48,0.83
B,NEOE3,2025-09-03,2025-09-04,2025-09-18,10,27.50,27.71,0.78,3.28,-2.50,time_stop,7,2,20.75,3.71,0.56
B,NEOE3,2025-11-24,2025-11-25,2025-12-09,10,31.33,31.28,-0.16,1.03,-1.19,time_stop,8,2,16.08,9.79,0.47
B,PETR3,2022-04-14,2022-04-18,2022-05-03,10,13.57,13.01,-4.12,-7.84,3.72,time_stop,9,2,26.26,2.19,0.32
B,PETR3,2022-07-29,2022-08-01,2022-08-08,5,16.07,16.87,5.00,6.33,-1.33,take_profit,7,2,35.64,3.65,0.62
B,PETR3,2022-08-12,2022-08-15,2022-08-17,2,17.82,18.71,5.00,0.94,4.06,take_profit,8,2,37.30,2.70,0.39
B,PETR3,2022-10-03,2022-10-04,2022-10-19,10,19.35,20.32,5.00,0.00,5.00,take_profit,7,2,23.53,2.06,0.71
B,PETR3,2023-06-14,2023-06-15,2023-06-21,4,23.43,24.61,5.00,0.75,4.25,take_profit,6,2,22.18,2.20,0.57
B,PETR3,2023-10-18,2023-10-19,2023-11-03,10,29.90,27.82,-6.97,3.75,-10.72,time_stop,7,2,42.48,2.41,0.66
B,PETR3,2024-08-26,2024-08-27,2024-09-10,10,35.82,34.36,-4.07,-1.79,-2.28,time_stop,8,2,8.60,3.13,0.56
B,PETR3,2024-11-22,2024-11-25,2024-12-09,10,36.32,36.41,0.23,-1.52,1.75,time_stop,8,2,11.02,2.17,0.64
B,PETR3,2025-02-18,2025-02-19,2025-03-07,10,37.70,33.82,-10.29,-1.66,-8.62,time_stop,8,2,9.92,2.04,0.94
B,PETR3,2026-01-14,2026-01-15,2026-01-21,4,33.88,35.57,5.00,3.94,1.06,take_profit,5,2,-8.75,2.50,0.94
B,PETR3,2026-01-21,2026-01-22,2026-01-26,2,35.96,37.76,5.00,1.48,3.52,take_profit,5,2,-7.04,2.72,0.50
B,PETR4,2022-07-28,2022-07-29,2022-08-08,6,14.47,15.20,5.00,5.54,-0.54,take_profit,8,2,29.90,2.05,0.66
B,PETR4,2022-08-12,2022-08-15,2022-08-17,2,16.33,17.15,5.00,0.94,4.06,take_profit,8,2,38.41,2.04,0.36
B,PETR4,2022-10-03,2022-10-04,2022-10-19,10,17.40,18.27,5.00,0.00,5.00,take_profit,7,2,22.99,2.15,0.73
B,PETR4,2023-05-11,2023-05-12,2023-05-26,10,16.31,17.08,4.77,2.34,2.43,time_stop,7,2,8.04,2.12,0.74
B,PETR4,2024-08-26,2024-08-27,2024-09-10,10,32.65,31.05,-4.89,-1.79,-3.10,time_stop,9,2,5.64,2.77,0.46
B,PETR4,2024-11-22,2024-11-25,2024-12-09,10,32.76,33.31,1.68,-1.52,3.20,time_stop,8,2,7.87,2.57,0.62
B,PETR4,2025-11-07,2025-11-10,2025-11-25,10,31.31,31.29,-0.06,0.47,-0.53,time_stop,5,2,-9.85,2.80,0.83
B,PETR4,2026-01-14,2026-01-15,2026-01-21,4,31.50,33.08,5.00,3.94,1.06,take_profit,5,2,-8.18,2.27,0.91
B,PETR4,2026-01-21,2026-01-22,2026-01-26,2,33.38,35.05,5.00,1.48,3.52,take_profit,5,2,-7.20,2.46,0.52
B,PETR4,2026-03-02,2026-03-03,2026-03-11,6,41.70,43.79,5.00,0.51,4.49,take_profit,6,2,4.95,2.03,0.53
B,RECV3,2022-11-04,2022-11-07,2022-11-22,10,24.65,20.77,-15.78,-5.53,-10.25,time_stop,7,2,35.33,2.33,0.74
B,RECV3,2022-12-29,2023-01-02,2023-01-16,10,22.85,22.93,0.34,2.77,-2.43,time_stop,7,2,25.74,2.12,0.70
B,RECV3,2024-01-18,2024-01-19,2024-02-02,10,16.73,16.16,-3.43,-0.21,-3.22,time_stop,7,2,5.06,4.15,0.95
B,PRIO3,2022-04-28,2022-04-29,2022-05-13,10,26.51,27.05,2.03,-0.11,2.14,time_stop,8,2,19.21,2.26,0.84
B,PRIO3,2022-10-04,2022-10-05,2022-10-07,2,30.24,31.75,5.00,-0.48,5.48,take_profit,8,2,14.62,2.02,1.00
B,PRIO3,2023-04-04,2023-04-05,2023-04-11,3,33.45,35.12,5.00,5.41,-0.41,take_profit,6,2,13.58,2.35,0.57
B,PRIO3,2024-03-13,2024-03-14,2024-03-28,10,48.97,48.74,-0.47,0.41,-0.88,time_stop,6,2,4.46,2.04,0.81
B,PSSA3,2022-08-08,2022-08-09,2022-08-23,10,17.95,17.72,-1.31,3.86,-5.17,time_stop,6,2,4.85,2.53,0.74
B,PSSA3,2022-11-03,2022-11-04,2022-11-21,10,21.50,19.45,-9.54,-6.95,-2.59,time_stop,8,2,17.19,2.89,0.95
B,PSSA3,2023-01-30,2023-01-31,2023-02-10,8,21.63,22.71,5.00,-4.63,9.63,take_profit,8,2,15.47,2.63,0.61
B,PSSA3,2023-02-10,2023-02-13,2023-03-01,10,23.29,22.69,-2.57,-4.05,1.47,time_stop,8,2,26.41,2.38,0.50
B,PSSA3,2023-11-07,2023-11-08,2023-11-23,10,24.17,24.99,3.41,6.37,-2.96,time_stop,6,2,-0.39,2.25,1.00
B,PSSA3,2024-02-28,2024-02-29,2024-03-07,5,26.60,27.93,5.00,-0.46,5.46,take_profit,7,2,2.34,3.65,0.85
B,PSSA3,2024-05-15,2024-05-16,2024-05-31,10,28.71,28.03,-2.38,-4.73,2.35,time_stop,8,2,10.20,3.43,1.00
B,PSSA3,2024-11-12,2024-11-13,2024-11-29,10,36.62,35.35,-3.49,-1.62,-1.88,time_stop,8,2,25.34,2.25,0.63
B,PSSA3,2025-03-19,2025-03-20,2025-04-03,10,39.28,39.78,1.27,-0.58,1.86,time_stop,8,2,13.08,2.03,0.83
B,PSSA3,2025-05-09,2025-05-12,2025-05-19,5,45.42,47.69,5.00,2.27,2.73,take_profit,8,2,20.54,3.13,0.49
B,RADL3,2022-08-01,2022-08-02,2022-08-16,10,19.32,20.11,4.06,10.28,-6.21,time_stop,7,2,5.54,2.38,0.76
B,RADL3,2023-03-08,2023-03-09,2023-03-23,10,21.72,21.19,-2.44,-6.87,4.43,time_stop,8,2,10.08,2.07,1.00
B,RADL3,2023-04-12,2023-04-13,2023-04-28,10,23.68,23.71,0.15,-1.97,2.12,time_stop,8,2,15.18,2.31,0.67
B,RADL3,2024-05-14,2024-05-15,2024-05-29,10,25.61,24.48,-4.41,-4.11,-0.30,time_stop,5,2,-3.51,2.23,0.69
B,RADL3,2024-08-05,2024-08-06,2024-08-20,10,28.47,26.88,-5.58,7.90,-13.48,time_stop,7,2,13.84,2.01,0.61
B,RADL3,2026-02-03,2026-02-04,2026-02-20,10,26.68,26.49,-0.71,4.76,-5.48,time_stop,7,2,15.01,2.23,0.83
B,RAIZ4,2023-06-26,2023-06-27,2023-07-11,10,4.23,4.05,-4.27,0.03,-4.30,time_stop,6,2,18.77,2.05,0.52
B,RDOR3,2024-05-07,2024-05-08,2024-05-17,7,26.25,27.56,5.00,-1.10,6.10,take_profit,7,2,5.76,3.36,0.57
B,RDOR3,2024-08-14,2024-08-15,2024-08-20,3,27.62,29.00,5.00,1.49,3.51,take_profit,8,2,9.46,4.04,0.65
B,RDOR3,2025-01-27,2025-01-28,2025-02-11,10,25.65,26.12,1.83,2.00,-0.17,time_stop,7,2,2.52,2.73,0.48
B,RDOR3,2025-05-08,2025-05-09,2025-05-15,4,30.39,31.90,5.00,2.12,2.88,take_profit,8,2,9.77,2.63,0.47
B,RDOR3,2025-08-07,2025-08-08,2025-08-18,6,32.96,34.60,5.00,1.07,3.93,take_profit,8,2,13.38,3.65,0.89
B,RDOR3,2025-09-18,2025-09-19,2025-10-03,10,37.84,38.24,1.05,-1.10,2.15,time_stop,7,2,18.31,2.10,0.63
B,RDOR3,2025-11-06,2025-11-07,2025-11-24,10,43.20,41.80,-3.23,1.03,-4.26,time_stop,7,2,23.00,3.06,0.60
B,RAIL3,2022-05-31,2022-06-01,2022-06-15,10,16.81,16.24,-3.39,-7.53,4.13,time_stop,6,2,2.40,2.10,0.71
B,RAIL3,2022-08-12,2022-08-15,2022-08-25,8,18.25,19.17,5.00,0.58,4.42,take_profit,8,2,9.43,2.19,0.41
B,RAIL3,2023-05-05,2023-05-08,2023-05-22,10,20.08,20.16,0.38,3.96,-3.58,time_stop,7,2,14.45,3.07,0.63
B,RAIL3,2023-06-01,2023-06-02,2023-06-19,10,21.17,21.11,-0.27,6.52,-6.79,time_stop,7,2,12.63,2.38,0.84
B,RAIL3,2023-09-13,2023-09-14,2023-09-28,10,22.37,21.73,-2.86,-2.95,0.09,time_stop,8,2,8.43,2.36,1.00
B,SBSP3,2022-03-31,2022-04-01,2022-04-04,1,41.47,43.54,5.00,-0.34,5.34,take_profit,7,2,20.39,2.32,0.52
B,SBSP3,2022-08-31,2022-09-01,2022-09-09,5,43.68,45.86,5.00,1.70,3.30,take_profit,9,2,15.82,2.10,0.36
B,SBSP3,2022-10-03,2022-10-04,2022-10-19,10,51.29,50.02,-2.49,0.00,-2.49,time_stop,7,2,25.05,3.77,1.00
B,SBSP3,2023-05-12,2023-05-15,2023-05-29,10,47.25,47.94,1.46,1.23,0.22,time_stop,6,2,2.12,2.26,0.84
B,SBSP3,2023-08-16,2023-08-17,2023-08-31,10,52.63,52.44,-0.36,0.85,-1.21,time_stop,6,2,4.54,3.20,0.86
B,SBSP3,2024-01-11,2024-01-12,2024-01-26,10,69.36,69.76,0.57,-1.69,2.26,time_stop,7,2,18.18,2.68,0.60
B,SBSP3,2024-07-22,2024-07-23,2024-08-06,10,79.81,82.62,3.51,-0.17,3.68,time_stop,9,2,15.57,2.28,0.50
B,SBSP3,2025-03-19,2025-03-20,2025-04-03,10,94.58,97.27,2.85,-0.58,3.43,time_stop,8,2,8.35,2.67,0.89
B,SBSP3,2025-04-30,2025-05-02,2025-05-16,10,108.12,110.77,2.45,3.23,-0.78,time_stop,10,2,18.04,2.09,0.28
B,SBSP3,2025-08-12,2025-08-13,2025-08-27,10,116.57,114.38,-1.88,1.90,-3.78,time_stop,8,2,14.89,3.06,0.90
B,SBSP3,2025-09-18,2025-09-19,2025-10-03,10,123.64,121.51,-1.72,-1.10,-0.62,time_stop,9,2,11.59,3.95,0.46
B,SBSP3,2025-12-02,2025-12-03,2025-12-17,10,137.11,127.35,-7.11,-2.56,-4.56,time_stop,9,2,6.25,2.03,0.44
B,SANB11,2022-03-18,2022-03-21,2022-03-25,4,27.25,28.61,5.00,2.51,2.49,take_profit,6,2,2.37,2.15,0.52
B,SANB11,2024-04-29,2024-04-30,2024-05-15,10,25.52,24.94,-2.26,1.51,-3.78,time_stop,5,2,-2.12,2.02,0.62
B,SANB11,2025-02-05,2025-02-06,2025-02-20,10,25.07,24.46,-2.45,1.06,-3.51,time_stop,6,2,2.40,3.39,0.63
B,SANB11,2025-04-30,2025-05-02,2025-05-16,10,27.53,28.39,3.12,3.23,-0.11,time_stop,7,2,6.29,2.48,0.57
B,SANB11,2025-10-29,2025-10-30,2025-10-31,1,28.93,30.38,5.00,0.49,4.51,take_profit,8,2,1.15,3.08,0.49
B,CSNA3,2023-11-14,2023-11-16,2023-11-17,1,11.84,12.43,5.00,0.12,4.88,take_profit,6,2,-5.49,2.60,0.45
B,CSNA3,2023-11-20,2023-11-21,2023-11-22,1,13.74,14.43,5.00,0.32,4.68,take_profit,7,2,9.87,2.49,0.69
B,CSNA3,2025-12-10,2025-12-11,2025-12-29,10,9.58,8.93,-6.78,0.78,-7.57,time_stop,5,2,-0.43,2.40,0.69
B,SLCE3,2022-03-03,2022-03-04,2022-03-07,1,16.04,16.84,5.00,-2.98,7.98,take_profit,7,2,18.46,2.98,0.99
B,SLCE3,2022-03-07,2022-03-08,2022-03-22,10,16.98,15.48,-8.86,5.42,-14.28,time_stop,6,2,31.02,2.54,0.99
B,SLCE3,2022-04-26,2022-04-27,2022-05-03,4,16.92,17.76,5.00,-2.65,7.65,take_profit,8,2,29.60,2.03,0.65
B,SLCE3,2023-01-27,2023-01-30,2023-02-13,10,16.93,17.25,1.87,-2.97,4.84,time_stop,8,2,5.45,2.69,0.40
B,SLCE3,2023-06-23,2023-06-26,2023-07-07,9,15.16,15.92,5.00,0.67,4.33,take_profit,5,2,-8.36,2.47,0.62
B,SLCE3,2023-07-27,2023-07-28,2023-08-11,10,17.31,16.75,-3.23,-1.95,-1.28,time_stop,6,2,4.47,2.64,0.51
B,SLCE3,2024-07-01,2024-07-02,2024-07-16,10,15.33,15.86,3.42,3.33,0.09,time_stop,6,2,2.84,2.81,0.84
B,SLCE3,2024-09-27,2024-09-30,2024-10-14,10,15.14,14.06,-7.09,-0.72,-6.37,time_stop,5,2,-0.38,2.75,1.00
B,SMFT3,2023-02-01,2023-02-02,2023-02-16,10,15.15,15.24,0.60,0.19,0.41,time_stop,8,2,10.60,2.57,0.39
B,SMFT3,2023-05-11,2023-05-12,2023-05-25,9,15.41,16.18,5.00,1.43,3.57,take_profit,8,2,11.46,3.41,0.45
B,SMFT3,2023-11-14,2023-11-16,2023-11-30,10,21.15,21.48,1.58,2.16,-0.58,time_stop,8,2,11.89,2.11,0.71
B,SMFT3,2025-08-07,2025-08-08,2025-08-18,6,22.03,23.13,5.00,1.07,3.93,take_profit,8,2,6.73,4.01,0.89
B,SUZB3,2022-10-26,2022-10-27,2022-11-10,9,47.64,50.03,5.00,-3.55,8.55,take_profit,6,2,-0.22,2.67,0.46
B,SUZB3,2023-08-03,2023-08-04,2023-08-18,10,45.80,46.94,2.49,-3.42,5.91,time_stop,5,2,-2.82,2.19,0.56
B,SUZB3,2023-09-15,2023-09-18,2023-09-21,3,48.62,51.05,5.00,-1.79,6.79,take_profit,7,2,5.73,2.86,0.81
B,SUZB3,2023-09-21,2023-09-22,2023-10-06,10,52.12,52.05,-0.12,-1.73,1.61,time_stop,7,2,15.06,4.37,0.60
B,SUZB3,2024-06-27,2024-06-28,2024-07-12,10,54.50,49.57,-9.04,4.00,-13.05,time_stop,7,2,5.41,3.95,0.87
B,SUZB3,2024-10-25,2024-10-28,2024-11-11,10,56.18,55.14,-1.86,-2.73,0.87,time_stop,7,2,6.13,2.22,0.70
B,SUZB3,2025-12-18,2025-12-19,2026-01-08,10,51.29,49.57,-3.35,2.77,-6.12,time_stop,5,2,-9.16,2.05,0.86
B,SUZB3,2026-02-11,2026-02-12,2026-03-02,10,58.10,58.06,-0.07,0.66,-0.73,time_stop,5,2,-10.48,3.60,0.87
B,TAEE11,2022-02-22,2022-02-23,2022-03-04,5,26.60,27.93,5.00,2.62,2.38,take_profit,7,2,7.71,2.05,0.96
B,TAEE11,2022-03-04,2022-03-07,2022-03-21,10,28.21,28.97,2.71,4.51,-1.80,time_stop,7,2,12.16,2.66,0.70
B,TAEE11,2023-11-10,2023-11-13,2023-11-28,10,29.46,30.34,2.99,5.05,-2.06,time_stop,6,2,-4.73,2.29,0.47
B,TAEE11,2023-12-15,2023-12-18,2024-01-04,10,30.91,31.62,2.27,0.06,2.21,time_stop,6,2,-6.33,2.27,1.00
B,TAEE11,2024-05-02,2024-05-03,2024-05-17,10,30.77,30.77,0.01,-0.36,0.37,time_stop,7,2,0.28,2.12,0.72
B,TAEE11,2024-10-16,2024-10-17,2024-10-31,10,31.35,31.50,0.49,-0.82,1.31,time_stop,6,2,-0.03,3.73,0.90
B,TAEE11,2025-04-30,2025-05-02,2025-05-16,10,33.73,33.78,0.16,3.23,-3.07,time_stop,7,2,3.64,2.27,0.49
B,TAEE11,2025-09-19,2025-09-22,2025-10-06,10,34.86,35.61,2.16,-0.93,3.09,time_stop,6,2,-0.98,2.49,0.53
B,TAEE11,2025-11-05,2025-11-06,2025-11-11,3,39.20,41.16,5.00,3.13,1.87,take_profit,8,2,5.19,2.09,0.54
B,TAEE11,2025-11-11,2025-11-12,2025-11-13,1,41.76,43.85,5.00,-0.22,5.22,take_profit,8,2,8.21,2.83,0.48
B,VIVT3,2022-03-18,2022-03-21,2022-04-04,10,21.02,21.51,2.31,4.34,-2.03,time_stop,8,2,16.38,2.70,0.71
B,VIVT3,2023-07-26,2023-07-27,2023-08-10,10,18.95,18.60,-1.81,-1.32,-0.50,time_stop,6,2,-0.44,2.33,0.87
B,VIVT3,2024-08-01,2024-08-02,2024-08-16,10,23.35,24.09,3.16,6.46,-3.30,time_stop,6,2,3.80,2.56,0.76
B,VIVT3,2025-04-01,2025-04-02,2025-04-16,10,25.23,25.00,-0.93,-2.81,1.88,time_stop,7,2,4.05,2.16,0.71
B,VIVT3,2025-05-30,2025-06-02,2025-06-16,10,28.10,29.49,4.94,1.85,3.09,time_stop,7,2,7.17,2.17,0.67
B,VIVT3,2025-06-30,2025-07-01,2025-07-15,10,30.26,30.61,1.16,-3.04,4.20,time_stop,8,2,12.26,2.37,0.53
B,TIMS3,2022-02-09,2022-02-10,2022-02-24,10,9.81,9.25,-5.65,-1.48,-4.16,time_stop,8,2,18.63,3.75,0.77
B,TIMS3,2022-04-01,2022-04-04,2022-04-19,10,10.06,9.48,-5.75,-5.03,-0.71,time_stop,8,2,8.77,2.33,0.51
B,TIMS3,2022-05-31,2022-06-01,2022-06-15,10,9.99,8.71,-12.82,-7.53,-5.29,time_stop,9,2,11.80,2.19,0.50
B,TIMS3,2023-11-08,2023-11-09,2023-11-24,10,14.02,13.79,-1.62,5.63,-7.25,time_stop,7,2,21.01,2.19,0.87
B,TIMS3,2024-07-31,2024-08-01,2024-08-15,10,14.96,15.46,3.33,5.45,-2.12,time_stop,6,2,3.81,2.07,0.79
B,TIMS3,2025-02-11,2025-02-12,2025-02-26,10,14.75,14.52,-1.57,0.47,-2.04,time_stop,6,2,4.58,2.79,0.61
B,TIMS3,2025-06-26,2025-06-27,2025-07-03,4,20.21,21.22,5.00,3.09,1.91,take_profit,8,2,24.78,2.64,0.43
B,TIMS3,2026-02-11,2026-02-12,2026-03-02,10,28.03,27.30,-2.60,0.66,-3.27,time_stop,6,2,1.20,2.05,0.62
B,TOTS3,2022-08-10,2022-08-11,2022-08-25,10,28.89,29.33,1.51,3.51,-2.00,time_stop,6,2,0.07,2.24,0.53
B,TOTS3,2023-11-08,2023-11-09,2023-11-13,2,29.18,30.64,5.00,1.42,3.58,take_profit,6,2,1.33,4.13,0.93
B,TOTS3,2023-11-13,2023-11-14,2023-11-29,10,31.71,32.25,1.70,2.22,-0.52,time_stop,7,2,8.08,2.36,0.68
B,TOTS3,2024-05-22,2024-05-23,2024-06-07,10,29.03,27.62,-4.87,-3.28,-1.59,time_stop,5,2,-0.35,2.49,0.69
B,TOTS3,2024-10-31,2024-11-01,2024-11-04,1,29.27,30.73,5.00,2.05,2.95,take_profit,6,2,1.03,2.48,0.63
B,TOTS3,2025-01-31,2025-02-03,2025-02-17,10,33.25,34.00,2.28,2.13,0.15,time_stop,7,2,19.52,2.03,0.58
B,UGPA3,2022-04-14,2022-04-18,2022-05-03,10,12.68,10.45,-17.60,-7.84,-9.76,time_stop,5,2,-0.14,2.57,0.63
B,UGPA3,2023-05-04,2023-05-05,2023-05-11,4,14.29,15.00,5.00,2.86,2.14,take_profit,7,2,30.21,3.42,0.97
B,USIM5,2023-11-16,2023-11-17,2023-12-01,10,7.30,7.66,5.00,2.59,2.41,take_profit,5,2,-2.51,2.27,0.57
B,USIM5,2024-01-26,2024-01-29,2024-02-14,10,9.22,9.05,-1.89,-1.22,-0.67,time_stop,7,2,17.96,2.89,0.85
B,USIM5,2024-02-15,2024-02-16,2024-02-22,4,9.57,10.05,5.00,1.14,3.86,take_profit,7,2,23.10,2.59,0.55
B,USIM5,2025-10-27,2025-10-28,2025-11-11,10,5.41,5.29,-2.22,7.26,-9.48,time_stop,5,2,-0.82,2.30,0.72
B,USIM5,2025-12-03,2025-12-04,2025-12-10,4,5.81,6.10,5.00,-3.28,8.28,take_profit,5,2,-1.04,3.02,0.65
B,USIM5,2025-12-10,2025-12-11,2025-12-29,10,6.11,5.93,-2.95,0.78,-3.73,time_stop,7,2,7.16,2.12,0.56
B,USIM5,2026-01-28,2026-01-29,2026-02-12,10,7.10,6.03,-15.07,2.58,-17.65,time_stop,6,2,7.85,2.33,0.78
B,VALE3,2024-09-26,2024-09-27,2024-10-11,10,56.66,54.41,-3.97,-1.99,-1.98,time_stop,6,2,1.59,2.71,0.92
B,VALE3,2025-07-02,2025-07-03,2025-07-17,10,50.95,49.85,-2.16,-3.95,1.79,time_stop,5,2,-5.80,2.59,0.81
B,VALE3,2025-10-15,2025-10-16,2025-10-30,10,57.59,60.47,5.00,4.70,0.30,take_profit,9,2,7.43,2.10,0.48
B,VALE3,2025-11-28,2025-12-01,2025-12-04,3,64.43,67.65,5.00,3.72,1.28,take_profit,8,2,5.84,2.07,0.77
B,VALE3,2026-01-21,2026-01-22,2026-01-28,4,82.50,86.62,5.00,5.01,-0.01,take_profit,8,2,23.14,2.70,0.43
B,VBBR3,2022-02-16,2022-02-17,2022-03-07,10,17.98,15.91,-11.53,-1.82,-9.71,time_stop,7,2,1.34,2.04,0.49
B,VBBR3,2023-08-16,2023-08-17,2023-08-29,8,14.03,14.73,5.00,2.93,2.07,take_profit,7,2,9.97,2.98,1.00
B,VBBR3,2023-11-07,2023-11-08,2023-11-23,10,17.10,17.55,2.68,6.37,-3.69,time_stop,7,2,23.86,3.72,0.81
B,VBBR3,2024-01-31,2024-02-01,2024-02-19,10,19.11,19.31,1.05,0.47,0.59,time_stop,7,2,20.24,2.03,0.58
B,VBBR3,2024-11-06,2024-11-07,2024-11-25,10,19.66,18.58,-5.46,-0.31,-5.15,time_stop,5,2,0.12,2.42,0.86
B,VBBR3,2025-08-28,2025-08-29,2025-09-12,10,21.97,22.19,0.99,0.51,0.48,time_stop,7,2,18.25,2.25,0.91
B,VBBR3,2026-02-05,2026-02-06,2026-02-24,10,30.99,31.00,0.03,4.76,-4.73,time_stop,8,2,16.06,2.18,0.46
B,WEGE3,2022-09-30,2022-10-03,2022-10-10,5,29.59,31.07,5.00,-0.28,5.28,take_profit,7,2,8.02,2.14,0.68
B,WEGE3,2022-10-26,2022-10-27,2022-10-31,2,34.62,36.35,5.00,1.95,3.05,take_profit,6,2,25.41,3.26,0.51
B,WEGE3,2023-07-20,2023-07-21,2023-07-24,1,35.31,37.07,5.00,1.01,3.99,take_profit,5,2,-6.81,2.58,1.00
B,WEGE3,2023-07-24,2023-07-25,2023-08-08,10,38.68,37.73,-2.45,-2.30,-0.15,time_stop,5,2,-1.11,2.81,0.96
B,WEGE3,2024-02-21,2024-02-22,2024-03-07,10,34.04,34.66,1.80,-1.29,3.09,time_stop,5,2,-6.49,3.59,0.79
B,WEGE3,2024-07-31,2024-08-01,2024-08-15,10,47.66,49.83,4.54,5.45,-0.91,time_stop,7,2,34.00,3.32,0.57
B,WEGE3,2026-01-22,2026-01-23,2026-01-27,2,49.35,51.82,5.00,1.44,3.56,take_profit,5,2,-1.21,2.44,1.00
B,YDUQ3,2023-05-10,2023-05-11,2023-05-12,1,10.04,10.54,5.00,0.22,4.78,take_profit,7,2,7.25,4.14,0.79
B,YDUQ3,2023-06-21,2023-06-22,2023-07-06,10,17.89,17.76,-0.75,-1.41,0.66,time_stop,7,2,69.96,2.13,0.43
B,YDUQ3,2023-08-11,2023-08-14,2023-08-28,10,21.37,18.80,-12.01,0.17,-12.17,time_stop,7,2,84.95,2.93,0.57
B,YDUQ3,2025-03-18,2025-03-19,2025-04-02,10,10.99,11.40,3.76,-0.54,4.30,time_stop,7,2,13.19,2.47,0.86
B,YDUQ3,2025-04-17,2025-04-22,2025-05-02,7,13.56,14.24,5.00,3.55,1.45,take_profit,6,2,40.54,3.12,0.66
B,YDUQ3,2025-10-31,2025-11-03,2025-11-17,10,13.54,11.80,-12.83,4.36,-17.19,time_stop,5,2,-1.97,2.42,0.58
B,YDUQ3,2026-01-27,2026-01-28,2026-02-11,10,14.82,13.40,-9.58,2.53,-12.11,time_stop,5,2,-11.87,2.47,0.85
