ticker,data_sinal,mrs_sinal,rsv_sinal,dias_rsv_pos,dias_subindo,quebras,preco_entrada,ret_5d,ret_bova_5d,ret_rel_5d,mrs_virou_5d,ret_10d,ret_bova_10d,ret_rel_10d,mrs_virou_10d,ret_20d,ret_bova_20d,ret_rel_20d,mrs_virou_20d
ABEV3,2024-07-25,-5.481,11.784,2,10,1,9.880,-0.928,1.087,-2.015,0,4.304,2.361,1.943,0,9.705,7.483,2.222,0
ASAI3,2023-08-07,-20.883,68.971,3,10,1,13.440,-5.191,-1.989,-3.202,0,-5.624,-4.169,-1.454,0,-11.680,-1.272,-10.408,0
ASAI3,2023-08-08,-19.113,42.016,4,10,1,13.680,-7.153,-2.516,-4.637,0,-8.144,-2.481,-5.663,0,-9.561,-1.431,-8.129,0
ASAI3,2024-10-22,-38.921,39.509,9,10,1,7.070,3.567,0.593,2.974,0,5.350,0.514,4.836,0,-4.801,-2.292,-2.509,0
ASAI3,2024-10-23,-38.594,37.721,10,10,1,7.050,5.640,1.129,4.511,0,3.989,0.389,3.600,0,-0.963,0.167,-1.130,0
ASAI3,2024-10-28,-37.788,80.547,2,10,1,7.190,4.043,-0.540,4.583,0,-4.582,-2.730,-1.852,0,-0.135,-2.926,2.791,0
ASAI3,2024-10-29,-36.213,154.388,3,10,1,7.320,1.722,-0.079,1.800,0,-4.503,-2.397,-2.106,0,-10.331,-4.676,-5.655,0
ASAI3,2024-10-30,-34.920,69.900,4,10,1,7.440,-1.563,-0.731,-0.832,0,-7.813,-2.279,-5.533,0,-14.063,-3.859,-10.203,0
ASAI3,2026-01-08,-31.267,274.160,3,10,1,7.350,-0.816,1.848,-2.665,0,8.844,8.233,0.610,0,18.367,11.936,6.431,0
AURE3,2024-10-18,-14.088,51.279,3,10,1,11.810,0.660,-0.959,1.619,0,0.880,-0.737,1.617,0,-1.466,-2.070,0.604,0
AZZA3,2025-12-30,-25.442,97.262,2,10,0,25.160,-1.789,1.013,-2.801,0,-5.326,2.880,-8.206,0,7.472,13.703,-6.230,0
AZZA3,2026-01-02,-24.466,79.228,3,10,0,25.390,-6.696,1.741,-8.437,0,-7.089,2.675,-9.765,0,5.317,13.244,-7.926,0
AZZA3,2026-01-05,-25.985,98.384,4,10,1,25.060,-5.587,1.028,-6.615,0,-5.188,2.157,-7.345,0,4.509,13.046,-8.536,0
B3SA3,2024-12-11,-7.909,63.611,4,10,1,9.880,-5.101,-6.721,1.620,0,-0.289,-7.385,7.096,0,-4.702,-8.017,3.315,1
B3SA3,2024-12-12,-5.908,81.663,5,10,1,9.770,-2.918,-3.862,0.944,0,0.389,-4.441,4.830,0,2.778,-2.567,5.345,1
B3SA3,2024-12-13,-5.550,110.854,6,10,1,9.720,0.489,-2.121,2.610,0,0.427,-3.724,4.152,0,1.117,-2.713,3.830,1
B3SA3,2024-12-16,-5.310,7.209,7,10,1,9.620,1.383,-2.096,3.480,0,0.426,-3.968,4.393,0,2.911,-0.807,3.718,1
BEEF3,2024-01-24,-25.503,0.569,2,10,1,6.940,-3.927,-0.016,-3.911,0,-4.488,1.775,-6.263,0,-8.836,1.323,-10.159,0
BEEF3,2024-03-25,-16.431,27.390,2,10,1,7.020,-4.848,0.446,-5.294,0,-9.141,2.451,-11.593,0,-15.651,-1.445,-14.206,0
BEEF3,2024-04-01,-19.854,39.319,6,10,1,6.660,-3.650,1.492,-5.142,0,-11.825,-1.411,-10.414,0,-9.927,0.389,-10.316,0
BEEF3,2024-05-20,-10.745,19.994,3,10,1,6.800,-7.296,-2.618,-4.678,0,-13.448,-4.802,-8.646,0,-10.014,-6.445,-3.569,0
BHIA3,2022-03-25,-51.834,79.466,2,10,1,86.840,9.068,2.135,6.933,0,-9.320,-0.671,-8.649,0,-23.426,-9.124,-14.302,0
BHIA3,2022-03-28,-51.802,80.197,3,10,1,86.180,8.122,2.000,6.122,0,-10.406,-1.694,-8.712,0,-21.827,-7.851,-13.977,0
BHIA3,2022-03-29,-47.898,41.015,4,10,1,93.620,-5.841,-1.071,-4.770,0,-17.523,-3.438,-14.085,0,-28.037,-8.544,-19.493,0
BHIA3,2022-04-01,-47.035,23.370,7,10,1,94.710,-16.859,-2.747,-14.112,0,-20.554,-4.898,-15.657,0,-33.949,-12.355,-21.594,0
BHIA3,2023-05-10,-13.425,5.424,2,10,1,47.030,-1.860,1.962,-3.823,0,1.860,1.250,0.610,0,15.814,7.512,8.302,0
BRKM5,2024-09-03,-10.472,115.961,3,10,1,18.520,-4.914,0.000,-4.914,0,1.998,0.536,1.462,0,8.207,-1.355,9.562,1
BRKM5,2024-09-04,-10.349,4.626,4,10,0,18.780,-3.781,-0.884,-2.897,0,5.378,-1.760,7.138,0,7.987,-1.911,9.898,1
BRKM5,2024-09-05,-12.662,3.312,5,10,1,18.350,-2.016,-1.941,-0.075,0,4.087,-2.649,6.736,0,8.011,-3.657,11.668,1
BRKM5,2024-09-06,-8.663,16.820,6,10,1,18.900,2.540,0.191,2.349,0,-1.058,-2.543,1.485,0,6.667,-2.108,8.774,1
BRKM5,2025-07-09,-29.327,121.396,3,10,1,9.860,-7.708,-1.275,-6.433,0,-8.621,-1.283,-7.338,0,-13.590,-1.954,-11.637,0
BRKM5,2025-07-10,-28.176,21.556,4,10,1,9.950,-9.950,-0.853,-9.097,0,-8.844,-2.118,-6.726,0,-15.678,-0.067,-15.611,0
CMIG4,2024-01-08,-9.396,40.941,2,10,1,6.860,3.404,-0.583,3.988,0,-2.723,-4.566,1.842,0,-3.234,-3.663,0.429,0
CMIG4,2024-01-09,-6.749,62.742,3,10,1,7.010,-1.250,-1.646,0.396,0,-3.750,-2.383,-1.367,0,-4.333,-0.556,-3.777,0
COGN3,2025-01-27,-8.326,13.436,2,10,0,1.200,0.000,0.632,-0.632,0,15.000,0.558,14.442,1,18.571,0.509,18.063,1
COGN3,2025-01-28,-12.042,38.183,3,10,1,1.140,3.759,0.727,3.032,0,24.060,2.000,22.061,1,19.549,1.487,18.062,1
COGN3,2025-01-29,-10.503,16.947,4,10,1,1.140,4.478,1.831,2.647,0,20.896,0.899,19.997,1,16.418,1.373,15.045,1
CSAN3,2023-03-30,-6.783,29.780,2,10,1,14.590,-5.093,-2.867,-2.227,0,1.934,2.558,-0.624,0,-6.447,-1.971,-4.477,0
CSAN3,2025-05-29,-19.144,16.430,2,10,0,8.400,-4.286,-1.559,-2.727,0,-1.905,-0.517,-1.388,0,-19.762,-1.160,-18.602,0
CSAN3,2025-05-30,-19.737,27.549,3,10,1,8.230,-2.066,-0.694,-1.372,0,-1.337,0.000,-1.337,0,-16.646,1.388,-18.035,0
CSAN3,2025-09-03,-17.382,376.333,3,10,1,6.750,8.593,1.673,6.919,0,18.519,4.186,14.332,0,-8.741,4.128,-12.869,0
CSAN3,2025-09-04,-12.920,513.400,4,10,1,7.150,3.217,1.413,1.804,0,9.790,3.275,6.515,0,-16.504,2.159,-18.663,0
CSAN3,2025-09-05,-11.843,60.762,5,10,1,7.300,1.781,-0.315,2.096,0,2.740,2.248,0.491,0,-16.438,1.124,-17.563,0
CSAN3,2025-09-08,-8.953,285.009,6,10,0,7.470,1.205,1.189,0.016,0,-17.805,2.298,-20.103,0,-19.143,1.347,-20.490,0
CSAN3,2025-09-09,-11.720,20.341,7,10,1,7.210,7.212,1.811,5.401,0,-12.067,3.413,-15.479,0,-19.417,-0.108,-19.309,0
CSAN3,2025-09-10,-10.343,44.632,8,10,1,7.330,9.141,2.472,6.669,0,-8.595,3.061,-11.656,0,-19.100,0.029,-19.128,0
CSAN3,2025-09-11,-10.001,14.814,9,10,1,7.380,6.369,1.836,4.532,0,-15.583,1.658,-17.240,0,-20.190,-0.865,-19.325,0
CSNA3,2022-05-26,-15.924,110.667,2,10,1,15.140,6.149,0.380,5.769,0,-9.200,-4.018,-5.182,0,-23.902,-11.618,-12.284,0
CSNA3,2022-05-27,-12.957,58.624,3,10,1,15.610,2.242,-0.389,2.631,0,-11.973,-5.635,-6.338,0,-23.901,-9.778,-14.124,0
CSNA3,2022-05-30,-12.404,44.256,4,10,1,15.520,-0.767,-0.468,-0.299,0,-16.825,-7.295,-9.529,0,-23.004,-9.231,-13.773,0
CSNA3,2022-05-31,-13.637,163.724,5,10,1,15.290,1.328,-0.961,2.289,0,-16.987,-8.229,-8.758,0,-24.451,-10.431,-14.019,0
CSNA3,2022-06-01,-12.242,61.013,6,10,1,15.530,-5.140,-2.671,-2.469,0,-19.116,-7.528,-11.589,0,-30.388,-11.603,-18.784,0
CSNA3,2022-06-02,-9.672,33.169,7,10,1,16.070,-14.460,-4.381,-10.079,0,-25.871,-11.270,-14.601,0,-34.321,-11.805,-22.516,0
CSNA3,2023-11-01,-12.776,34.007,9,10,1,10.310,4.595,3.245,1.350,0,24.144,8.551,15.592,1,50.216,11.366,38.850,1
CSNA3,2023-11-03,-10.119,63.597,10,10,0,10.920,0.000,1.970,-1.970,0,28.414,6.536,21.878,1,40.677,7.155,33.522,1
CSNA3,2024-09-23,-23.224,10.510,2,10,1,10.550,16.336,1.126,15.210,0,15.162,1.142,14.021,0,5.415,-0.197,5.612,0
CSNA3,2024-09-24,-16.977,102.381,3,10,1,11.540,7.673,0.140,7.533,0,0.330,-0.583,0.913,0,-5.198,-1.694,-3.504,0
CSNA3,2024-09-25,-15.933,53.388,4,10,1,11.590,9.195,1.509,7.687,0,-0.328,-1.227,0.899,0,-5.911,-1.649,-4.262,0
CSNA3,2024-09-26,-9.290,101.098,5,10,1,12.630,-2.638,-1.005,-1.632,0,-10.776,-1.956,-8.820,0,-11.907,-2.111,-9.796,0
CVCB3,2022-03-24,-18.096,48.435,3,10,1,14.050,8.236,0.750,7.487,0,2.399,-0.078,2.478,0,-9.468,-6.955,-2.513,0
CVCB3,2022-03-25,-14.893,47.705,4,10,0,14.570,5.378,2.135,3.243,0,-6.191,-0.671,-5.520,0,-18.074,-9.124,-8.950,0
CVCB3,2022-03-28,-14.250,48.002,5,10,0,14.610,6.297,2.000,4.297,0,-7.855,-1.694,-6.161,0,-16.397,-7.851,-8.546,0
CVCB3,2022-03-31,-11.091,141.932,2,10,1,15.210,-5.392,-0.822,-4.571,0,-13.960,-3.417,-10.544,0,-23.068,-11.142,-11.926,0
CVCB3,2023-08-04,-25.264,6.509,2,10,1,3.020,-11.589,-1.219,-10.370,0,-14.901,-3.424,-11.477,0,-14.238,-1.392,-12.846,0
CVCB3,2026-01-06,-6.162,37.542,5,10,1,2.320,12.069,-0.705,12.774,1,3.017,1.698,1.319,1,9.914,13.727,-3.813,1
ECOR3,2022-03-25,-16.543,22.310,2,10,1,7.240,-1.015,2.135,-3.150,0,-3.680,-0.671,-3.009,0,-7.487,-9.124,1.637,0
ECOR3,2022-05-23,-14.644,19.283,2,10,1,6.330,4.935,0.150,4.785,0,0.290,-0.318,0.609,0,-8.853,-9.704,0.851,0
ECOR3,2022-05-24,-12.671,5.379,3,10,0,6.460,4.836,0.506,4.330,0,-2.134,-0.459,-1.674,0,-11.238,-9.949,-1.288,0
ECOR3,2022-05-25,-11.679,16.173,4,10,0,6.520,-0.141,0.759,-0.900,0,-3.944,-1.931,-2.012,0,-13.239,-11.251,-1.989,0
ECOR3,2022-05-26,-10.585,96.698,5,10,0,6.680,-1.651,0.380,-2.030,0,-4.952,-4.018,-0.934,0,-15.818,-11.618,-4.200,0
ECOR3,2022-05-27,-11.478,6.356,6,10,1,6.600,-1.950,-0.389,-1.561,0,-6.128,-5.635,-0.493,0,-15.877,-9.778,-6.100,0
ECOR3,2022-05-30,-9.932,11.306,7,10,1,6.640,-4.426,-0.468,-3.958,0,-14.385,-7.295,-7.089,0,-20.470,-9.231,-11.239,0
ECOR3,2022-05-31,-8.309,226.583,8,10,1,6.770,-6.649,-0.961,-5.688,0,-15.604,-8.229,-7.375,0,-21.981,-10.431,-11.550,0
EGIE3,2025-02-28,-5.339,192.898,6,10,1,25.340,-0.027,0.450,-0.477,0,4.089,6.874,-2.785,0,3.309,6.691,-3.382,0
GGPS3,2025-02-19,-11.707,91.341,3,10,1,12.470,-3.186,-0.602,-2.584,0,-0.831,-1.110,0.279,0,-1.662,1.644,-3.306,0
GGPS3,2025-02-20,-11.350,26.256,4,10,1,12.720,-4.616,-1.638,-2.978,0,-1.561,-1.873,0.312,0,-4.141,0.370,-4.511,0
GGPS3,2025-02-21,-11.291,31.576,5,10,1,12.220,-0.848,-1.912,1.064,0,0.141,-1.478,1.620,0,0.777,1.487,-0.709,0
GOAU4,2023-11-14,-7.300,128.964,6,10,1,7.530,-0.907,2.124,-3.031,0,-4.574,2.224,-6.798,0,-3.932,5.100,-9.032,0
GOAU4,2023-11-16,-6.979,157.059,7,10,1,7.640,-2.322,1.587,-3.910,0,-7.025,2.158,-9.183,0,-3.589,4.894,-8.483,0
GOAU4,2023-11-17,-5.273,110.275,8,10,1,7.780,-7.282,0.462,-7.745,0,-7.638,2.593,-10.231,0,-7.016,4.277,-11.293,0
HAPV3,2023-05-22,-28.814,84.791,2,10,1,55.500,5.405,0.206,5.199,0,12.432,2.431,10.002,0,13.514,8.700,4.813,0
HAPV3,2024-05-07,-7.653,63.284,2,10,1,60.600,10.149,-0.470,10.619,1,10.891,-1.356,12.247,1,-2.228,-5.981,3.753,1
HAPV3,2024-05-08,-5.807,156.301,3,10,1,61.950,6.538,-1.209,7.746,1,6.538,-2.926,9.464,1,-2.906,-5.050,2.144,1
HAPV3,2024-05-09,-5.522,27.583,4,10,1,61.500,9.512,0.024,9.488,1,3.902,-2.747,6.649,1,-5.122,-5.935,0.813,1
HAPV3,2025-05-20,-12.891,25.452,2,10,1,42.900,2.098,-0.278,2.376,0,0.350,-1.783,2.133,0,-8.205,-0.965,-7.240,0
HAPV3,2025-05-21,-11.825,66.863,3,10,1,42.600,2.465,0.832,1.633,0,1.056,-0.580,1.636,0,-7.300,0.617,-7.917,0
HAPV3,2025-05-22,-11.254,17.787,4,10,0,42.600,0.352,0.977,-0.625,0,-4.930,-0.597,-4.333,0,-12.160,-0.112,-12.048,0
HYPE3,2024-06-18,-8.580,85.532,2,10,0,26.590,2.318,2.394,-0.076,0,-0.084,4.487,-4.571,0,0.961,7.966,-7.005,0
IRBR3,2022-05-30,-28.739,2.940,7,10,1,69.950,1.068,-0.468,1.535,0,-6.406,-7.295,0.889,0,-21.708,-9.231,-12.477,0
IRBR3,2022-05-31,-25.400,325.074,8,10,1,73.180,-5.102,-0.961,-4.141,0,-10.544,-8.229,-2.315,0,-27.891,-10.431,-17.460,0
IRBR3,2022-06-01,-23.863,87.139,9,10,1,74.680,-8.000,-2.671,-5.329,0,-8.667,-7.528,-1.139,0,-32.333,-11.603,-20.730,0
IRBR3,2022-12-19,-53.542,18.485,2,10,0,23.100,16.883,3.729,13.154,0,12.987,-0.878,13.865,0,45.455,6.343,39.111,0
IRBR3,2022-12-22,-43.351,138.727,2,10,1,28.500,-9.474,1.944,-11.417,0,4.211,1.511,2.700,0,6.316,4.349,1.967,0
MGLU3,2024-05-09,-21.230,4.556,2,10,1,15.440,-4.790,0.024,-4.815,0,-14.970,-2.747,-12.224,0,-29.701,-5.935,-23.766,0
MRVE3,2023-03-16,-8.347,18.547,4,10,1,7.660,-8.747,-5.420,-3.327,0,-10.313,0.470,-10.783,0,-2.742,3.040,-5.782,0
MRVE3,2025-06-05,-7.236,124.992,2,10,1,5.900,0.000,1.058,-1.058,0,-0.678,0.488,-1.166,0,6.610,3.662,2.948,1
PETR3,2025-11-13,-11.768,12.541,2,10,1,33.660,-0.289,-1.395,1.107,0,-3.693,1.136,-4.829,0,-3.982,2.206,-6.188,0
RAIL3,2022-02-23,-11.655,58.611,4,10,1,14.960,-3.175,2.621,-5.796,0,-1.206,0.112,-1.318,0,16.889,6.665,10.224,0
RENT3,2025-03-11,-19.664,22.479,3,10,1,28.540,9.560,6.396,3.165,0,10.726,7.043,3.683,0,20.500,0.406,20.094,0
USIM5,2025-02-13,-8.316,37.748,2,10,1,5.870,4.429,2.293,2.136,0,1.533,0.058,1.476,0,0.000,4.997,-4.997,0
VALE3,2023-09-05,-12.765,25.944,4,10,1,54.210,-2.518,0.739,-3.257,0,0.304,1.241,-0.937,0,-4.674,-3.028,-1.647,0
VALE3,2023-09-06,-13.052,59.822,5,10,1,53.340,3.133,2.975,0.157,0,-0.721,0.312,-1.032,0,-3.074,-2.227,-0.847,0
VBBR3,2025-02-17,-13.794,51.626,6,10,1,16.020,-7.070,-2.204,-4.866,0,-11.495,-4.152,-7.343,0,-4.425,3.473,-7.898,0
VBBR3,2025-02-18,-14.757,164.383,7,10,1,15.830,-0.601,-1.971,1.370,0,-10.868,-3.911,-6.958,0,-2.348,2.833,-5.182,0
YDUQ3,2022-11-03,-6.608,42.240,7,10,1,14.310,-26.509,-6.189,-20.320,0,-29.683,-7.294,-22.388,0,-30.803,-4.553,-26.249,0
YDUQ3,2023-01-30,-30.000,220.214,2,10,1,8.580,-7.365,-3.174,-4.191,0,-10.996,-2.971,-8.024,0,-29.046,-6.900,-22.146,0
YDUQ3,2023-01-31,-25.593,224.531,3,10,1,9.200,-15.005,-5.226,-9.779,0,-22.265,-4.925,-17.340,0,-35.237,-9.013,-26.224,0
YDUQ3,2023-02-01,-24.064,8.193,4,10,1,9.240,-14.547,-1.900,-12.647,0,-19.461,-2.168,-17.293,0,-35.742,-7.362,-28.380,0
YDUQ3,2024-10-08,-27.959,95.047,3,10,1,9.810,-4.116,-0.414,-3.702,0,-2.993,-1.118,-1.876,0,0.281,-0.610,0.890,0
YDUQ3,2024-10-14,-27.956,6.916,3,10,1,9.620,0.095,-0.588,0.684,0,3.241,0.267,2.975,0,3.241,-2.471,5.712,0
