estrategia,ticker,data_sinal,data_entrada,data_saida,dias,entrada,saida,pnl_pct,ret_bova,ret_rel,motivo,score_entrada,score_saida,evolucao_score,B,mrs,vol_ratio,contracao
B,ALOS3,2023-06-01,2023-06-02,2023-06-19,10,19.49,20.20,3.61,6.52,-2.91,time_stop,8,6,-2,2,22.90,2.39,0.42
B,ALOS3,2023-12-13,2023-12-14,2024-01-02,10,22.54,22.11,-1.90,1.48,-3.39,time_stop,7,6,-1,2,4.96,2.02,0.85
B,ALOS3,2025-11-13,2025-11-14,2025-12-01,10,27.22,27.55,1.25,0.75,0.49,time_stop,7,6,-1,2,13.43,3.82,0.59
B,ALOS3,2026-01-22,2026-01-23,2026-01-28,3,29.19,30.65,5.00,3.24,1.76,take_profit_ret,6,5,-1,2,3.43,2.02,0.66
B,ABEV3,2022-07-28,2022-07-29,2022-08-12,10,11.39,11.45,0.53,9.41,-8.88,time_stop,7,5,-2,2,7.03,2.45,0.58
B,ABEV3,2023-03-28,2023-03-29,2023-04-13,10,11.61,11.56,-0.48,4.44,-4.92,time_stop,7,4,-3,2,9.65,3.67,0.67
B,ABEV3,2023-12-13,2023-12-14,2024-01-02,10,11.76,11.43,-2.85,1.48,-4.33,time_stop,5,5,0,2,-8.90,2.18,0.50
B,ABEV3,2024-10-01,2024-10-02,2024-10-09,5,11.42,10.80,-5.47,-2.70,-2.78,stop_loss,7,4,-3,2,5.59,2.30,0.97
B,ABEV3,2024-12-02,2024-12-03,2024-12-04,1,11.05,11.60,5.00,0.06,4.94,take_profit_ret,7,7,0,2,9.84,2.62,1.00
B,ABEV3,2025-02-26,2025-02-27,2025-03-05,2,10.26,10.78,5.00,-1.40,6.40,take_profit_ret,6,6,0,2,2.11,2.56,0.84
B,ANIM3,2022-10-04,2022-10-05,2022-10-17,7,5.42,5.19,-4.30,-3.02,-1.28,stop_loss,5,5,0,2,-2.74,2.12,0.59
B,ANIM3,2022-10-31,2022-11-01,2022-11-04,2,5.95,6.24,5.00,1.05,3.95,take_profit_ret,7,6,-1,2,10.11,4.13,0.91
B,ANIM3,2024-03-01,2024-03-04,2024-03-07,3,4.55,4.33,-4.74,0.14,-4.88,stop_loss,7,6,-1,2,28.43,2.06,0.60
B,ANIM3,2025-05-09,2025-05-12,2025-05-19,5,4.15,4.36,5.00,2.27,2.73,take_profit_ret,6,6,0,2,60.58,2.10,0.51
B,ANIM3,2026-01-07,2026-01-08,2026-01-20,8,4.03,3.72,-7.69,2.08,-9.77,stop_loss,6,6,0,2,0.60,3.41,0.99
B,ANIM3,2026-01-22,2026-01-23,2026-01-27,2,4.95,5.20,5.00,1.44,3.56,take_profit_ret,6,5,-1,2,12.19,2.54,0.74
B,ASAI3,2022-07-27,2022-07-28,2022-08-01,2,15.92,14.96,-5.99,-0.54,-5.45,stop_loss,7,6,-1,2,19.73,3.42,0.51
B,ASAI3,2025-05-27,2025-05-28,2025-06-11,10,11.20,11.07,-1.15,-1.28,0.14,time_stop,6,5,-1,2,38.88,2.20,0.74
B,AURE3,2025-07-23,2025-07-24,2025-07-30,4,9.68,12.42,28.27,0.11,28.16,stop_loss,6,3,-3,2,3.51,2.05,0.77
B,AURE3,2026-01-22,2026-01-23,2026-01-30,5,11.92,7.73,-35.17,1.42,-36.59,stop_loss,6,2,-4,2,-6.01,2.02,1.00
B,AXIA3,2022-04-07,2022-04-08,2022-04-13,3,35.03,36.78,5.00,-1.28,6.28,take_profit_ret,7,5,-2,2,5.76,2.18,0.56
B,AXIA3,2022-10-21,2022-10-24,2022-10-27,3,42.33,40.42,-4.50,-1.91,-2.60,stop_loss,8,8,0,2,8.28,4.16,0.62
B,AXIA3,2023-11-07,2023-11-08,2023-11-16,5,33.45,35.12,5.00,4.71,0.29,take_profit_ret,5,6,1,2,-1.48,2.02,0.87
B,AXIA3,2024-07-31,2024-08-01,2024-08-06,3,35.45,33.50,-5.50,-0.81,-4.69,stop_loss,5,1,-4,2,-0.24,2.03,0.94
B,AXIA3,2025-08-07,2025-08-08,2025-08-11,1,39.86,41.85,5.00,-0.31,5.31,take_profit_ret,8,8,0,2,7.43,4.36,0.97
B,AXIA3,2025-10-17,2025-10-20,2025-11-03,10,52.95,54.51,2.95,4.32,-1.37,time_stop,7,7,0,2,27.37,2.90,0.62
B,AXIA3,2026-01-21,2026-01-22,2026-02-03,8,53.60,56.28,5.00,5.47,-0.47,take_profit_ret,6,3,-3,2,-3.71,2.53,0.16
B,AXIA6,2022-04-07,2022-04-08,2022-04-13,3,24.63,25.86,5.00,-1.28,6.28,take_profit_ret,6,5,-1,2,3.87,2.14,0.51
B,AXIA6,2022-04-13,2022-04-14,2022-04-20,3,26.40,24.74,-6.28,-1.43,-4.84,stop_loss,8,6,-2,2,13.25,2.32,0.41
B,AXIA6,2022-08-04,2022-08-05,2022-08-19,10,32.54,32.23,-0.95,4.66,-5.61,time_stop,8,5,-3,2,38.01,2.39,0.49
B,AXIA6,2022-10-31,2022-11-01,2022-11-11,7,34.48,31.21,-9.51,-3.78,-5.73,stop_loss,7,7,0,2,20.55,2.22,0.61
B,AXIA6,2024-02-20,2024-02-21,2024-03-06,10,32.71,32.40,-0.96,-0.82,-0.15,time_stop,8,8,0,2,6.68,2.06,0.62
B,AXIA6,2024-07-31,2024-08-01,2024-08-06,3,30.78,29.61,-3.80,-0.81,-2.99,stop_loss,6,4,-2,2,1.13,2.07,0.98
B,AXIA6,2025-08-07,2025-08-08,2025-08-11,1,33.92,35.61,5.00,-0.31,5.31,take_profit_ret,7,8,1,2,3.98,7.15,1.00
B,AXIA6,2025-09-17,2025-09-18,2025-09-29,7,39.65,41.64,5.00,0.65,4.35,take_profit_ret,8,7,-1,2,11.57,2.73,0.53
B,AXIA6,2025-10-31,2025-11-03,2025-11-10,5,45.62,47.90,5.00,3.31,1.69,take_profit_ret,8,7,-1,2,19.49,2.59,0.40
B,AXIA6,2025-11-14,2025-11-17,2025-11-26,6,49.67,52.15,5.00,1.27,3.73,take_profit_ret,8,7,-1,2,22.85,2.06,0.43
B,AXIA6,2026-01-22,2026-01-23,2026-02-06,10,58.47,61.39,5.00,2.01,2.99,take_profit_ret,7,5,-2,2,18.66,2.04,0.58
B,AXIA6,2026-02-19,2026-02-20,2026-03-06,10,65.98,64.29,-2.56,-5.78,3.22,time_stop,8,6,-2,2,24.33,2.22,0.47
B,AZZA3,2022-08-04,2022-08-05,2022-08-10,3,74.04,70.97,-4.14,3.72,-7.86,stop_loss,8,6,-2,2,13.81,2.11,0.48
B,AZZA3,2025-05-08,2025-05-09,2025-05-13,2,34.71,36.45,5.00,1.78,3.22,take_profit_ret,5,5,0,2,-1.36,4.91,0.54
B,B3SA3,2025-01-30,2025-01-31,2025-02-14,10,10.61,11.09,4.51,1.52,2.99,time_stop,6,6,0,2,2.84,2.29,0.62
B,B3SA3,2025-03-13,2025-03-14,2025-03-17,1,11.22,11.78,5.00,1.60,3.40,take_profit_ret,7,7,0,2,8.75,2.26,0.83
B,B3SA3,2025-05-08,2025-05-09,2025-05-23,10,13.75,13.84,0.63,0.92,-0.29,time_stop,6,6,0,2,20.78,4.34,0.54
B,B3SA3,2025-11-11,2025-11-12,2025-11-13,1,13.25,13.91,5.00,-0.22,5.22,take_profit_ret,5,5,0,2,-8.41,2.25,0.64
B,B3SA3,2025-11-13,2025-11-14,2025-11-21,4,14.05,13.43,-4.43,-1.55,-2.88,stop_loss,5,5,0,2,-1.67,2.03,0.74
B,B3SA3,2026-01-29,2026-01-30,2026-02-05,4,16.68,15.90,-4.68,0.25,-4.93,stop_loss,6,5,-1,2,-0.17,2.31,0.43
B,BBSE3,2022-03-18,2022-03-21,2022-03-28,5,15.62,16.40,5.00,2.30,2.70,take_profit_ret,7,7,0,2,10.83,2.75,0.71
B,BBSE3,2022-05-31,2022-06-01,2022-06-07,4,18.00,17.07,-5.17,-1.23,-3.94,stop_loss,8,7,-1,2,22.56,2.26,0.62
B,BBSE3,2022-07-14,2022-07-15,2022-07-22,5,17.75,18.64,5.00,2.31,2.69,take_profit_ret,8,7,-1,2,30.42,2.21,0.77
B,BBSE3,2022-09-16,2022-09-19,2022-09-29,8,20.36,18.66,-8.37,-4.08,-4.29,stop_loss,8,6,-2,2,22.14,2.55,0.99
B,BBSE3,2024-12-03,2024-12-04,2024-12-11,5,29.02,30.47,5.00,3.14,1.86,take_profit_ret,8,7,-1,2,7.37,2.05,1.00
B,BBSE3,2025-01-15,2025-01-16,2025-01-30,10,30.91,31.97,3.46,4.75,-1.29,time_stop,8,6,-2,2,14.49,2.16,0.74
B,BBDC3,2024-08-05,2024-08-06,2024-08-12,4,10.78,11.31,5.00,4.00,1.00,take_profit_ret,6,4,-2,2,1.19,4.43,1.00
B,BBDC3,2025-05-08,2025-05-09,2025-05-23,10,12.44,12.61,1.42,0.92,0.50,time_stop,7,7,0,2,10.64,3.84,0.64
B,BBDC3,2025-05-28,2025-05-29,2025-06-12,10,13.05,13.33,2.13,-0.52,2.64,time_stop,8,5,-3,2,12.53,2.24,0.44
B,BBDC3,2026-01-21,2026-01-22,2026-01-26,2,17.06,17.91,5.00,1.48,3.52,take_profit_ret,7,5,-2,2,2.41,2.23,0.64
B,BBDC4,2022-08-05,2022-08-08,2022-08-12,4,13.88,14.57,5.00,3.66,1.34,take_profit_ret,6,5,-1,2,1.18,2.15,0.56
B,BBDC4,2022-10-03,2022-10-04,2022-10-10,4,16.15,15.33,-5.10,-0.24,-4.86,stop_loss,8,5,-3,2,5.63,2.23,0.75
B,BBDC4,2023-11-03,2023-11-06,2023-11-21,10,11.92,12.36,3.63,6.05,-2.42,time_stop,5,3,-2,2,-4.20,2.03,1.00
B,BBDC4,2024-02-06,2024-02-07,2024-02-09,2,12.87,11.45,-11.01,-1.62,-9.39,stop_loss,7,1,-6,2,1.04,2.61,1.00
B,BBDC4,2024-08-06,2024-08-07,2024-08-13,4,12.36,12.97,5.00,3.82,1.18,take_profit_ret,6,6,0,2,2.65,2.66,0.96
B,BBDC4,2025-05-08,2025-05-09,2025-05-23,10,14.06,14.64,4.13,0.92,3.20,time_stop,7,7,0,2,12.01,5.17,0.67
B,BBDC4,2026-01-21,2026-01-22,2026-01-23,1,19.76,20.75,5.00,1.71,3.29,take_profit_ret,7,5,-2,2,2.39,2.69,0.62
B,BRAP4,2022-11-11,2022-11-14,2022-11-29,10,17.52,18.39,5.00,-1.79,6.79,take_profit_ret,6,7,1,2,4.26,2.12,0.69
B,BRAP4,2023-11-03,2023-11-06,2023-11-16,7,16.92,17.76,5.00,5.36,-0.36,take_profit_ret,5,7,2,2,-5.25,2.47,0.75
B,BRAP4,2024-09-26,2024-09-27,2024-10-09,8,16.26,15.27,-6.04,-2.08,-3.96,stop_loss,5,4,-1,2,-0.71,2.64,1.00
B,BRAP4,2025-03-21,2025-03-24,2025-04-04,9,15.34,14.22,-7.31,-3.23,-4.08,stop_loss,6,4,-2,2,-0.99,2.28,0.46
B,BRAP4,2025-10-31,2025-11-03,2025-11-17,10,16.59,17.05,2.81,4.36,-1.54,time_stop,7,6,-1,2,2.09,2.81,0.59
B,BRAP4,2025-12-15,2025-12-16,2026-01-05,10,19.89,20.37,2.42,2.17,0.26,time_stop,7,6,-1,2,13.09,4.93,0.53
B,BBAS3,2022-02-11,2022-02-14,2022-02-15,1,11.92,12.52,5.00,0.99,4.01,take_profit_ret,7,5,-2,2,11.38,2.33,0.59
B,BBAS3,2022-02-15,2022-02-16,2022-03-04,10,12.56,12.39,-1.33,-0.33,-0.99,time_stop,7,6,-1,2,15.50,3.06,0.80
B,BBAS3,2022-08-11,2022-08-12,2022-08-26,10,15.85,15.99,0.87,-0.26,1.13,time_stop,7,7,0,2,26.98,4.46,0.53
B,BBAS3,2022-10-03,2022-10-04,2022-10-06,2,16.26,15.56,-4.33,1.00,-5.33,stop_loss,8,4,-4,2,14.89,2.36,0.92
B,BBAS3,2023-01-17,2023-01-18,2023-01-20,2,15.23,15.99,5.00,0.11,4.89,take_profit_ret,7,6,-1,2,5.38,2.31,0.52
B,BBAS3,2023-01-20,2023-01-23,2023-02-06,10,16.04,15.78,-1.62,-2.46,0.83,time_stop,7,7,0,2,10.88,2.25,0.63
B,BBAS3,2023-02-14,2023-02-15,2023-03-02,9,16.72,15.92,-4.78,-5.76,0.98,stop_loss,7,7,0,2,16.90,3.07,0.74
B,BBAS3,2023-04-12,2023-04-13,2023-04-28,10,17.57,17.66,0.52,-1.97,2.49,time_stop,8,8,0,2,19.66,4.93,0.67
B,BBAS3,2023-06-12,2023-06-13,2023-06-21,6,20.76,21.80,5.00,2.95,2.05,take_profit_ret,7,7,0,2,21.98,2.67,0.73
B,BBAS3,2023-10-06,2023-10-09,2023-10-24,10,21.00,21.22,1.03,-1.34,2.37,time_stop,8,8,0,2,14.43,2.35,0.83
B,BBAS3,2025-02-14,2025-02-17,2025-03-05,10,27.12,25.77,-4.98,-4.15,-0.82,stop_loss,8,7,-1,2,10.41,2.06,0.46
B,BBAS3,2026-01-21,2026-01-22,2026-01-23,1,22.26,23.37,5.00,1.71,3.29,take_profit_ret,5,4,-1,2,-16.83,2.23,0.95
B,BBAS3,2026-01-23,2026-01-26,2026-02-03,6,24.14,25.34,5.00,3.93,1.07,take_profit_ret,5,5,0,2,-12.86,2.67,0.98
B,BRKM5,2023-06-12,2023-06-13,2023-06-15,2,27.50,28.88,5.00,2.18,2.82,take_profit_ret,6,5,-1,2,1.07,2.25,0.75
B,BRKM5,2023-06-15,2023-06-16,2023-06-27,7,29.99,28.60,-4.63,-0.98,-3.65,stop_loss,7,6,-1,2,8.49,2.57,0.65
B,BRKM5,2024-03-20,2024-03-21,2024-04-05,10,26.36,25.72,-2.43,-1.18,-1.25,time_stop,7,7,0,2,16.61,4.21,0.90
B,BRKM5,2024-09-18,2024-09-19,2024-09-23,2,20.48,18.59,-9.23,-1.83,-7.40,stop_loss,5,0,-5,2,-3.23,3.12,0.84
B,BRKM5,2026-03-05,2026-03-06,2026-03-10,2,12.99,12.21,-6.00,2.19,-8.20,stop_loss,6,5,-1,2,22.34,4.58,0.98
B,BRAV3,2022-04-29,2022-05-03,2022-05-10,5,43.99,43.00,-2.25,-3.39,1.14,stop_loss,7,5,-2,2,31.23,2.37,0.86
B,BRAV3,2022-10-04,2022-10-05,2022-10-17,7,42.00,42.49,1.17,-3.02,4.18,stop_loss,6,7,1,2,3.13,2.82,1.00
B,BRAV3,2023-01-11,2023-01-12,2023-01-19,5,44.88,47.12,5.00,0.79,4.21,take_profit_ret,7,7,0,2,10.56,2.98,0.71
B,BPAC11,2022-08-10,2022-08-11,2022-08-25,10,23.70,23.53,-0.73,3.51,-4.24,time_stop,7,7,0,2,11.59,2.08,0.60
B,BPAC11,2023-04-12,2023-04-13,2023-04-28,10,21.41,21.64,1.08,-1.97,3.05,time_stop,6,4,-2,2,1.28,2.11,0.64
B,BPAC11,2024-11-12,2024-11-13,2024-11-28,9,32.29,30.46,-5.66,-2.44,-3.23,stop_loss,6,4,-2,2,0.53,2.31,0.85
B,BPAC11,2025-05-08,2025-05-09,2025-05-23,10,38.83,38.63,-0.53,0.92,-1.45,time_stop,8,7,-1,2,15.79,2.37,0.42
B,BPAC11,2025-08-12,2025-08-13,2025-08-21,6,44.45,42.53,-4.33,-1.52,-2.81,stop_loss,7,8,1,2,23.72,4.04,0.86
B,BPAC11,2025-11-11,2025-11-12,2025-11-27,10,51.81,52.02,0.40,0.57,-0.17,time_stop,7,6,-1,2,13.32,2.12,0.55
B,BPAC11,2026-01-21,2026-01-22,2026-01-27,3,57.99,60.89,5.00,3.18,1.82,take_profit_ret,7,6,-1,2,9.07,2.08,0.57
B,BHIA3,2025-03-10,2025-03-11,2025-03-12,1,4.77,5.01,5.00,0.16,4.84,take_profit_ret,6,7,1,2,5.00,4.66,1.00
B,BHIA3,2025-03-19,2025-03-20,2025-03-21,1,7.16,7.52,5.00,0.10,4.90,take_profit_ret,6,5,-1,2,50.21,2.37,0.54
B,BHIA3,2025-08-29,2025-09-01,2025-09-02,1,4.40,4.62,5.00,-0.67,5.67,take_profit_ret,5,6,1,2,-2.30,3.47,0.82
B,CBAV3,2023-01-18,2023-01-19,2023-02-03,11,11.90,10.97,-7.77,-3.89,-3.89,stop_loss,7,5,-2,2,1.33,2.82,0.49
B,CBAV3,2024-04-09,2024-04-10,2024-04-15,3,5.04,4.23,-16.07,-2.09,-13.98,stop_loss,7,5,-2,2,8.07,2.46,0.97
B,CBAV3,2024-09-24,2024-09-25,2024-10-02,5,5.33,5.60,5.00,1.51,3.49,take_profit_ret,6,5,-1,2,1.05,2.73,0.88
B,CBAV3,2024-10-04,2024-10-07,2024-10-09,2,6.25,6.75,8.00,-1.63,9.63,stop_loss,8,5,-3,2,15.35,2.64,0.49
B,CBAV3,2025-02-11,2025-02-12,2025-02-20,6,5.63,5.91,5.00,2.66,2.34,take_profit_ret,6,5,-1,2,0.90,2.08,0.53
B,CEAB3,2023-03-06,2023-03-07,2023-03-08,1,2.62,2.75,5.00,2.30,2.70,take_profit_ret,7,6,-1,2,7.76,2.20,0.87
B,CEAB3,2023-05-12,2023-05-15,2023-05-17,2,3.55,3.72,5.00,0.51,4.49,take_profit_ret,6,5,-1,2,35.41,2.05,0.51
B,CEAB3,2023-08-11,2023-08-14,2023-08-17,3,6.14,5.97,-2.84,-1.72,-1.11,stop_loss,7,5,-2,2,83.62,3.67,0.66
B,CEAB3,2023-11-10,2023-11-13,2023-11-16,2,6.61,6.94,5.00,3.54,1.46,take_profit_ret,7,5,-2,2,55.17,3.70,0.68
B,CEAB3,2023-11-16,2023-11-17,2023-11-24,5,7.42,7.08,-4.57,0.46,-5.04,stop_loss,7,7,0,2,64.16,2.11,0.68
B,CEAB3,2024-02-29,2024-03-01,2024-03-08,5,8.59,9.02,5.00,-1.58,6.58,take_profit_ret,8,7,-1,2,40.96,2.70,0.41
B,CEAB3,2024-04-04,2024-04-05,2024-04-15,6,10.92,10.09,-7.56,-1.10,-6.46,stop_loss,7,6,-1,2,68.12,2.09,0.61
B,CEAB3,2024-10-11,2024-10-14,2024-10-16,2,10.26,10.77,5.00,0.45,4.55,take_profit_ret,7,6,-1,2,13.72,2.97,1.00
B,CEAB3,2024-10-25,2024-10-28,2024-11-06,7,11.86,12.45,5.00,-1.20,6.20,take_profit_ret,7,6,-1,2,30.33,2.25,0.55
B,CEAB3,2025-05-08,2025-05-09,2025-05-12,1,13.93,14.62,5.00,0.11,4.89,take_profit_ret,7,5,-2,2,35.65,2.72,0.59
B,CEAB3,2025-11-05,2025-11-06,2025-11-10,2,16.61,16.03,-3.53,1.43,-4.96,stop_loss,7,2,-5,2,4.01,2.45,0.68
B,CMIG4,2022-03-18,2022-03-21,2022-03-24,3,4.66,4.89,5.00,2.50,2.50,take_profit_ret,7,6,-1,2,8.49,2.25,0.81
B,CMIG4,2022-10-03,2022-10-04,2022-10-06,2,6.13,5.59,-8.78,1.00,-9.78,stop_loss,8,4,-4,2,8.90,2.23,0.91
B,CMIG4,2022-10-21,2022-10-24,2022-10-27,3,5.80,5.42,-6.51,-1.91,-4.60,stop_loss,5,5,0,2,0.98,3.62,0.65
B,CMIG4,2023-09-15,2023-09-18,2023-10-02,10,7.00,6.85,-2.15,-2.76,0.61,time_stop,7,5,-2,2,4.34,2.21,0.69
B,CMIG4,2024-08-14,2024-08-15,2024-08-29,10,9.49,9.64,1.51,1.29,0.22,time_stop,7,7,0,2,21.87,2.28,0.82
B,CMIG4,2024-11-14,2024-11-18,2024-11-22,3,10.18,9.84,-3.31,1.29,-4.61,stop_loss,8,6,-2,2,22.36,3.86,0.88
B,CMIG4,2026-01-22,2026-01-23,2026-02-06,10,11.50,11.35,-1.30,2.01,-3.32,time_stop,6,5,-1,2,-9.24,2.13,0.90
B,COGN3,2022-09-22,2022-09-23,2022-09-28,3,2.51,2.41,-4.08,-2.80,-1.28,stop_loss,8,6,-2,2,15.09,2.32,0.95
B,COGN3,2022-10-31,2022-11-01,2022-11-08,4,2.81,2.49,-11.55,-0.45,-11.10,stop_loss,7,5,-2,2,22.43,2.24,0.85
B,COGN3,2023-05-12,2023-05-15,2023-05-18,3,2.07,2.17,5.00,1.21,3.79,take_profit_ret,6,5,-1,2,2.60,2.44,0.73
B,COGN3,2023-11-09,2023-11-10,2023-11-14,2,2.33,2.45,5.00,2.22,2.78,take_profit_ret,5,4,-1,2,-1.10,2.86,0.74
B,COGN3,2025-08-06,2025-08-07,2025-08-08,1,2.51,2.63,5.00,-0.46,5.46,take_profit_ret,7,7,0,2,39.80,2.02,0.54
B,COGN3,2026-01-21,2026-01-22,2026-01-23,1,4.06,4.26,5.00,1.71,3.29,take_profit_ret,8,7,-1,2,23.62,2.03,0.50
B,CSMG3,2022-10-03,2022-10-04,2022-10-14,7,10.84,10.33,-4.76,-3.68,-1.09,stop_loss,8,7,-1,2,14.70,4.38,1.00
B,CSMG3,2023-03-15,2023-03-16,2023-03-21,3,11.41,10.87,-4.77,-2.07,-2.70,stop_loss,8,7,-1,2,22.98,2.16,0.77
B,CSMG3,2023-12-04,2023-12-05,2023-12-18,9,15.39,16.16,5.00,3.46,1.54,take_profit_ret,6,6,0,2,2.08,2.29,0.62
B,CSMG3,2024-06-21,2024-06-24,2024-07-08,10,18.34,18.84,2.70,3.24,-0.54,time_stop,8,7,-1,2,15.38,4.12,0.85
B,CSMG3,2025-05-15,2025-05-16,2025-05-20,2,21.22,22.28,5.00,0.54,4.46,take_profit_ret,5,3,-2,2,-6.33,2.97,0.81
B,CSMG3,2025-06-13,2025-06-16,2025-06-26,7,25.25,26.51,5.00,-1.55,6.55,take_profit_ret,7,7,0,2,12.11,3.37,0.78
B,CSMG3,2025-09-04,2025-09-05,2025-09-16,7,30.24,31.75,5.00,1.05,3.95,take_profit_ret,8,7,-1,2,23.28,2.69,0.37
B,CSMG3,2025-10-15,2025-10-16,2025-10-28,8,35.22,36.98,5.00,3.71,1.29,take_profit_ret,7,6,-1,2,37.22,2.75,0.98
B,CSMG3,2025-12-01,2025-12-02,2025-12-16,10,42.11,41.68,-1.02,-1.78,0.76,time_stop,7,7,0,2,36.99,2.36,0.74
B,CSMG3,2025-12-23,2025-12-26,2026-01-13,10,44.18,43.99,-0.43,0.79,-1.22,time_stop,7,5,-2,2,36.76,3.84,0.56
B,CPLE3,2022-10-24,2022-10-25,2022-11-01,5,5.76,6.05,5.00,2.11,2.89,take_profit_ret,8,8,0,2,5.52,2.44,0.79
B,CPLE3,2022-11-01,2022-11-03,2022-11-11,6,6.38,6.05,-5.19,-4.02,-1.17,stop_loss,8,8,0,2,16.41,4.17,0.61
B,CPLE3,2022-11-21,2022-11-22,2022-11-28,4,6.64,6.27,-5.60,0.08,-5.68,stop_loss,7,6,-1,2,24.91,4.71,0.93
B,CPLE3,2023-04-11,2023-04-12,2023-04-13,1,5.71,5.99,5.00,-0.41,5.41,take_profit_ret,6,6,0,2,3.66,2.84,0.62
B,CPLE3,2023-06-09,2023-06-12,2023-06-26,10,6.62,6.73,1.57,0.69,0.88,take_profit_score,8,9,1,2,8.01,3.17,0.90
B,CPLE3,2023-07-26,2023-07-27,2023-08-10,10,7.17,7.24,1.09,-1.32,2.40,time_stop,8,8,0,2,8.34,2.56,0.98
B,CPLE3,2023-11-06,2023-11-07,2023-11-16,6,7.47,7.84,5.00,4.57,0.43,take_profit_ret,8,8,0,2,10.64,2.26,0.72
B,CPLE3,2025-05-08,2025-05-09,2025-05-23,10,10.47,10.72,2.33,0.92,1.40,time_stop,8,7,-1,2,16.02,2.10,0.42
B,CSAN3,2023-11-03,2023-11-06,2023-11-16,7,16.60,17.43,5.00,5.36,-0.36,take_profit_ret,5,5,0,2,-1.69,2.92,0.83
B,CSAN3,2023-12-14,2023-12-15,2024-01-03,10,18.09,18.64,3.04,2.15,0.90,time_stop,5,5,0,2,-3.49,2.41,1.00
B,CPFE3,2023-06-16,2023-06-19,2023-06-26,5,31.43,33.00,5.00,-1.47,6.47,take_profit_ret,5,5,0,2,-4.81,2.75,0.54
B,CPFE3,2023-09-15,2023-09-18,2023-09-29,9,35.59,34.23,-3.82,-1.31,-2.51,stop_loss,8,4,-4,2,7.34,2.25,0.82
B,CPFE3,2025-02-19,2025-02-20,2025-03-06,8,34.80,36.54,5.00,-3.27,8.27,take_profit_ret,7,6,-1,2,5.15,3.19,0.89
B,CPFE3,2025-08-08,2025-08-11,2025-08-25,10,39.94,39.28,-1.65,1.97,-3.62,time_stop,8,6,-2,2,5.54,2.82,0.89
B,CPFE3,2025-11-03,2025-11-04,2025-11-12,6,42.70,44.84,5.00,4.68,0.32,take_profit_ret,7,6,-1,2,-0.07,2.14,0.37
B,CPFE3,2025-11-12,2025-11-13,2025-11-19,4,45.29,47.55,5.00,-1.36,6.36,take_profit_ret,7,8,1,2,1.50,2.08,0.50
B,CPFE3,2026-01-23,2026-01-26,2026-01-29,3,55.49,53.33,-3.89,2.48,-6.37,stop_loss,7,4,-3,2,5.64,2.16,0.96
B,CMIN3,2022-12-09,2022-12-12,2022-12-14,2,2.80,2.66,-5.00,-1.08,-3.92,stop_loss,7,4,-3,2,8.72,2.48,0.63
B,CMIN3,2023-01-06,2023-01-09,2023-01-10,1,2.97,3.12,5.00,1.74,3.26,take_profit_ret,7,5,-2,2,16.05,2.00,0.70
B,CMIN3,2023-05-08,2023-05-09,2023-05-17,6,3.43,3.60,5.00,2.13,2.87,take_profit_ret,8,7,-1,2,26.49,2.36,0.82
B,CMIN3,2023-09-21,2023-09-22,2023-10-06,10,3.61,3.62,0.22,-1.73,1.95,time_stop,7,7,0,2,3.75,2.28,0.42
B,CMIN3,2025-03-13,2025-03-14,2025-03-17,1,5.34,5.60,5.00,1.60,3.40,take_profit_ret,7,6,-1,2,11.08,3.32,0.80
B,CURY3,2022-07-08,2022-07-11,2022-07-15,4,5.25,5.51,5.00,-1.61,6.61,take_profit_ret,7,6,-1,2,19.07,2.03,0.82
B,CURY3,2022-09-01,2022-09-02,2022-09-05,1,6.79,7.13,5.00,1.27,3.73,take_profit_ret,8,6,-2,2,30.91,5.65,0.42
B,CURY3,2023-06-30,2023-07-03,2023-07-12,7,12.11,12.12,0.06,-1.82,1.88,stop_loss,7,6,-1,2,21.26,4.14,0.79
B,CURY3,2024-03-12,2024-03-13,2024-03-27,10,16.00,16.08,0.49,-0.26,0.75,time_stop,8,7,-1,2,18.71,2.78,0.57
B,CURY3,2024-09-04,2024-09-05,2024-09-19,10,20.68,21.26,2.77,-2.65,5.42,time_stop,7,7,0,2,21.41,2.16,0.85
B,CURY3,2024-10-29,2024-10-30,2024-11-04,3,21.60,20.73,-4.04,-0.06,-3.98,stop_loss,8,8,0,2,22.19,3.05,0.66
B,CURY3,2025-03-18,2025-03-19,2025-04-02,10,21.30,22.36,5.00,-0.54,5.54,take_profit_ret,7,9,2,2,10.95,2.69,0.86
B,CURY3,2025-08-06,2025-08-07,2025-08-21,10,29.17,28.75,-1.44,-1.42,-0.03,time_stop,7,7,0,2,28.55,2.93,0.82
B,CVCB3,2025-03-24,2025-03-25,2025-03-26,1,2.17,2.28,5.00,0.16,4.84,take_profit_ret,7,6,-1,2,6.01,2.11,0.56
B,CVCB3,2026-01-09,2026-01-12,2026-01-15,3,2.52,2.65,5.00,1.50,3.50,take_profit_ret,6,5,-1,2,2.08,2.08,0.52
B,CVCB3,2026-01-15,2026-01-16,2026-01-20,2,2.68,2.52,-5.97,0.84,-6.81,stop_loss,7,4,-3,2,7.91,2.00,0.47
B,CYRE3,2022-08-04,2022-08-05,2022-08-22,11,12.14,11.47,-5.52,3.88,-9.40,stop_loss,7,4,-3,2,6.02,2.67,0.84
B,CYRE3,2022-09-02,2022-09-05,2022-09-08,2,13.44,12.86,-4.32,-2.09,-2.22,stop_loss,7,5,-2,2,11.64,3.23,0.92
B,CYRE3,2022-09-28,2022-09-29,2022-09-30,1,13.97,14.67,5.00,2.56,2.44,take_profit_ret,8,6,-2,2,20.55,2.54,0.47
B,CYRE3,2022-10-03,2022-10-04,2022-10-10,4,16.53,15.85,-4.15,-0.24,-3.91,stop_loss,6,4,-2,2,29.19,2.53,0.88
B,CYRE3,2023-07-13,2023-07-14,2023-07-26,8,18.94,19.89,5.00,4.19,0.81,take_profit_ret,6,7,1,2,32.73,2.73,0.68
B,CYRE3,2025-08-22,2025-08-25,2025-08-28,3,24.08,25.29,5.00,2.37,2.63,take_profit_ret,8,6,-2,2,11.17,2.24,0.86
B,CYRE3,2025-09-11,2025-09-12,2025-09-26,10,27.94,28.02,0.30,2.32,-2.02,time_stop,8,7,-1,2,23.53,2.40,0.38
B,CYRE3,2025-11-07,2025-11-10,2025-11-25,10,31.17,31.96,2.54,0.47,2.07,time_stop,7,7,0,2,15.93,2.49,0.60
B,DIRR3,2022-09-02,2022-09-05,2022-09-15,7,3.42,3.60,5.00,-2.16,7.16,take_profit_ret,7,7,0,2,25.24,2.29,0.75
B,DIRR3,2022-10-03,2022-10-04,2022-10-13,6,4.24,3.94,-7.13,-1.86,-5.27,stop_loss,6,7,1,2,43.33,2.31,0.73
B,DIRR3,2023-06-30,2023-07-03,2023-07-07,4,4.91,4.73,-3.81,-0.65,-3.16,stop_loss,7,7,0,2,16.53,2.95,0.92
B,DIRR3,2023-12-13,2023-12-14,2023-12-28,9,5.42,5.69,5.00,2.77,2.23,take_profit_ret,6,5,-1,2,3.60,2.46,0.58
B,DIRR3,2024-02-20,2024-02-21,2024-03-06,10,6.02,6.32,5.00,-0.82,5.82,take_profit_ret,8,8,0,2,11.71,2.67,0.83
B,ECOR3,2023-03-17,2023-03-20,2023-03-22,2,4.76,4.40,-7.54,-0.69,-6.86,stop_loss,7,2,-5,2,5.86,2.72,0.70
B,ECOR3,2023-04-10,2023-04-11,2023-04-12,1,5.18,5.44,5.00,0.43,4.57,take_profit_ret,7,6,-1,2,17.11,2.11,0.58
B,ECOR3,2023-06-20,2023-06-21,2023-06-27,4,6.70,6.30,-5.91,-2.15,-3.76,stop_loss,6,5,-1,2,27.39,2.51,0.59
B,ECOR3,2023-07-19,2023-07-20,2023-07-21,1,7.01,7.36,5.00,1.80,3.20,take_profit_ret,7,7,0,2,35.01,2.16,0.76
B,ECOR3,2023-11-14,2023-11-16,2023-11-30,10,7.63,8.02,5.00,2.16,2.84,take_profit_ret,7,7,0,2,15.26,2.10,0.50
B,ECOR3,2025-08-27,2025-08-28,2025-09-04,5,7.74,8.13,5.00,-0.22,5.22,take_profit_ret,7,6,-1,2,23.51,2.42,0.79
B,ECOR3,2025-11-10,2025-11-11,2025-11-12,1,8.69,9.12,5.00,-0.23,5.23,take_profit_ret,7,7,0,2,15.40,2.82,0.65
B,ECOR3,2025-11-12,2025-11-13,2025-11-25,7,9.50,9.97,5.00,-0.73,5.73,take_profit_ret,7,8,1,2,24.93,2.86,0.64
B,ECOR3,2026-01-23,2026-01-26,2026-02-04,7,12.16,11.22,-7.73,1.65,-9.38,stop_loss,7,6,-1,2,23.45,2.74,0.99
B,ENGI11,2022-07-29,2022-08-01,2022-08-08,5,33.32,34.98,5.00,6.33,-1.33,take_profit_ret,7,6,-1,2,6.93,2.12,0.61
B,ENGI11,2023-09-15,2023-09-18,2023-09-27,7,40.93,38.21,-6.66,-3.45,-3.21,stop_loss,8,7,-1,2,10.47,3.87,0.98
B,ENEV3,2023-07-24,2023-07-25,2023-08-08,10,13.28,12.77,-3.84,-2.30,-1.54,time_stop,5,4,-1,2,-1.04,2.21,0.76
B,ENEV3,2024-08-14,2024-08-15,2024-08-29,10,13.53,13.33,-1.48,1.29,-2.77,time_stop,7,5,-2,2,0.78,2.71,0.78
B,ENEV3,2025-08-25,2025-08-26,2025-09-09,10,15.06,15.31,1.66,2.71,-1.05,time_stop,8,8,0,2,12.00,2.09,0.81
B,ENEV3,2025-10-24,2025-10-27,2025-11-03,5,17.70,18.59,5.00,2.34,2.66,take_profit_ret,7,7,0,2,17.66,2.76,0.81
B,ENEV3,2025-11-26,2025-11-27,2025-12-11,10,20.24,20.22,-0.10,0.56,-0.66,time_stop,7,5,-2,2,21.18,2.21,0.60
B,ENEV3,2026-01-21,2026-01-22,2026-02-05,10,21.79,21.30,-2.25,3.42,-5.67,stop_loss,7,4,-3,2,13.15,2.42,0.59
B,EGIE3,2023-11-22,2023-11-23,2023-12-07,10,28.11,27.69,-1.50,-0.48,-1.02,time_stop,7,4,-3,2,-3.48,2.39,0.31
B,EGIE3,2025-06-24,2025-06-25,2025-06-30,3,30.06,31.56,5.00,2.49,2.51,take_profit_ret,7,6,-1,2,6.80,2.63,0.98
B,EQTL3,2022-03-18,2022-03-21,2022-04-04,10,23.67,24.32,2.74,4.34,-1.60,time_stop,7,8,1,2,9.52,2.00,0.57
B,EQTL3,2022-09-23,2022-09-26,2022-10-03,5,24.32,25.54,5.00,6.92,-1.92,take_profit_ret,8,6,-2,2,9.35,3.57,0.95
B,EQTL3,2023-09-13,2023-09-14,2023-09-28,10,30.66,29.68,-3.19,-2.95,-0.24,time_stop,8,4,-4,2,8.91,2.40,1.00
B,EQTL3,2023-12-20,2023-12-21,2024-01-09,10,32.78,32.28,-1.55,-0.59,-0.96,time_stop,7,5,-2,2,0.44,2.30,0.99
B,EQTL3,2025-11-03,2025-11-04,2025-11-10,4,35.97,37.77,5.00,3.20,1.80,take_profit_ret,6,6,0,2,-1.50,2.29,0.80
B,EQTL3,2026-01-22,2026-01-23,2026-02-06,10,40.45,40.89,1.09,2.01,-0.93,time_stop,6,5,-1,2,-7.30,2.23,0.96
B,EZTC3,2023-07-25,2023-07-26,2023-08-03,6,14.20,14.91,5.00,-1.71,6.71,take_profit_ret,6,6,0,2,22.93,2.27,0.56
B,EZTC3,2024-11-01,2024-11-04,2024-11-19,10,10.38,10.23,-1.47,-1.79,0.31,time_stop,6,6,0,2,4.08,5.05,0.91
B,EZTC3,2025-03-14,2025-03-17,2025-03-31,10,11.23,11.05,-1.62,-0.36,-1.26,time_stop,7,8,1,2,20.40,3.61,0.77
B,EZTC3,2025-08-01,2025-08-04,2025-08-07,3,10.22,10.73,5.00,2.71,2.29,take_profit_ret,8,6,-2,2,5.53,2.03,0.90
B,EZTC3,2025-09-09,2025-09-10,2025-09-15,3,11.96,12.56,5.00,0.93,4.07,take_profit_ret,8,5,-3,2,13.71,2.12,0.62
B,EZTC3,2025-10-29,2025-10-30,2025-11-07,6,13.41,14.08,5.00,3.50,1.50,take_profit_ret,7,7,0,2,18.03,2.12,0.62
B,EZTC3,2025-11-14,2025-11-17,2025-11-28,8,15.01,15.76,5.00,1.34,3.66,take_profit_ret,8,7,-1,2,19.99,2.16,0.40
B,FLRY3,2022-09-23,2022-09-26,2022-09-29,3,13.83,13.03,-5.79,-1.27,-4.52,stop_loss,7,5,-2,2,9.38,2.18,0.66
B,FLRY3,2022-10-03,2022-10-04,2022-10-06,2,14.41,15.14,5.00,1.00,4.00,take_profit_ret,7,6,-1,2,6.78,2.77,0.60
B,FLRY3,2023-10-03,2023-10-04,2023-10-19,10,13.34,12.50,-6.31,0.38,-6.69,stop_loss,7,6,-1,2,7.41,2.59,0.66
B,FLRY3,2023-11-10,2023-11-13,2023-11-28,10,14.09,14.20,0.77,5.05,-4.28,time_stop,8,7,-1,2,6.24,2.13,0.53
B,FLRY3,2023-12-15,2023-12-18,2024-01-04,10,15.58,14.91,-4.29,0.06,-4.35,stop_loss,8,5,-3,2,7.42,2.35,0.71
B,FLRY3,2024-08-09,2024-08-12,2024-08-26,10,13.65,13.97,2.36,4.36,-1.99,time_stop,5,4,-1,2,-1.88,4.13,1.00
B,FLRY3,2025-07-21,2025-07-22,2025-08-05,10,13.28,13.15,-0.97,-0.75,-0.22,time_stop,7,7,0,2,12.40,5.48,0.96
B,FLRY3,2025-09-19,2025-09-22,2025-10-06,10,14.93,15.03,0.70,-0.93,1.63,time_stop,8,5,-3,2,15.66,2.86,0.41
B,GGBR4,2022-03-03,2022-03-04,2022-03-10,4,16.98,17.83,5.00,-0.91,5.91,take_profit_ret,6,6,0,2,3.94,2.05,0.84
B,GGBR4,2022-11-09,2022-11-10,2022-11-11,1,17.73,18.62,5.00,2.31,2.69,take_profit_ret,7,6,-1,2,7.65,2.21,0.86
B,GGBR4,2022-11-11,2022-11-14,2022-11-21,4,20.02,19.14,-4.39,-2.89,-1.49,stop_loss,7,5,-2,2,18.66,2.36,0.80
B,GGBR4,2022-11-30,2022-12-01,2022-12-16,11,21.63,20.70,-4.31,-7.15,2.85,stop_loss,7,6,-1,2,28.15,2.18,0.42
B,GGBR4,2023-07-25,2023-07-26,2023-08-08,9,21.42,20.40,-4.73,-2.92,-1.81,stop_loss,6,6,0,2,0.89,2.22,0.54
B,GGBR4,2024-11-06,2024-11-07,2024-11-25,10,18.71,19.48,4.14,-0.31,4.45,time_stop,8,8,0,2,9.10,3.26,0.91
B,GGBR4,2025-06-09,2025-06-10,2025-06-12,2,17.39,16.36,-5.88,0.98,-6.86,stop_loss,5,3,-2,2,-2.69,2.05,0.74
B,GGBR4,2026-01-22,2026-01-23,2026-02-06,10,22.66,21.85,-3.56,2.01,-5.57,time_stop,7,5,-2,2,9.93,2.06,0.56
B,GOAU4,2022-03-18,2022-03-21,2022-04-04,10,6.62,6.59,-0.41,4.34,-4.75,time_stop,8,6,-2,2,7.40,2.03,0.44
B,GOAU4,2022-11-09,2022-11-10,2022-11-11,1,6.96,7.31,5.00,2.31,2.69,take_profit_ret,7,5,-2,2,11.23,2.35,0.88
B,GOAU4,2023-06-14,2023-06-15,2023-06-29,10,7.51,7.41,-1.40,-0.42,-0.98,time_stop,5,4,-1,2,-4.34,2.25,0.52
B,GOAU4,2023-07-25,2023-07-26,2023-08-09,10,8.40,7.93,-5.54,-3.40,-2.14,stop_loss,6,6,0,2,1.61,2.05,0.55
B,GOAU4,2023-11-14,2023-11-16,2023-11-27,7,7.62,7.20,-5.61,0.81,-6.42,stop_loss,5,5,0,2,-7.30,2.04,0.51
B,GOAU4,2024-07-15,2024-07-16,2024-07-25,7,7.73,7.32,-5.27,-2.36,-2.91,stop_loss,6,3,-3,2,4.66,2.34,0.59
B,GOAU4,2024-11-06,2024-11-07,2024-11-25,10,7.98,8.00,0.29,-0.31,0.60,time_stop,8,8,0,2,8.26,2.94,0.95
B,GOAU4,2025-10-29,2025-10-30,2025-11-13,10,8.06,8.08,0.25,5.77,-5.51,time_stop,8,7,-1,2,9.17,2.17,0.49
B,GOAU4,2026-01-13,2026-01-14,2026-01-22,6,9.44,9.92,5.00,6.47,-1.47,take_profit_ret,8,7,-1,2,16.18,2.06,0.41
B,GOAU4,2026-01-22,2026-01-23,2026-02-06,10,10.10,9.82,-2.76,2.01,-4.77,time_stop,7,7,0,2,14.59,2.08,0.60
B,GGPS3,2023-05-05,2023-05-08,2023-05-11,3,11.32,11.88,5.00,2.27,2.73,take_profit_ret,7,6,-1,2,10.81,2.93,0.87
B,GGPS3,2023-05-11,2023-05-12,2023-05-25,9,11.95,12.55,5.00,1.43,3.57,take_profit_ret,7,7,0,2,14.61,2.40,0.72
B,GGPS3,2023-06-30,2023-07-03,2023-07-17,10,14.45,14.57,0.82,-1.06,1.88,time_stop,6,5,-1,2,22.99,2.63,0.76
B,GGPS3,2023-11-14,2023-11-16,2023-11-28,8,14.67,15.40,5.00,1.46,3.54,take_profit_ret,7,8,1,2,4.56,2.17,0.60
B,GGPS3,2025-08-13,2025-08-14,2025-08-27,9,14.32,15.04,5.00,2.13,2.87,take_profit_ret,6,7,1,2,3.66,3.65,0.92
B,HAPV3,2023-08-10,2023-08-11,2023-08-15,2,78.60,75.75,-3.63,-1.65,-1.98,stop_loss,7,5,-2,2,16.04,3.41,0.63
B,HAPV3,2023-09-29,2023-10-02,2023-10-04,2,70.35,64.95,-7.68,-1.17,-6.50,stop_loss,7,4,-3,2,12.81,2.35,0.95
B,HAPV3,2024-05-14,2024-05-15,2024-05-24,7,67.35,63.75,-5.35,-2.89,-2.46,stop_loss,6,6,0,2,2.44,2.84,0.51
B,HAPV3,2025-08-14,2025-08-15,2025-08-27,8,37.69,39.57,5.00,1.98,3.02,take_profit_ret,6,5,-1,2,-3.42,3.38,0.49
B,HYPE3,2022-02-25,2022-03-02,2022-03-07,3,28.89,27.38,-5.24,-3.59,-1.65,stop_loss,7,4,-3,2,7.64,2.80,0.62
B,HYPE3,2022-06-01,2022-06-02,2022-06-09,5,36.21,34.48,-4.79,-4.38,-0.40,stop_loss,7,6,-1,2,28.83,3.53,0.58
B,HYPE3,2022-07-29,2022-08-01,2022-08-15,10,36.98,36.31,-1.81,10.56,-12.37,time_stop,7,7,0,2,33.46,2.27,0.58
B,HYPE3,2022-10-19,2022-10-20,2022-10-26,4,42.91,40.25,-6.20,-3.65,-2.55,stop_loss,7,7,0,2,21.63,2.62,0.60
B,HYPE3,2022-10-31,2022-11-01,2022-11-04,2,43.99,42.44,-3.52,1.05,-4.58,stop_loss,7,6,-1,2,24.72,2.05,0.88
B,HYPE3,2023-06-09,2023-06-12,2023-06-23,9,40.67,38.36,-5.68,1.47,-7.15,stop_loss,6,5,-1,2,0.62,7.10,0.51
B,HYPE3,2025-04-24,2025-04-25,2025-05-12,10,22.57,22.33,-1.07,1.44,-2.51,time_stop,5,5,0,2,-0.21,3.35,0.89
B,HYPE3,2025-10-29,2025-10-30,2025-10-31,1,23.94,25.14,5.00,0.49,4.51,take_profit_ret,5,6,1,2,-0.66,2.95,0.51
B,IGTI11,2023-03-15,2023-03-16,2023-03-24,6,18.09,17.45,-3.54,-4.14,0.60,stop_loss,7,2,-5,2,7.02,2.12,0.61
B,IGTI11,2023-12-14,2023-12-15,2024-01-03,10,22.80,22.90,0.41,2.15,-1.74,time_stop,6,5,-1,2,1.83,2.04,0.57
B,IGTI11,2024-03-13,2024-03-14,2024-03-28,10,22.59,21.85,-3.28,0.41,-3.69,time_stop,7,3,-4,2,4.18,2.12,0.60
B,IGTI11,2025-05-08,2025-05-09,2025-05-20,7,21.04,22.09,5.00,2.70,2.30,take_profit_ret,8,6,-2,2,3.66,2.12,0.34
B,IGTI11,2025-08-28,2025-08-29,2025-09-12,10,23.19,23.61,1.80,0.51,1.29,time_stop,8,8,0,2,8.93,2.08,0.59
B,IGTI11,2026-01-22,2026-01-23,2026-02-06,10,27.37,28.47,4.03,2.01,2.02,time_stop,7,5,-2,2,-3.58,2.55,0.42
B,IRBR3,2023-05-02,2023-05-03,2023-05-05,2,33.85,30.86,-8.83,3.36,-12.19,stop_loss,7,6,-1,2,15.29,2.34,0.58
B,IRBR3,2023-06-23,2023-06-26,2023-06-28,2,42.80,41.07,-4.04,-1.21,-2.83,stop_loss,6,4,-2,2,38.33,2.02,0.73
B,IRBR3,2023-07-07,2023-07-10,2023-07-18,6,52.41,49.55,-5.46,-0.13,-5.33,stop_loss,6,7,1,2,68.42,2.53,0.70
B,IRBR3,2023-08-16,2023-08-17,2023-08-22,3,45.16,39.95,-11.54,0.94,-12.48,stop_loss,7,5,-2,2,39.86,4.25,0.70
B,IRBR3,2024-03-04,2024-03-05,2024-03-12,5,42.49,40.80,-3.98,-0.47,-3.50,stop_loss,5,3,-2,2,-5.50,3.17,0.96
B,IRBR3,2024-08-15,2024-08-16,2024-08-19,1,43.11,45.27,5.00,1.30,3.70,take_profit_ret,6,7,1,2,3.16,7.34,0.91
B,IRBR3,2024-10-23,2024-10-24,2024-10-28,2,47.91,41.64,-13.09,0.98,-14.07,stop_loss,7,5,-2,2,22.17,3.91,1.00
B,IRBR3,2024-12-26,2024-12-27,2025-01-10,8,42.70,44.84,5.00,-1.11,6.11,take_profit_ret,7,7,0,2,16.77,3.60,1.00
B,IRBR3,2025-01-10,2025-01-13,2025-01-15,2,46.08,48.38,5.00,3.06,1.94,take_profit_ret,8,8,0,2,26.69,2.11,0.53
B,IRBR3,2025-01-15,2025-01-16,2025-01-30,10,51.07,53.62,5.00,4.75,0.25,take_profit_ret,7,6,-1,2,35.38,2.06,0.52
B,IRBR3,2025-12-08,2025-12-09,2025-12-23,10,52.60,53.65,2.00,1.86,0.13,time_stop,5,4,-1,2,-3.55,3.33,0.89
B,ITSA4,2022-02-11,2022-02-14,2022-02-24,8,5.98,5.60,-6.26,-1.86,-4.40,stop_loss,7,4,-3,2,7.54,2.72,0.58
B,ITSA4,2022-10-03,2022-10-04,2022-10-14,7,6.09,5.81,-4.48,-3.68,-0.80,stop_loss,6,6,0,2,4.46,2.09,0.81
B,ITSA4,2023-02-08,2023-02-09,2023-02-27,10,5.82,5.47,-5.99,-2.06,-3.93,stop_loss,7,6,-1,2,5.79,2.23,1.00
B,ITSA4,2025-09-19,2025-09-22,2025-10-06,10,10.38,10.21,-1.59,-0.93,-0.66,time_stop,8,5,-3,2,6.30,2.04,0.66
B,ITSA4,2025-11-11,2025-11-12,2025-11-27,10,11.11,11.00,-0.99,0.57,-1.56,time_stop,8,5,-3,2,1.56,2.17,0.49
B,ITSA4,2026-01-21,2026-01-22,2026-01-26,2,12.74,13.38,5.00,1.48,3.52,take_profit_ret,7,5,-2,2,3.78,2.18,0.64
B,ITUB4,2022-08-09,2022-08-10,2022-08-24,10,17.48,17.92,2.53,2.46,0.07,time_stop,7,7,0,2,6.19,3.07,0.59
B,ITUB4,2023-02-08,2023-02-09,2023-02-28,11,18.44,17.57,-4.69,-3.15,-1.54,stop_loss,6,4,-2,2,4.27,2.82,0.98
B,ITUB4,2023-11-07,2023-11-08,2023-11-20,7,20.85,21.89,5.00,5.83,-0.83,take_profit_ret,7,6,-1,2,3.79,2.36,0.97
B,ITUB4,2024-02-06,2024-02-07,2024-02-23,10,24.99,25.63,2.56,-0.44,3.00,time_stop,8,7,-1,2,11.29,2.81,0.92
B,ITUB4,2024-08-14,2024-08-15,2024-08-29,10,27.93,28.16,0.79,1.29,-0.50,time_stop,8,8,0,2,8.55,2.30,0.73
B,ITUB4,2024-11-05,2024-11-06,2024-11-18,7,27.57,26.43,-4.15,-1.50,-2.66,stop_loss,8,3,-5,2,6.66,2.56,0.87
B,ITUB4,2025-05-09,2025-05-12,2025-05-26,10,33.59,33.91,0.96,1.21,-0.25,time_stop,8,5,-3,2,16.34,2.04,0.44
B,ITUB4,2025-11-11,2025-11-12,2025-11-27,10,37.79,37.32,-1.24,0.57,-1.81,time_stop,8,5,-3,2,1.88,2.00,0.47
B,ITUB4,2026-01-21,2026-01-22,2026-01-26,2,41.93,44.02,5.00,1.48,3.52,take_profit_ret,7,6,-1,2,0.34,2.11,0.72
B,KLBN11,2024-03-15,2024-03-18,2024-03-20,2,18.21,19.12,5.00,1.95,3.05,take_profit_ret,6,6,0,2,2.43,2.70,0.71
B,KLBN11,2026-01-22,2026-01-23,2026-02-06,10,19.40,19.30,-0.52,2.01,-2.53,time_stop,6,5,-1,2,-8.72,2.13,0.85
B,KLBN11,2026-02-11,2026-02-12,2026-02-24,6,20.86,20.10,-3.64,1.90,-5.54,stop_loss,6,5,-1,2,-6.39,2.31,0.70
B,RENT3,2022-02-22,2022-02-23,2022-03-04,5,50.94,48.20,-5.37,2.62,-8.00,stop_loss,7,0,-7,2,9.26,2.23,0.57
B,RENT3,2022-07-01,2022-07-04,2022-07-07,3,46.49,48.81,5.00,2.29,2.71,take_profit_ret,5,2,-3,2,8.17,3.29,0.37
B,RENT3,2022-10-31,2022-11-01,2022-11-11,7,61.83,55.83,-9.71,-3.78,-5.93,stop_loss,8,6,-2,2,15.87,2.10,1.00
B,RENT3,2023-12-14,2023-12-15,2024-01-03,10,59.47,55.95,-5.90,2.15,-8.05,stop_loss,5,5,0,2,-4.89,2.71,0.80
B,RENT3,2025-11-11,2025-11-12,2025-11-27,10,42.71,44.17,3.42,0.57,2.85,time_stop,8,5,-3,2,2.00,2.52,0.48
B,RENT3,2025-12-04,2025-12-05,2025-12-09,2,49.00,44.81,-8.55,0.24,-8.79,stop_loss,7,7,0,2,10.89,2.01,0.62
B,LREN3,2022-08-03,2022-08-04,2022-08-18,10,21.65,21.45,-0.93,7.28,-8.21,time_stop,7,5,-2,2,8.72,2.32,0.69
B,LREN3,2022-10-31,2022-11-01,2022-11-07,3,24.23,22.60,-6.70,-1.41,-5.29,stop_loss,8,6,-2,2,12.96,2.47,0.87
B,LREN3,2024-08-09,2024-08-12,2024-08-15,3,13.11,13.76,5.00,2.22,2.78,take_profit_ret,6,5,-1,2,1.70,2.17,0.91
B,LREN3,2025-05-08,2025-05-09,2025-05-15,4,15.57,16.35,5.00,2.12,2.88,take_profit_ret,8,5,-3,2,5.66,2.55,0.44
B,LREN3,2026-02-24,2026-02-25,2026-03-04,5,15.98,15.35,-3.94,-3.13,-0.82,stop_loss,6,0,-6,2,-21.79,2.07,0.43
B,MGLU3,2023-04-11,2023-04-12,2023-04-18,4,33.55,32.00,-4.64,-0.63,-4.01,stop_loss,7,4,-3,2,6.80,2.26,0.77
B,MGLU3,2025-12-04,2025-12-05,2025-12-09,2,11.07,9.86,-10.93,0.24,-11.17,stop_loss,7,6,-1,2,9.65,2.69,0.48
B,BEEF3,2022-02-09,2022-02-10,2022-02-24,10,8.88,9.32,5.00,-1.48,6.48,take_profit_ret,7,6,-1,2,8.63,2.10,0.70
B,BEEF3,2022-02-24,2022-02-25,2022-03-09,6,9.56,10.04,5.00,0.81,4.19,take_profit_ret,7,8,1,2,18.07,2.48,0.64
B,BEEF3,2022-08-11,2022-08-12,2022-08-18,4,12.62,13.25,5.00,1.20,3.80,take_profit_ret,8,5,-3,2,17.91,2.06,0.90
B,BEEF3,2023-01-11,2023-01-12,2023-01-13,1,13.32,13.98,5.00,-0.84,5.84,take_profit_ret,6,5,-1,2,4.92,2.19,0.68
B,BEEF3,2024-08-08,2024-08-09,2024-08-19,6,7.09,7.45,5.00,3.81,1.19,take_profit_ret,7,6,-1,2,5.09,2.97,0.96
B,BEEF3,2025-03-20,2025-03-21,2025-04-01,7,5.87,6.16,5.00,-0.73,5.73,take_profit_ret,5,6,1,2,-1.53,3.47,0.59
B,BEEF3,2025-04-09,2025-04-10,2025-04-16,4,6.54,6.86,5.00,1.52,3.48,take_profit_ret,8,5,-3,2,14.25,2.11,0.41
B,MOVI3,2023-08-09,2023-08-10,2023-08-22,8,11.32,11.89,5.00,-1.83,6.83,take_profit_ret,7,6,-1,2,31.15,2.86,0.46
B,MOVI3,2025-08-08,2025-08-11,2025-08-20,7,6.87,6.32,-8.09,-0.53,-7.56,stop_loss,7,7,0,2,32.00,3.12,0.85
B,MOVI3,2025-11-11,2025-11-12,2025-11-26,9,9.63,10.11,5.00,0.84,4.16,take_profit_ret,7,7,0,2,39.08,3.08,0.51
B,MOVI3,2026-01-15,2026-01-16,2026-01-20,2,10.61,9.55,-9.99,0.84,-10.83,stop_loss,7,4,-3,2,23.47,2.43,1.00
B,MRVE3,2022-08-04,2022-08-05,2022-08-12,5,11.08,10.04,-9.33,5.74,-15.08,stop_loss,7,6,-1,2,8.45,2.54,0.75
B,MRVE3,2022-09-02,2022-09-05,2022-09-08,2,11.82,10.80,-8.66,-2.09,-6.57,stop_loss,7,5,-2,2,11.03,2.62,0.82
B,MRVE3,2025-08-13,2025-08-14,2025-08-18,2,6.89,7.23,5.00,0.73,4.27,take_profit_ret,7,4,-3,2,15.74,3.90,0.75
B,MRVE3,2025-11-13,2025-11-14,2025-11-28,9,8.58,9.01,5.00,0.98,4.02,take_profit_ret,7,6,-1,2,20.39,2.30,0.50
B,MULT3,2022-03-25,2022-03-28,2022-04-11,10,21.04,20.76,-1.34,-1.69,0.35,time_stop,7,7,0,2,13.12,2.30,0.69
B,MULT3,2022-04-29,2022-05-02,2022-05-06,4,21.08,20.17,-4.34,-1.45,-2.89,stop_loss,7,5,-2,2,24.43,2.62,0.92
B,MULT3,2022-10-03,2022-10-04,2022-10-14,7,22.81,21.80,-4.43,-3.68,-0.76,stop_loss,8,7,-1,2,6.88,2.24,1.00
B,MULT3,2022-10-31,2022-11-01,2022-11-11,7,22.97,20.13,-12.37,-3.78,-8.59,stop_loss,8,5,-3,2,7.15,2.14,1.00
B,MULT3,2023-02-28,2023-03-01,2023-03-06,3,22.26,20.77,-6.71,0.27,-6.97,stop_loss,8,6,-2,2,12.08,2.42,0.49
B,MULT3,2024-07-22,2024-07-23,2024-07-25,2,23.73,22.40,-5.62,-0.44,-5.18,stop_loss,7,5,-2,2,0.03,2.11,0.45
B,MULT3,2025-04-25,2025-04-28,2025-05-13,10,25.02,25.18,0.66,3.01,-2.35,time_stop,6,5,-1,2,4.14,2.09,0.51
B,MULT3,2026-01-09,2026-01-12,2026-01-21,7,28.55,29.98,5.00,5.49,-0.49,take_profit_ret,6,5,-1,2,-5.23,2.82,0.68
B,MULT3,2026-01-21,2026-01-22,2026-01-28,4,30.58,32.11,5.00,5.01,-0.01,take_profit_ret,7,5,-2,2,-5.13,2.02,0.47
B,NEOE3,2022-03-25,2022-03-28,2022-04-11,10,13.83,13.95,0.81,-1.69,2.51,time_stop,5,5,0,2,-0.15,2.21,0.54
B,NEOE3,2022-04-22,2022-04-25,2022-04-27,2,14.12,14.83,5.00,-1.16,6.16,take_profit_ret,7,5,-2,2,9.70,3.75,0.64
B,NEOE3,2023-06-12,2023-06-13,2023-06-15,2,15.85,16.65,5.00,2.18,2.82,take_profit_ret,7,7,0,2,12.07,2.48,0.75
B,NEOE3,2023-06-15,2023-06-16,2023-06-20,2,16.83,17.67,5.00,0.80,4.20,take_profit_ret,6,5,-1,2,17.30,2.98,0.62
B,NEOE3,2023-06-21,2023-06-22,2023-07-06,10,18.06,18.67,3.37,-1.41,4.77,time_stop,7,6,-1,2,25.48,2.41,0.45
B,NEOE3,2024-08-23,2024-08-26,2024-09-09,10,18.82,18.95,0.65,-1.63,2.28,time_stop,6,3,-3,2,-2.94,2.06,0.48
B,NEOE3,2024-11-27,2024-11-28,2024-12-02,2,19.15,18.16,-5.18,0.48,-5.66,stop_loss,7,5,-2,2,7.25,3.62,0.65
B,NEOE3,2025-04-24,2025-04-25,2025-05-12,10,21.26,21.19,-0.32,1.44,-1.76,time_stop,8,7,-1,2,10.52,4.08,0.73
B,NEOE3,2025-06-16,2025-06-17,2025-07-02,10,24.67,24.34,-1.32,0.29,-1.61,time_stop,7,5,-2,2,19.28,2.48,0.83
B,NEOE3,2025-09-03,2025-09-04,2025-09-18,10,27.50,27.71,0.78,3.28,-2.50,time_stop,7,6,-1,2,20.75,3.71,0.56
B,NEOE3,2025-11-24,2025-11-25,2025-12-09,10,31.33,31.28,-0.16,1.03,-1.19,time_stop,8,7,-1,2,16.08,9.79,0.47
B,PETR3,2022-07-29,2022-08-01,2022-08-08,5,16.07,16.87,5.00,6.33,-1.33,take_profit_ret,7,8,1,2,35.64,3.65,0.62
B,PETR3,2022-08-12,2022-08-15,2022-08-17,2,17.82,18.71,5.00,0.94,4.06,take_profit_ret,8,6,-2,2,37.30,2.70,0.39
B,PETR3,2022-10-03,2022-10-04,2022-10-19,10,19.35,20.32,5.00,0.00,5.00,take_profit_ret,7,6,-1,2,23.53,2.06,0.71
B,PETR3,2023-06-14,2023-06-15,2023-06-21,4,23.43,24.61,5.00,0.75,4.25,take_profit_ret,6,6,0,2,22.18,2.20,0.57
B,PETR3,2023-10-18,2023-10-19,2023-10-24,3,29.90,27.96,-6.48,-0.33,-6.16,stop_loss,7,6,-1,2,42.48,2.41,0.66
B,PETR3,2024-08-26,2024-08-27,2024-09-11,11,35.82,34.58,-3.46,-1.35,-2.10,stop_loss,8,8,0,2,8.60,3.13,0.56
B,PETR3,2024-11-22,2024-11-25,2024-12-02,5,36.32,36.00,-0.90,-3.02,2.11,take_profit_score,8,9,1,2,11.02,2.17,0.64
B,PETR3,2025-02-18,2025-02-19,2025-02-28,7,37.70,35.34,-6.26,-3.23,-3.03,stop_loss,8,7,-1,2,9.92,2.04,0.94
B,PETR3,2026-01-14,2026-01-15,2026-01-21,4,33.88,35.57,5.00,3.94,1.06,take_profit_ret,5,4,-1,2,-8.75,2.50,0.94
B,PETR3,2026-01-21,2026-01-22,2026-01-26,2,35.96,37.76,5.00,1.48,3.52,take_profit_ret,5,4,-1,2,-7.04,2.72,0.50
B,PETR4,2022-07-28,2022-07-29,2022-08-08,6,14.47,15.20,5.00,5.54,-0.54,take_profit_ret,8,8,0,2,29.90,2.05,0.66
B,PETR4,2022-08-12,2022-08-15,2022-08-17,2,16.33,17.15,5.00,0.94,4.06,take_profit_ret,8,7,-1,2,38.41,2.04,0.36
B,PETR4,2022-10-03,2022-10-04,2022-10-19,10,17.40,18.27,5.00,0.00,5.00,take_profit_ret,7,6,-1,2,22.99,2.15,0.73
B,PETR4,2023-05-11,2023-05-12,2023-05-26,10,16.31,17.08,4.77,2.34,2.43,time_stop,7,7,0,2,8.04,2.12,0.74
B,PETR4,2024-11-22,2024-11-25,2024-12-09,10,32.76,33.31,1.68,-1.52,3.20,time_stop,8,8,0,2,7.87,2.57,0.62
B,PETR4,2025-11-07,2025-11-10,2025-11-25,10,31.31,31.29,-0.06,0.47,-0.53,time_stop,5,5,0,2,-9.85,2.80,0.83
B,PETR4,2026-01-14,2026-01-15,2026-01-21,4,31.50,33.08,5.00,3.94,1.06,take_profit_ret,5,4,-1,2,-8.18,2.27,0.91
B,PETR4,2026-01-21,2026-01-22,2026-01-26,2,33.38,35.05,5.00,1.48,3.52,take_profit_ret,5,4,-1,2,-7.20,2.46,0.52
B,PETR4,2026-03-02,2026-03-03,2026-03-11,6,41.70,43.79,5.00,0.51,4.49,take_profit_ret,6,5,-1,2,4.95,2.03,0.53
B,RECV3,2022-11-04,2022-11-07,2022-11-10,3,24.65,18.78,-23.82,-4.60,-19.21,stop_loss,7,5,-2,2,35.33,2.33,0.74
B,RECV3,2022-12-29,2023-01-02,2023-01-04,2,22.85,22.73,-0.53,-0.69,0.16,stop_loss,7,6,-1,2,25.74,2.12,0.70
B,RECV3,2024-01-18,2024-01-19,2024-02-02,10,16.73,16.16,-3.43,-0.21,-3.22,time_stop,7,7,0,2,5.06,4.15,0.95
B,PRIO3,2022-04-28,2022-04-29,2022-05-03,2,26.51,25.09,-5.35,-0.66,-4.69,stop_loss,8,8,0,2,19.21,2.26,0.84
B,PRIO3,2022-10-04,2022-10-05,2022-10-07,2,30.24,31.75,5.00,-0.48,5.48,take_profit_ret,8,5,-3,2,14.62,2.02,1.00
B,PRIO3,2023-04-04,2023-04-05,2023-04-11,3,33.45,35.12,5.00,5.41,-0.41,take_profit_ret,6,5,-1,2,13.58,2.35,0.57
B,PRIO3,2024-03-13,2024-03-14,2024-03-25,7,48.97,46.90,-4.23,-0.51,-3.72,stop_loss,6,5,-1,2,4.46,2.04,0.81
B,PRIO3,2026-03-02,2026-03-03,2026-03-05,2,58.60,55.80,-4.78,-1.42,-3.36,stop_loss,6,5,-1,2,10.01,2.53,0.63
B,PSSA3,2022-08-08,2022-08-09,2022-08-23,10,17.95,17.72,-1.31,3.86,-5.17,time_stop,6,5,-1,2,4.85,2.53,0.74
B,PSSA3,2022-11-03,2022-11-04,2022-11-11,5,21.50,19.16,-10.87,-4.78,-6.09,stop_loss,8,7,-1,2,17.19,2.89,0.95
B,PSSA3,2023-01-30,2023-01-31,2023-02-08,6,21.63,22.45,3.82,-3.19,7.00,take_profit_score,8,9,1,2,15.47,2.63,0.61
B,PSSA3,2023-02-10,2023-02-13,2023-03-01,10,23.29,22.69,-2.57,-4.05,1.47,time_stop,8,6,-2,2,26.41,2.38,0.50
B,PSSA3,2023-11-07,2023-11-08,2023-11-23,10,24.17,24.99,3.41,6.37,-2.96,time_stop,6,5,-1,2,-0.39,2.25,1.00
B,PSSA3,2024-02-28,2024-02-29,2024-03-07,5,26.60,27.93,5.00,-0.46,5.46,take_profit_ret,7,7,0,2,2.34,3.65,0.85
B,PSSA3,2024-05-15,2024-05-16,2024-05-31,10,28.71,28.03,-2.38,-4.73,2.35,time_stop,8,6,-2,2,10.20,3.43,1.00
B,PSSA3,2024-11-12,2024-11-13,2024-11-29,10,36.62,35.06,-4.28,-1.62,-2.67,stop_loss,8,7,-1,2,25.34,2.25,0.63
B,PSSA3,2025-03-19,2025-03-20,2025-04-03,10,39.28,39.78,1.27,-0.58,1.86,take_profit_score,8,9,1,2,13.08,2.03,0.83
B,PSSA3,2025-05-09,2025-05-12,2025-05-19,5,45.42,47.69,5.00,2.27,2.73,take_profit_ret,8,7,-1,2,20.54,3.13,0.49
B,RADL3,2022-08-01,2022-08-02,2022-08-16,10,19.32,20.11,4.06,10.28,-6.21,time_stop,7,5,-2,2,5.54,2.38,0.76
B,RADL3,2023-03-08,2023-03-09,2023-03-23,10,21.72,21.19,-2.44,-6.87,4.43,time_stop,8,5,-3,2,10.08,2.07,1.00
B,RADL3,2023-04-12,2023-04-13,2023-04-20,5,23.68,22.75,-3.92,-1.88,-2.04,stop_loss,8,7,-1,2,15.18,2.31,0.67
B,RADL3,2024-05-14,2024-05-15,2024-05-29,10,25.61,24.39,-4.74,-4.11,-0.63,stop_loss,5,0,-5,2,-3.51,2.23,0.69
B,RADL3,2024-08-05,2024-08-06,2024-08-21,11,28.47,26.82,-5.78,8.15,-13.92,stop_loss,7,6,-1,2,13.84,2.01,0.61
B,RADL3,2026-02-03,2026-02-04,2026-02-20,10,26.68,26.49,-0.71,4.76,-5.48,time_stop,7,5,-2,2,15.01,2.23,0.83
B,RAIZ4,2023-06-26,2023-06-27,2023-07-07,8,4.23,2.95,-30.22,1.25,-31.47,stop_loss,6,5,-1,2,18.77,2.05,0.52
B,RDOR3,2024-05-07,2024-05-08,2024-05-17,7,26.25,27.56,5.00,-1.10,6.10,take_profit_ret,7,7,0,2,5.76,3.36,0.57
B,RDOR3,2024-08-14,2024-08-15,2024-08-20,3,27.62,29.00,5.00,1.49,3.51,take_profit_ret,8,7,-1,2,9.46,4.04,0.65
B,RDOR3,2025-01-27,2025-01-28,2025-01-30,2,25.65,24.66,-3.87,2.41,-6.29,stop_loss,7,2,-5,2,2.52,2.73,0.48
B,RDOR3,2025-05-08,2025-05-09,2025-05-15,4,30.39,31.90,5.00,2.12,2.88,take_profit_ret,8,5,-3,2,9.77,2.63,0.47
B,RDOR3,2025-08-07,2025-08-08,2025-08-18,6,32.96,34.60,5.00,1.07,3.93,take_profit_ret,8,8,0,2,13.38,3.65,0.89
B,RDOR3,2025-09-18,2025-09-19,2025-10-03,10,37.84,38.24,1.05,-1.10,2.15,time_stop,7,6,-1,2,18.31,2.10,0.63
B,RDOR3,2025-11-06,2025-11-07,2025-11-19,8,43.20,41.28,-4.45,0.80,-5.24,stop_loss,7,7,0,2,23.00,3.06,0.60
B,RAIL3,2022-05-31,2022-06-01,2022-06-15,10,16.81,16.24,-3.39,-7.53,4.13,time_stop,6,3,-3,2,2.40,2.10,0.71
B,RAIL3,2022-08-12,2022-08-15,2022-08-25,8,18.25,19.17,5.00,0.58,4.42,take_profit_ret,8,7,-1,2,9.43,2.19,0.41
B,RAIL3,2023-05-05,2023-05-08,2023-05-22,10,20.08,20.16,0.38,3.96,-3.58,time_stop,7,8,1,2,14.45,3.07,0.63
B,RAIL3,2023-06-01,2023-06-02,2023-06-19,10,21.17,21.11,-0.27,6.52,-6.79,time_stop,7,6,-1,2,12.63,2.38,0.84
B,RAIL3,2023-09-13,2023-09-14,2023-09-28,10,22.37,21.19,-5.29,-2.95,-2.34,stop_loss,8,4,-4,2,8.43,2.36,1.00
B,SBSP3,2022-03-31,2022-04-01,2022-04-04,1,41.47,43.54,5.00,-0.34,5.34,take_profit_ret,7,7,0,2,20.39,2.32,0.52
B,SBSP3,2022-10-03,2022-10-04,2022-10-17,8,51.29,48.42,-5.60,-2.18,-3.41,stop_loss,7,7,0,2,25.05,3.77,1.00
B,SBSP3,2023-05-12,2023-05-15,2023-05-25,8,47.25,46.21,-2.18,1.02,-3.21,stop_loss,6,2,-4,2,2.12,2.26,0.84
B,SBSP3,2023-08-16,2023-08-17,2023-08-31,10,52.63,52.44,-0.36,0.85,-1.21,time_stop,6,6,0,2,4.54,3.20,0.86
B,SBSP3,2024-01-11,2024-01-12,2024-01-26,10,69.36,69.76,0.57,-1.69,2.26,time_stop,7,5,-2,2,18.18,2.68,0.60
B,SBSP3,2025-03-19,2025-03-20,2025-04-03,10,94.58,97.27,2.85,-0.58,3.43,time_stop,8,8,0,2,8.35,2.67,0.89
B,SBSP3,2025-08-12,2025-08-13,2025-08-18,3,116.57,111.13,-4.67,0.50,-5.17,stop_loss,8,6,-2,2,14.89,3.06,0.90
B,SANB11,2022-03-18,2022-03-21,2022-03-25,4,27.25,28.61,5.00,2.51,2.49,take_profit_ret,6,6,0,2,2.37,2.15,0.52
B,SANB11,2024-04-29,2024-04-30,2024-05-15,10,25.52,24.94,-2.26,1.51,-3.78,time_stop,5,5,0,2,-2.12,2.02,0.62
B,SANB11,2025-02-05,2025-02-06,2025-02-14,6,25.07,23.94,-4.52,1.39,-5.91,stop_loss,6,1,-5,2,2.40,3.39,0.63
B,SANB11,2025-04-30,2025-05-02,2025-05-16,10,27.53,28.39,3.12,3.23,-0.11,time_stop,7,7,0,2,6.29,2.48,0.57
B,SANB11,2025-10-29,2025-10-30,2025-10-31,1,28.93,30.38,5.00,0.49,4.51,take_profit_ret,8,7,-1,2,1.15,3.08,0.49
B,CSNA3,2023-11-14,2023-11-16,2023-11-17,1,11.84,12.43,5.00,0.12,4.88,take_profit_ret,6,6,0,2,-5.49,2.60,0.45
B,CSNA3,2023-11-20,2023-11-21,2023-11-22,1,13.74,14.43,5.00,0.32,4.68,take_profit_ret,7,6,-1,2,9.87,2.49,0.69
B,CSNA3,2025-12-10,2025-12-11,2025-12-29,10,9.58,9.21,-3.86,0.78,-4.64,stop_loss,5,4,-1,2,-0.43,2.40,0.69
B,SLCE3,2022-03-03,2022-03-04,2022-03-07,1,16.04,16.84,5.00,-2.98,7.98,take_profit_ret,7,6,-1,2,18.46,2.98,0.99
B,SLCE3,2022-03-07,2022-03-08,2022-03-10,2,16.98,15.81,-6.89,1.97,-8.86,stop_loss,6,6,0,2,31.02,2.54,0.99
B,SLCE3,2022-04-26,2022-04-27,2022-05-03,4,16.92,17.76,5.00,-2.65,7.65,take_profit_ret,8,6,-2,2,29.60,2.03,0.65
B,SLCE3,2023-01-27,2023-01-30,2023-02-13,10,16.93,17.25,1.87,-2.97,4.84,time_stop,8,6,-2,2,5.45,2.69,0.40
B,SLCE3,2023-06-23,2023-06-26,2023-06-29,3,15.16,14.53,-4.15,0.43,-4.58,stop_loss,5,0,-5,2,-8.36,2.47,0.62
B,SLCE3,2023-07-27,2023-07-28,2023-08-11,10,17.31,16.75,-3.23,-1.95,-1.28,time_stop,6,5,-1,2,4.47,2.64,0.51
B,SLCE3,2024-07-01,2024-07-02,2024-07-16,10,15.33,15.86,3.42,3.33,0.09,time_stop,6,6,0,2,2.84,2.81,0.84
B,SLCE3,2024-09-27,2024-09-30,2024-10-08,6,15.14,14.55,-3.90,-0.39,-3.51,stop_loss,5,0,-5,2,-0.38,2.75,1.00
B,SMFT3,2023-02-01,2023-02-02,2023-02-08,4,15.15,14.73,-2.77,0.04,-2.81,stop_loss,8,7,-1,2,10.60,2.57,0.39
B,SMFT3,2023-05-11,2023-05-12,2023-05-25,9,15.41,16.18,5.00,1.43,3.57,take_profit_ret,8,7,-1,2,11.46,3.41,0.45
B,SMFT3,2023-11-14,2023-11-16,2023-11-27,7,21.15,20.56,-2.79,0.81,-3.60,stop_loss,8,8,0,2,11.89,2.11,0.71
B,SMFT3,2025-08-07,2025-08-08,2025-08-18,6,22.03,23.13,5.00,1.07,3.93,take_profit_ret,8,8,0,2,6.73,4.01,0.89
B,SUZB3,2022-10-26,2022-10-27,2022-11-10,9,47.64,50.03,5.00,-3.55,8.55,take_profit_ret,6,5,-1,2,-0.22,2.67,0.46
B,SUZB3,2023-08-03,2023-08-04,2023-08-18,10,45.80,46.94,2.49,-3.42,5.91,time_stop,5,6,1,2,-2.82,2.19,0.56
B,SUZB3,2023-09-15,2023-09-18,2023-09-21,3,48.62,51.05,5.00,-1.79,6.79,take_profit_ret,7,7,0,2,5.73,2.86,0.81
B,SUZB3,2023-09-21,2023-09-22,2023-09-29,5,52.12,50.94,-2.26,0.48,-2.74,stop_loss,7,7,0,2,15.06,4.37,0.60
B,SUZB3,2024-06-27,2024-06-28,2024-07-08,6,54.50,51.77,-5.01,2.13,-7.14,stop_loss,7,6,-1,2,5.41,3.95,0.87
B,SUZB3,2024-10-25,2024-10-28,2024-11-11,10,56.18,55.14,-1.86,-2.73,0.87,time_stop,7,6,-1,2,6.13,2.22,0.70
B,SUZB3,2025-12-18,2025-12-19,2026-01-08,10,51.29,49.57,-3.35,2.77,-6.12,time_stop,5,4,-1,2,-9.16,2.05,0.86
B,SUZB3,2026-02-11,2026-02-12,2026-03-02,10,58.10,58.06,-0.07,0.66,-0.73,time_stop,5,5,0,2,-10.48,3.60,0.87
B,TAEE11,2022-02-22,2022-02-23,2022-03-04,5,26.60,27.93,5.00,2.62,2.38,take_profit_ret,7,6,-1,2,7.71,2.05,0.96
B,TAEE11,2022-03-04,2022-03-07,2022-03-21,10,28.21,28.97,2.71,4.51,-1.80,time_stop,7,7,0,2,12.16,2.66,0.70
B,TAEE11,2023-11-10,2023-11-13,2023-11-28,10,29.46,30.34,2.99,5.05,-2.06,time_stop,6,5,-1,2,-4.73,2.29,0.47
B,TAEE11,2023-12-15,2023-12-18,2024-01-04,10,30.91,31.62,2.27,0.06,2.21,time_stop,6,6,0,2,-6.33,2.27,1.00
B,TAEE11,2024-05-02,2024-05-03,2024-05-17,10,30.77,30.77,0.01,-0.36,0.37,time_stop,7,5,-2,2,0.28,2.12,0.72
B,TAEE11,2024-10-16,2024-10-17,2024-10-31,10,31.35,31.50,0.49,-0.82,1.31,time_stop,6,4,-2,2,-0.03,3.73,0.90
B,TAEE11,2025-04-30,2025-05-02,2025-05-16,10,33.73,33.78,0.16,3.23,-3.07,time_stop,7,5,-2,2,3.64,2.27,0.49
B,TAEE11,2025-09-19,2025-09-22,2025-10-06,10,34.86,35.61,2.16,-0.93,3.09,time_stop,6,7,1,2,-0.98,2.49,0.53
B,TAEE11,2025-11-05,2025-11-06,2025-11-11,3,39.20,41.16,5.00,3.13,1.87,take_profit_ret,8,8,0,2,5.19,2.09,0.54
B,TAEE11,2025-11-11,2025-11-12,2025-11-13,1,41.76,43.85,5.00,-0.22,5.22,take_profit_ret,8,7,-1,2,8.21,2.83,0.48
B,VIVT3,2022-03-18,2022-03-21,2022-04-04,10,21.02,21.51,2.31,4.34,-2.03,time_stop,8,8,0,2,16.38,2.70,0.71
B,VIVT3,2023-07-26,2023-07-27,2023-08-10,10,18.95,18.60,-1.81,-1.32,-0.50,time_stop,6,7,1,2,-0.44,2.33,0.87
B,VIVT3,2024-08-01,2024-08-02,2024-08-16,10,23.35,24.09,3.16,6.46,-3.30,time_stop,6,5,-1,2,3.80,2.56,0.76
B,VIVT3,2025-04-01,2025-04-02,2025-04-08,4,25.23,24.01,-4.84,-6.10,1.26,stop_loss,7,5,-2,2,4.05,2.16,0.71
B,VIVT3,2025-05-30,2025-06-02,2025-06-16,10,28.10,29.49,4.94,1.85,3.09,time_stop,7,5,-2,2,7.17,2.17,0.67
B,VIVT3,2025-06-30,2025-07-01,2025-07-15,10,30.26,30.61,1.16,-3.04,4.20,time_stop,8,7,-1,2,12.26,2.37,0.53
B,TIMS3,2022-02-09,2022-02-10,2022-02-21,7,9.81,9.43,-3.81,-1.51,-2.30,stop_loss,8,8,0,2,18.63,3.75,0.77
B,TIMS3,2022-04-01,2022-04-04,2022-04-11,5,10.06,9.51,-5.47,-3.62,-1.85,stop_loss,8,7,-1,2,8.77,2.33,0.51
B,TIMS3,2023-11-08,2023-11-09,2023-11-17,5,14.02,13.47,-3.94,5.14,-9.08,take_profit_score,7,9,2,2,21.01,2.19,0.87
B,TIMS3,2024-07-31,2024-08-01,2024-08-15,10,14.96,15.46,3.33,5.45,-2.12,time_stop,6,5,-1,2,3.81,2.07,0.79
B,TIMS3,2025-02-11,2025-02-12,2025-02-26,10,14.75,14.52,-1.57,0.47,-2.04,time_stop,6,7,1,2,4.58,2.79,0.61
B,TIMS3,2025-06-26,2025-06-27,2025-07-03,4,20.21,21.22,5.00,3.09,1.91,take_profit_ret,8,5,-3,2,24.78,2.64,0.43
B,TIMS3,2026-02-11,2026-02-12,2026-03-02,10,28.03,27.30,-2.60,0.66,-3.27,time_stop,6,6,0,2,1.20,2.05,0.62
B,TOTS3,2022-08-10,2022-08-11,2022-08-25,10,28.89,29.33,1.51,3.51,-2.00,time_stop,6,6,0,2,0.07,2.24,0.53
B,TOTS3,2023-11-08,2023-11-09,2023-11-13,2,29.18,30.64,5.00,1.42,3.58,take_profit_ret,6,5,-1,2,1.33,4.13,0.93
B,TOTS3,2023-11-13,2023-11-14,2023-11-29,10,31.71,32.25,1.70,2.22,-0.52,time_stop,7,7,0,2,8.08,2.36,0.68
B,TOTS3,2024-05-22,2024-05-23,2024-05-29,4,29.03,27.65,-4.77,-1.64,-3.14,stop_loss,5,0,-5,2,-0.35,2.49,0.69
B,TOTS3,2024-10-31,2024-11-01,2024-11-04,1,29.27,30.73,5.00,2.05,2.95,take_profit_ret,6,7,1,2,1.03,2.48,0.63
B,TOTS3,2025-01-31,2025-02-03,2025-02-06,3,33.25,31.63,-4.86,0.42,-5.28,stop_loss,7,7,0,2,19.52,2.03,0.58
B,UGPA3,2022-04-14,2022-04-18,2022-04-25,4,12.68,11.97,-5.60,-4.22,-1.38,stop_loss,5,1,-4,2,-0.14,2.57,0.63
B,UGPA3,2023-05-04,2023-05-05,2023-05-11,4,14.29,15.00,5.00,2.86,2.14,take_profit_ret,7,5,-2,2,30.21,3.42,0.97
B,USIM5,2023-11-16,2023-11-17,2023-12-01,10,7.30,7.66,5.00,2.59,2.41,take_profit_ret,5,5,0,2,-2.51,2.27,0.57
B,USIM5,2024-01-26,2024-01-29,2024-01-31,2,9.22,8.75,-5.14,-0.64,-4.49,stop_loss,7,5,-2,2,17.96,2.89,0.85
B,USIM5,2024-02-15,2024-02-16,2024-02-22,4,9.57,10.05,5.00,1.14,3.86,take_profit_ret,7,5,-2,2,23.10,2.59,0.55
B,USIM5,2025-10-27,2025-10-28,2025-11-11,10,5.41,5.29,-2.22,7.26,-9.48,time_stop,5,5,0,2,-0.82,2.30,0.72
B,USIM5,2025-12-03,2025-12-04,2025-12-10,4,5.81,6.10,5.00,-3.28,8.28,take_profit_ret,5,4,-1,2,-1.04,3.02,0.65
B,USIM5,2025-12-10,2025-12-11,2025-12-22,7,6.11,5.86,-4.09,-0.72,-3.37,stop_loss,7,6,-1,2,7.16,2.12,0.56
B,USIM5,2026-01-28,2026-01-29,2026-02-02,2,7.10,6.30,-11.27,-0.25,-11.02,stop_loss,6,3,-3,2,7.85,2.33,0.78
B,VALE3,2024-09-26,2024-09-27,2024-10-09,8,56.66,53.13,-6.23,-2.08,-4.14,stop_loss,6,6,0,2,1.59,2.71,0.92
B,VALE3,2025-07-02,2025-07-03,2025-07-17,10,50.95,49.85,-2.16,-3.95,1.79,time_stop,5,1,-4,2,-5.80,2.59,0.81
B,VALE3,2025-11-28,2025-12-01,2025-12-04,3,64.43,67.65,5.00,3.72,1.28,take_profit_ret,8,6,-2,2,5.84,2.07,0.77
B,VALE3,2026-01-21,2026-01-22,2026-01-28,4,82.50,86.62,5.00,5.01,-0.01,take_profit_ret,8,6,-2,2,23.14,2.70,0.43
B,VBBR3,2022-02-16,2022-02-17,2022-03-04,9,17.98,17.14,-4.70,1.19,-5.90,stop_loss,7,0,-7,2,1.34,2.04,0.49
B,VBBR3,2023-08-16,2023-08-17,2023-08-29,8,14.03,14.73,5.00,2.93,2.07,take_profit_ret,7,6,-1,2,9.97,2.98,1.00
B,VBBR3,2023-11-07,2023-11-08,2023-11-23,10,17.10,17.55,2.68,6.37,-3.69,time_stop,7,7,0,2,23.86,3.72,0.81
B,VBBR3,2024-01-31,2024-02-01,2024-02-19,10,19.11,19.31,1.05,0.47,0.59,time_stop,7,6,-1,2,20.24,2.03,0.58
B,VBBR3,2024-11-06,2024-11-07,2024-11-19,7,19.66,18.58,-5.46,-0.94,-4.53,stop_loss,5,0,-5,2,0.12,2.42,0.86
B,VBBR3,2025-08-28,2025-08-29,2025-09-12,10,21.97,22.19,0.99,0.51,0.48,time_stop,7,7,0,2,18.25,2.25,0.91
B,VBBR3,2026-02-05,2026-02-06,2026-02-24,10,30.99,31.00,0.03,4.76,-4.73,time_stop,8,6,-2,2,16.06,2.18,0.46
B,WEGE3,2022-09-30,2022-10-03,2022-10-10,5,29.59,31.07,5.00,-0.28,5.28,take_profit_ret,7,5,-2,2,8.02,2.14,0.68
B,WEGE3,2022-10-26,2022-10-27,2022-10-31,2,34.62,36.35,5.00,1.95,3.05,take_profit_ret,6,4,-2,2,25.41,3.26,0.51
B,WEGE3,2023-07-20,2023-07-21,2023-07-24,1,35.31,37.07,5.00,1.01,3.99,take_profit_ret,5,4,-1,2,-6.81,2.58,1.00
B,WEGE3,2023-07-24,2023-07-25,2023-08-01,5,38.68,37.04,-4.22,-0.39,-3.83,stop_loss,5,4,-1,2,-1.11,2.81,0.96
B,WEGE3,2024-02-21,2024-02-22,2024-03-07,10,34.04,34.66,1.80,-1.29,3.09,time_stop,5,5,0,2,-6.49,3.59,0.79
B,WEGE3,2024-07-31,2024-08-01,2024-08-08,5,47.66,45.67,-4.18,1.26,-5.45,stop_loss,7,5,-2,2,34.00,3.32,0.57
B,WEGE3,2026-01-22,2026-01-23,2026-01-27,2,49.35,51.82,5.00,1.44,3.56,take_profit_ret,5,5,0,2,-1.21,2.44,1.00
B,YDUQ3,2023-05-10,2023-05-11,2023-05-12,1,10.04,10.54,5.00,0.22,4.78,take_profit_ret,7,7,0,2,7.25,4.14,0.79
B,YDUQ3,2023-06-21,2023-06-22,2023-06-26,2,17.89,16.32,-8.81,-0.73,-8.08,stop_loss,7,5,-2,2,69.96,2.13,0.43
B,YDUQ3,2023-08-11,2023-08-14,2023-08-16,2,21.36,19.59,-8.29,-1.27,-7.02,stop_loss,7,6,-1,2,84.95,2.93,0.57
B,YDUQ3,2025-03-18,2025-03-19,2025-03-25,4,10.99,10.49,-4.59,-0.43,-4.16,stop_loss,7,5,-2,2,13.19,2.47,0.86
B,YDUQ3,2025-04-17,2025-04-22,2025-04-24,2,13.56,12.73,-6.09,3.18,-9.27,stop_loss,6,4,-2,2,40.54,3.12,0.66
B,YDUQ3,2025-10-31,2025-11-03,2025-11-06,3,13.54,12.89,-4.80,1.85,-6.65,stop_loss,5,3,-2,2,-1.97,2.42,0.58
B,YDUQ3,2026-01-27,2026-01-28,2026-02-04,5,14.82,13.88,-6.34,-1.76,-4.58,stop_loss,5,5,0,2,-11.87,2.47,0.85
