variacao,ticker,data_sinal,data_entrada,data_saida,dias,entrada,saida,pnl_pct,ret_bova,ret_rel,motivo,score,mrs,rsv
H2,ALOS3,2023-06-01,2023-06-02,2023-06-19,10,19.49,20.20,3.61,6.52,-2.91,time_stop,8,22.90,303.13
H2,ALOS3,2023-12-13,2023-12-14,2024-01-02,10,22.54,22.11,-1.90,1.48,-3.39,time_stop,7,4.96,76.54
H2,ALOS3,2025-11-13,2025-11-14,2025-12-01,10,27.22,27.55,1.25,0.75,0.49,time_stop,7,13.43,317.61
H2,ALOS3,2026-01-22,2026-01-23,2026-01-28,3,29.19,30.65,5.00,3.24,1.76,take_profit,6,3.43,22.07
H2,ABEV3,2022-07-28,2022-07-29,2022-08-12,10,11.39,11.45,0.53,9.41,-8.88,time_stop,7,7.03,223.10
H2,ABEV3,2023-03-28,2023-03-29,2023-04-13,10,11.61,11.56,-0.48,4.44,-4.92,time_stop,7,9.65,221.29
H2,ABEV3,2024-10-01,2024-10-02,2024-10-16,10,11.42,10.79,-5.55,-1.37,-4.18,time_stop,7,5.59,55.43
H2,ABEV3,2024-12-02,2024-12-03,2024-12-04,1,11.05,11.60,5.00,0.06,4.94,take_profit,7,9.84,126.87
H2,ABEV3,2025-02-26,2025-02-27,2025-03-05,2,10.26,10.78,5.00,-1.40,6.40,take_profit,6,2.11,235.48
H2,ANIM3,2022-10-31,2022-11-01,2022-11-04,2,5.95,6.24,5.00,1.05,3.95,take_profit,7,10.11,172.35
H2,ANIM3,2024-03-01,2024-03-04,2024-03-18,10,4.55,4.26,-6.26,-1.16,-5.10,time_stop,7,28.43,109.90
H2,ANIM3,2025-05-09,2025-05-12,2025-05-19,5,4.15,4.36,5.00,2.27,2.73,take_profit,6,60.58,87.78
H2,ANIM3,2026-01-07,2026-01-08,2026-01-21,9,4.03,4.23,5.00,5.86,-0.86,take_profit,6,0.60,419.61
H2,ANIM3,2026-01-22,2026-01-23,2026-01-27,2,4.95,5.20,5.00,1.44,3.56,take_profit,6,12.19,66.31
H2,ASAI3,2022-07-27,2022-07-28,2022-08-10,9,15.92,16.71,5.00,7.53,-2.53,take_profit,7,19.73,304.74
H2,ASAI3,2025-05-27,2025-05-28,2025-06-11,10,11.20,11.07,-1.15,-1.28,0.14,time_stop,6,38.88,63.33
H2,AURE3,2025-07-23,2025-07-24,2025-08-07,10,9.68,9.92,2.48,2.10,0.38,time_stop,6,3.51,126.31
H2,AXIA3,2022-04-07,2022-04-08,2022-04-13,3,35.03,36.78,5.00,-1.28,6.28,take_profit,7,5.76,286.12
H2,AXIA3,2022-10-21,2022-10-24,2022-11-04,8,42.33,44.45,5.00,1.66,3.34,take_profit,8,8.28,194.98
H2,AXIA3,2025-08-07,2025-08-08,2025-08-11,1,39.86,41.85,5.00,-0.31,5.31,take_profit,8,7.43,116.75
H2,AXIA3,2025-10-17,2025-10-20,2025-11-03,10,52.95,54.51,2.95,4.32,-1.37,time_stop,7,27.37,40.62
H2,AXIA6,2022-04-07,2022-04-08,2022-04-13,3,24.63,25.86,5.00,-1.28,6.28,take_profit,6,3.87,266.70
H2,AXIA6,2022-04-13,2022-04-14,2022-05-02,10,26.40,25.05,-5.10,-8.00,2.89,time_stop,8,13.25,405.93
H2,AXIA6,2022-08-04,2022-08-05,2022-08-19,10,32.54,32.23,-0.95,4.66,-5.61,time_stop,8,38.01,58.98
H2,AXIA6,2022-10-31,2022-11-01,2022-11-17,10,34.48,30.34,-12.03,-6.31,-5.72,time_stop,7,20.55,8.16
H2,AXIA6,2024-02-20,2024-02-21,2024-03-06,10,32.71,32.40,-0.96,-0.82,-0.15,time_stop,8,6.68,30.02
H2,AXIA6,2024-07-31,2024-08-01,2024-08-15,10,30.78,31.48,2.28,5.45,-3.18,time_stop,6,1.13,137.34
H2,AXIA6,2025-08-07,2025-08-08,2025-08-11,1,33.92,35.61,5.00,-0.31,5.31,take_profit,7,3.98,452.34
H2,AXIA6,2025-09-17,2025-09-18,2025-09-29,7,39.65,41.64,5.00,0.65,4.35,take_profit,8,11.57,2.57
H2,AXIA6,2025-10-31,2025-11-03,2025-11-10,5,45.62,47.90,5.00,3.31,1.69,take_profit,8,19.49,69.39
H2,AXIA6,2025-11-14,2025-11-17,2025-11-26,6,49.67,52.15,5.00,1.27,3.73,take_profit,8,22.85,64.20
H2,AXIA6,2026-02-19,2026-02-20,2026-03-06,10,65.98,64.29,-2.56,-5.78,3.22,time_stop,8,24.33,176.42
H2,AZZA3,2022-08-04,2022-08-05,2022-08-19,10,74.04,75.48,1.94,4.66,-2.72,time_stop,8,13.81,80.48
H2,B3SA3,2025-03-13,2025-03-14,2025-03-17,1,11.22,11.78,5.00,1.60,3.40,take_profit,7,8.75,120.38
H2,B3SA3,2025-05-08,2025-05-09,2025-05-23,10,13.75,13.84,0.63,0.92,-0.29,time_stop,6,20.78,291.09
H2,BBSE3,2022-03-18,2022-03-21,2022-03-28,5,15.62,16.40,5.00,2.30,2.70,take_profit,7,10.83,78.87
H2,BBSE3,2022-05-31,2022-06-01,2022-06-15,10,18.00,16.67,-7.36,-7.53,0.16,time_stop,8,22.56,329.13
H2,BBSE3,2022-07-14,2022-07-15,2022-07-22,5,17.75,18.64,5.00,2.31,2.69,take_profit,8,30.42,55.52
H2,BBSE3,2022-09-16,2022-09-19,2022-10-03,10,20.36,18.96,-6.88,3.86,-10.74,time_stop,8,22.14,78.15
H2,BBSE3,2024-12-03,2024-12-04,2024-12-11,5,29.02,30.47,5.00,3.14,1.86,take_profit,8,7.37,118.03
H2,BBSE3,2025-01-15,2025-01-16,2025-01-30,10,30.91,31.97,3.46,4.75,-1.29,time_stop,8,14.49,45.82
H2,BBDC3,2024-08-05,2024-08-06,2024-08-12,4,10.78,11.31,5.00,4.00,1.00,take_profit,6,1.19,195.23
H2,BBDC3,2025-05-08,2025-05-09,2025-05-23,10,12.44,12.61,1.42,0.92,0.50,time_stop,7,10.64,257.46
H2,BBDC3,2025-05-28,2025-05-29,2025-06-12,10,13.05,13.33,2.13,-0.52,2.64,time_stop,8,12.53,247.32
H2,BBDC3,2026-01-21,2026-01-22,2026-01-26,2,17.06,17.91,5.00,1.48,3.52,take_profit,7,2.41,13.28
H2,BBDC4,2022-08-05,2022-08-08,2022-08-12,4,13.88,14.57,5.00,3.66,1.34,take_profit,6,1.18,19.08
H2,BBDC4,2022-10-03,2022-10-04,2022-10-19,10,16.15,15.03,-6.91,0.00,-6.91,time_stop,8,5.63,9.72
H2,BBDC4,2024-02-06,2024-02-07,2024-02-23,10,12.87,11.58,-9.97,-0.44,-9.52,time_stop,7,1.04,184.55
H2,BBDC4,2024-08-06,2024-08-07,2024-08-13,4,12.36,12.97,5.00,3.82,1.18,take_profit,6,2.65,160.41
H2,BBDC4,2025-05-08,2025-05-09,2025-05-23,10,14.06,14.64,4.13,0.92,3.20,time_stop,7,12.01,398.01
H2,BBDC4,2026-01-21,2026-01-22,2026-01-23,1,19.76,20.75,5.00,1.71,3.29,take_profit,7,2.39,88.68
H2,BRAP4,2022-11-11,2022-11-14,2022-11-29,10,17.52,18.39,5.00,-1.79,6.79,take_profit,6,4.26,90.58
H2,BRAP4,2025-10-31,2025-11-03,2025-11-17,10,16.59,17.05,2.81,4.36,-1.54,time_stop,7,2.09,25.15
H2,BRAP4,2025-12-15,2025-12-16,2026-01-05,10,19.89,20.37,2.42,2.17,0.26,time_stop,7,13.09,516.41
H2,BBAS3,2022-02-11,2022-02-14,2022-02-15,1,11.92,12.52,5.00,0.99,4.01,take_profit,7,11.38,68.54
H2,BBAS3,2022-02-15,2022-02-16,2022-03-04,10,12.56,12.39,-1.33,-0.33,-0.99,time_stop,7,15.50,323.61
H2,BBAS3,2022-08-11,2022-08-12,2022-08-26,10,15.85,15.99,0.87,-0.26,1.13,time_stop,7,26.98,190.89
H2,BBAS3,2022-10-03,2022-10-04,2022-10-19,10,16.26,16.12,-0.88,0.00,-0.88,time_stop,8,14.89,76.81
H2,BBAS3,2023-01-17,2023-01-18,2023-01-20,2,15.23,15.99,5.00,0.11,4.89,take_profit,7,5.38,66.64
H2,BBAS3,2023-01-20,2023-01-23,2023-02-06,10,16.04,15.78,-1.62,-2.46,0.83,time_stop,7,10.88,107.40
H2,BBAS3,2023-02-14,2023-02-15,2023-03-03,10,16.72,15.45,-7.59,-5.31,-2.28,time_stop,7,16.90,290.52
H2,BBAS3,2023-04-12,2023-04-13,2023-04-28,10,17.57,17.66,0.52,-1.97,2.49,time_stop,8,19.66,139.15
H2,BBAS3,2023-06-12,2023-06-13,2023-06-21,6,20.76,21.80,5.00,2.95,2.05,take_profit,7,21.98,134.28
H2,BBAS3,2023-10-06,2023-10-09,2023-10-24,10,21.00,21.22,1.03,-1.34,2.37,time_stop,8,14.43,183.87
H2,BRKM5,2023-06-12,2023-06-13,2023-06-15,2,27.50,28.88,5.00,2.18,2.82,take_profit,6,1.07,161.03
H2,BRKM5,2023-06-15,2023-06-16,2023-06-30,10,29.99,27.86,-7.10,-0.64,-6.47,time_stop,7,8.49,77.81
H2,BRKM5,2024-03-20,2024-03-21,2024-04-05,10,26.36,25.72,-2.43,-1.18,-1.25,time_stop,7,16.61,245.60
H2,BRAV3,2022-04-29,2022-05-03,2022-05-17,10,43.99,43.17,-1.86,2.12,-3.99,time_stop,7,31.23,173.93
H2,BRAV3,2022-10-04,2022-10-05,2022-10-20,10,42.00,44.10,5.00,-0.37,5.37,take_profit,6,3.13,132.81
H2,BRAV3,2023-01-11,2023-01-12,2023-01-19,5,44.88,47.12,5.00,0.79,4.21,take_profit,7,10.56,288.25
H2,BPAC11,2022-08-10,2022-08-11,2022-08-25,10,23.70,23.53,-0.73,3.51,-4.24,time_stop,7,11.59,63.20
H2,BPAC11,2023-04-12,2023-04-13,2023-04-28,10,21.41,21.64,1.08,-1.97,3.05,time_stop,6,1.28,65.58
H2,BPAC11,2024-11-12,2024-11-13,2024-11-29,10,32.29,28.99,-10.20,-1.62,-8.58,time_stop,6,0.53,138.61
H2,BPAC11,2025-05-08,2025-05-09,2025-05-23,10,38.83,38.63,-0.53,0.92,-1.45,time_stop,8,15.79,100.97
H2,BPAC11,2025-08-12,2025-08-13,2025-08-27,10,44.45,43.49,-2.16,1.90,-4.06,time_stop,7,23.72,188.50
H2,BPAC11,2025-11-11,2025-11-12,2025-11-27,10,51.81,52.02,0.40,0.57,-0.17,time_stop,7,13.32,33.16
H2,BPAC11,2026-01-21,2026-01-22,2026-01-27,3,57.99,60.89,5.00,3.18,1.82,take_profit,7,9.07,16.71
H2,CXSE3,2022-08-16,2022-08-17,2022-08-31,10,6.71,6.65,-0.87,-3.78,2.91,time_stop,7,11.57,310.05
H2,CXSE3,2023-04-06,2023-04-10,2023-04-12,2,6.88,7.22,5.00,4.75,0.25,take_profit,8,19.43,323.04
H2,CXSE3,2023-04-12,2023-04-13,2023-04-28,10,7.45,7.58,1.66,-1.97,3.63,time_stop,8,21.70,64.57
H2,CXSE3,2023-07-27,2023-07-28,2023-08-11,10,8.43,8.63,2.37,-1.95,4.32,time_stop,8,10.97,185.29
H2,CXSE3,2024-01-22,2024-01-23,2024-01-24,1,11.69,12.28,5.00,-0.47,5.47,take_profit,8,22.82,84.02
H2,CXSE3,2024-08-30,2024-09-02,2024-09-16,10,14.41,13.45,-6.69,0.21,-6.90,time_stop,8,10.31,473.58
H2,CXSE3,2024-12-10,2024-12-11,2024-12-27,10,14.19,13.07,-7.91,-7.38,-0.53,time_stop,7,10.18,215.00
H2,CXSE3,2025-03-06,2025-03-07,2025-03-21,10,14.60,13.86,-5.03,5.76,-10.80,time_stop,8,15.01,152.39
H2,BHIA3,2025-03-10,2025-03-11,2025-03-12,1,4.77,5.01,5.00,0.16,4.84,take_profit,6,5.00,624.65
H2,BHIA3,2025-03-19,2025-03-20,2025-03-21,1,7.16,7.52,5.00,0.10,4.90,take_profit,6,50.21,210.53
H2,BHIA3,2025-09-01,2025-09-02,2025-09-16,10,5.16,4.32,-16.28,2.72,-19.00,time_stop,6,17.11,387.83
H2,CBAV3,2023-01-18,2023-01-19,2023-02-02,10,11.90,10.98,-7.76,-2.58,-5.19,time_stop,7,1.33,48.44
H2,CBAV3,2024-04-09,2024-04-10,2024-04-24,10,5.04,5.03,-0.20,-2.56,2.36,time_stop,7,8.07,29.55
H2,CBAV3,2024-09-24,2024-09-25,2024-10-02,5,5.33,5.60,5.00,1.51,3.49,take_profit,6,1.05,100.82
H2,CBAV3,2024-10-04,2024-10-07,2024-10-21,10,6.25,5.78,-7.52,-1.32,-6.20,time_stop,8,15.35,206.96
H2,CBAV3,2025-02-11,2025-02-12,2025-02-20,6,5.63,5.91,5.00,2.66,2.34,take_profit,6,0.90,40.82
H2,CEAB3,2023-03-06,2023-03-07,2023-03-08,1,2.62,2.75,5.00,2.30,2.70,take_profit,7,7.76,114.86
H2,CEAB3,2023-05-12,2023-05-15,2023-05-17,2,3.55,3.72,5.00,0.51,4.49,take_profit,6,35.41,6.71
H2,CEAB3,2023-08-11,2023-08-14,2023-08-28,10,6.14,5.19,-15.52,0.17,-15.69,time_stop,7,83.62,139.95
H2,CEAB3,2023-11-10,2023-11-13,2023-11-16,2,6.61,6.94,5.00,3.54,1.46,take_profit,7,55.17,256.20
H2,CEAB3,2023-11-16,2023-11-17,2023-12-01,10,7.42,7.79,5.00,2.59,2.41,take_profit,7,64.16,61.03
H2,CEAB3,2024-02-29,2024-03-01,2024-03-08,5,8.59,9.02,5.00,-1.58,6.58,take_profit,8,40.96,73.66
H2,CEAB3,2024-04-04,2024-04-05,2024-04-19,10,10.92,9.83,-9.99,-1.12,-8.87,time_stop,7,68.12,31.27
H2,CEAB3,2024-10-11,2024-10-14,2024-10-16,2,10.26,10.77,5.00,0.45,4.55,take_profit,7,13.72,173.40
H2,CEAB3,2024-10-25,2024-10-28,2024-11-06,7,11.86,12.45,5.00,-1.20,6.20,take_profit,7,30.33,158.48
H2,CEAB3,2025-05-08,2025-05-09,2025-05-12,1,13.93,14.62,5.00,0.11,4.89,take_profit,7,35.65,110.85
H2,CEAB3,2025-11-05,2025-11-06,2025-11-21,10,16.61,16.42,-1.16,1.23,-2.39,time_stop,7,4.01,141.13
H2,CMIG4,2022-03-18,2022-03-21,2022-03-24,3,4.66,4.89,5.00,2.50,2.50,take_profit,7,8.49,82.80
H2,CMIG4,2022-10-03,2022-10-04,2022-10-19,10,6.13,5.56,-9.28,0.00,-9.28,time_stop,8,8.90,26.71
H2,CMIG4,2022-10-21,2022-10-24,2022-11-08,10,5.80,5.85,0.87,0.14,0.73,time_stop,5,0.98,166.32
H2,CMIG4,2023-09-15,2023-09-18,2023-10-02,10,7.00,6.85,-2.15,-2.76,0.61,time_stop,7,4.34,82.93
H2,CMIG4,2024-11-14,2024-11-18,2024-12-03,10,10.18,9.75,-4.22,-1.39,-2.83,time_stop,8,22.36,349.62
H2,COGN3,2022-09-22,2022-09-23,2022-10-06,9,2.51,2.64,5.00,5.22,-0.22,take_profit,8,15.09,117.48
H2,COGN3,2022-10-31,2022-11-01,2022-11-17,10,2.81,2.01,-28.57,-6.31,-22.26,time_stop,7,22.43,58.08
H2,COGN3,2023-05-12,2023-05-15,2023-05-18,3,2.07,2.17,5.00,1.21,3.79,take_profit,6,2.60,21.54
H2,COGN3,2025-08-06,2025-08-07,2025-08-08,1,2.51,2.63,5.00,-0.46,5.46,take_profit,7,39.80,41.94
H2,COGN3,2026-01-21,2026-01-22,2026-01-23,1,4.06,4.26,5.00,1.71,3.29,take_profit,8,23.62,26.52
H2,CSMG3,2022-10-03,2022-10-04,2022-10-19,10,10.84,10.98,1.29,0.00,1.29,time_stop,8,14.70,207.27
H2,CSMG3,2023-03-15,2023-03-16,2023-03-30,10,11.41,11.81,3.47,0.47,3.00,time_stop,8,22.98,76.00
H2,CSMG3,2023-12-04,2023-12-05,2023-12-18,9,15.39,16.16,5.00,3.46,1.54,take_profit,6,2.08,272.48
H2,CSMG3,2024-06-21,2024-06-24,2024-07-08,10,18.34,18.84,2.70,3.24,-0.54,time_stop,8,15.38,56.74
H2,CSMG3,2025-06-13,2025-06-16,2025-06-26,7,25.25,26.51,5.00,-1.55,6.55,take_profit,7,12.11,206.59
H2,CSMG3,2025-09-04,2025-09-05,2025-09-16,7,30.24,31.75,5.00,1.05,3.95,take_profit,8,23.28,514.38
H2,CSMG3,2025-10-15,2025-10-16,2025-10-28,8,35.22,36.98,5.00,3.71,1.29,take_profit,7,37.22,118.55
H2,CSMG3,2025-12-01,2025-12-02,2025-12-16,10,42.11,41.68,-1.02,-1.78,0.76,time_stop,7,36.99,181.04
H2,CSMG3,2025-12-23,2025-12-26,2026-01-13,10,44.18,43.99,-0.43,0.79,-1.22,time_stop,7,36.76,431.73
H2,CPLE3,2022-10-24,2022-10-25,2022-11-01,5,5.76,6.05,5.00,2.11,2.89,take_profit,8,5.52,65.88
H2,CPLE3,2022-11-01,2022-11-03,2022-11-18,10,6.38,5.52,-13.51,-7.29,-6.21,time_stop,8,16.41,236.96
H2,CPLE3,2022-11-21,2022-11-22,2022-12-06,10,6.64,6.07,-8.59,1.59,-10.18,time_stop,7,24.91,330.98
H2,CPLE3,2023-04-11,2023-04-12,2023-04-13,1,5.71,5.99,5.00,-0.41,5.41,take_profit,6,3.66,235.10
H2,CPLE3,2023-06-09,2023-06-12,2023-06-26,10,6.62,6.73,1.57,0.69,0.88,time_stop,8,8.01,229.11
H2,CPLE3,2023-07-26,2023-07-27,2023-08-10,10,7.17,7.24,1.09,-1.32,2.40,time_stop,8,8.34,142.21
H2,CPLE3,2023-11-06,2023-11-07,2023-11-16,6,7.47,7.84,5.00,4.57,0.43,take_profit,8,10.64,269.41
H2,CPLE3,2025-05-08,2025-05-09,2025-05-23,10,10.47,10.72,2.33,0.92,1.40,time_stop,8,16.02,129.84
H2,CPFE3,2023-09-15,2023-09-18,2023-10-02,10,35.59,33.78,-5.09,-2.76,-2.33,time_stop,8,7.34,49.74
H2,CPFE3,2025-02-19,2025-02-20,2025-03-06,8,34.80,36.54,5.00,-3.27,8.27,take_profit,7,5.15,369.94
H2,CPFE3,2025-08-08,2025-08-11,2025-08-25,10,39.94,39.28,-1.65,1.97,-3.62,time_stop,8,5.54,172.44
H2,CPFE3,2025-11-12,2025-11-13,2025-11-19,4,45.29,47.55,5.00,-1.36,6.36,take_profit,7,1.50,133.13
H2,CPFE3,2026-01-23,2026-01-26,2026-02-09,10,55.49,50.20,-9.53,4.27,-13.81,time_stop,7,5.64,9.41
H2,CMIN3,2022-12-09,2022-12-12,2022-12-26,10,2.80,2.82,0.75,3.29,-2.54,time_stop,7,8.72,278.20
H2,CMIN3,2023-01-06,2023-01-09,2023-01-10,1,2.97,3.12,5.00,1.74,3.26,take_profit,7,16.05,79.78
H2,CMIN3,2023-05-08,2023-05-09,2023-05-17,6,3.43,3.60,5.00,2.13,2.87,take_profit,8,26.49,158.67
H2,CMIN3,2025-03-13,2025-03-14,2025-03-17,1,5.34,5.60,5.00,1.60,3.40,take_profit,7,11.08,132.19
H2,CURY3,2022-07-08,2022-07-11,2022-07-15,4,5.25,5.51,5.00,-1.61,6.61,take_profit,7,19.07,180.37
H2,CURY3,2022-09-01,2022-09-02,2022-09-05,1,6.79,7.13,5.00,1.27,3.73,take_profit,8,30.91,1184.85
H2,CURY3,2023-06-30,2023-07-03,2023-07-17,10,12.11,11.93,-1.48,-1.06,-0.42,time_stop,7,21.26,258.51
H2,CURY3,2024-03-12,2024-03-13,2024-03-27,10,16.00,16.08,0.49,-0.26,0.75,time_stop,8,18.71,301.08
H2,CURY3,2024-09-04,2024-09-05,2024-09-19,10,20.68,21.26,2.77,-2.65,5.42,time_stop,7,21.41,123.03
H2,CURY3,2024-10-29,2024-10-30,2024-11-13,10,21.60,19.76,-8.51,-2.28,-6.23,time_stop,8,22.19,483.83
H2,CURY3,2025-03-18,2025-03-19,2025-04-02,10,21.30,22.36,5.00,-0.54,5.54,take_profit,7,10.95,153.17
H2,CURY3,2025-08-06,2025-08-07,2025-08-21,10,29.17,28.75,-1.44,-1.42,-0.03,time_stop,7,28.55,144.62
H2,CVCB3,2025-03-24,2025-03-25,2025-03-26,1,2.17,2.28,5.00,0.16,4.84,take_profit,7,6.01,30.16
H2,CVCB3,2026-01-09,2026-01-12,2026-01-15,3,2.52,2.65,5.00,1.50,3.50,take_profit,6,2.08,203.33
H2,CVCB3,2026-01-15,2026-01-16,2026-01-30,10,2.68,2.62,-2.24,10.29,-12.53,time_stop,7,7.91,13.59
H2,CYRE3,2022-08-04,2022-08-05,2022-08-19,10,12.14,11.55,-4.91,4.66,-9.57,time_stop,7,6.02,85.52
H2,CYRE3,2022-09-02,2022-09-05,2022-09-20,10,13.44,13.24,-1.52,0.37,-1.89,time_stop,7,11.64,234.51
H2,CYRE3,2022-09-28,2022-09-29,2022-09-30,1,13.97,14.67,5.00,2.56,2.44,take_profit,8,20.55,293.19
H2,CYRE3,2022-10-03,2022-10-04,2022-10-19,10,16.53,15.02,-9.14,0.00,-9.14,time_stop,6,29.19,147.48
H2,CYRE3,2023-07-13,2023-07-14,2023-07-26,8,18.94,19.89,5.00,4.19,0.81,take_profit,6,32.73,116.95
H2,CYRE3,2025-08-22,2025-08-25,2025-08-28,3,24.08,25.29,5.00,2.37,2.63,take_profit,8,11.17,58.89
H2,CYRE3,2025-09-11,2025-09-12,2025-09-26,10,27.94,28.02,0.30,2.32,-2.02,time_stop,8,23.53,164.93
H2,CYRE3,2025-11-07,2025-11-10,2025-11-25,10,31.17,31.96,2.54,0.47,2.07,time_stop,7,15.93,142.67
H2,DIRR3,2022-09-02,2022-09-05,2022-09-15,7,3.42,3.60,5.00,-2.16,7.16,take_profit,7,25.24,181.42
H2,DIRR3,2022-10-03,2022-10-04,2022-10-19,10,4.24,3.88,-8.36,0.00,-8.36,time_stop,6,43.33,70.12
H2,DIRR3,2023-06-30,2023-07-03,2023-07-17,10,4.91,5.00,1.73,-1.06,2.79,time_stop,7,16.53,113.03
H2,DIRR3,2023-12-13,2023-12-14,2023-12-28,9,5.42,5.69,5.00,2.77,2.23,take_profit,6,3.60,107.05
H2,DIRR3,2024-02-20,2024-02-21,2024-03-06,10,6.02,6.32,5.00,-0.82,5.82,take_profit,8,11.71,38.98
H2,ECOR3,2023-03-17,2023-03-20,2023-04-03,10,4.76,4.64,-2.51,0.61,-3.13,time_stop,7,5.86,219.92
H2,ECOR3,2023-04-10,2023-04-11,2023-04-12,1,5.18,5.44,5.00,0.43,4.57,take_profit,7,17.11,292.73
H2,ECOR3,2023-06-20,2023-06-21,2023-07-05,10,6.70,5.92,-11.68,-0.37,-11.31,time_stop,6,27.39,172.43
H2,ECOR3,2023-07-19,2023-07-20,2023-07-21,1,7.01,7.36,5.00,1.80,3.20,take_profit,7,35.01,157.38
H2,ECOR3,2023-11-14,2023-11-16,2023-11-30,10,7.63,8.02,5.00,2.16,2.84,take_profit,7,15.26,9.25
H2,ECOR3,2025-08-27,2025-08-28,2025-09-04,5,7.74,8.13,5.00,-0.22,5.22,take_profit,7,23.51,126.80
H2,ECOR3,2025-11-10,2025-11-11,2025-11-12,1,8.69,9.12,5.00,-0.23,5.23,take_profit,7,15.40,140.22
H2,ECOR3,2025-11-12,2025-11-13,2025-11-25,7,9.50,9.97,5.00,-0.73,5.73,take_profit,7,24.93,199.33
H2,ECOR3,2026-01-23,2026-01-26,2026-02-09,10,12.16,10.82,-11.02,4.27,-15.29,time_stop,7,23.45,21.86
H2,ENGI11,2022-07-29,2022-08-01,2022-08-08,5,33.32,34.98,5.00,6.33,-1.33,take_profit,7,6.93,121.44
H2,ENGI11,2023-09-15,2023-09-18,2023-10-02,10,40.93,37.08,-9.41,-2.76,-6.66,time_stop,8,10.47,228.87
H2,ENEV3,2024-08-14,2024-08-15,2024-08-29,10,13.53,13.33,-1.48,1.29,-2.77,time_stop,7,0.78,43.95
H2,ENEV3,2025-08-25,2025-08-26,2025-09-09,10,15.06,15.31,1.66,2.71,-1.05,time_stop,8,12.00,157.89
H2,ENEV3,2025-10-24,2025-10-27,2025-11-03,5,17.70,18.59,5.00,2.34,2.66,take_profit,7,17.66,215.40
H2,ENEV3,2025-11-26,2025-11-27,2025-12-11,10,20.24,20.22,-0.10,0.56,-0.66,time_stop,7,21.18,82.44
H2,ENEV3,2026-01-21,2026-01-22,2026-02-05,10,21.79,21.58,-0.96,3.42,-4.39,time_stop,7,13.15,143.13
H2,EGIE3,2025-06-24,2025-06-25,2025-06-30,3,30.06,31.56,5.00,2.49,2.51,take_profit,7,6.80,130.52
H2,EQTL3,2022-03-18,2022-03-21,2022-04-04,10,23.67,24.32,2.74,4.34,-1.60,time_stop,7,9.52,68.07
H2,EQTL3,2022-09-23,2022-09-26,2022-10-03,5,24.32,25.54,5.00,6.92,-1.92,take_profit,8,9.35,253.34
H2,EQTL3,2023-09-13,2023-09-14,2023-09-28,10,30.66,29.68,-3.19,-2.95,-0.24,time_stop,8,8.91,129.02
H2,EQTL3,2023-12-20,2023-12-21,2024-01-09,10,32.78,32.28,-1.55,-0.59,-0.96,time_stop,7,0.44,238.60
H2,EZTC3,2023-07-25,2023-07-26,2023-08-03,6,14.20,14.91,5.00,-1.71,6.71,take_profit,6,22.93,141.34
H2,EZTC3,2024-11-01,2024-11-04,2024-11-19,10,10.38,10.23,-1.47,-1.79,0.31,time_stop,6,4.08,384.03
H2,EZTC3,2025-03-14,2025-03-17,2025-03-31,10,11.23,11.05,-1.62,-0.36,-1.26,time_stop,7,20.40,233.80
H2,EZTC3,2025-08-01,2025-08-04,2025-08-07,3,10.22,10.73,5.00,2.71,2.29,take_profit,8,5.53,40.02
H2,EZTC3,2025-09-09,2025-09-10,2025-09-15,3,11.96,12.56,5.00,0.93,4.07,take_profit,8,13.71,25.76
H2,EZTC3,2025-10-29,2025-10-30,2025-11-07,6,13.41,14.08,5.00,3.50,1.50,take_profit,7,18.03,17.86
H2,EZTC3,2025-11-14,2025-11-17,2025-11-28,8,15.01,15.76,5.00,1.34,3.66,take_profit,8,19.99,36.70
H2,FLRY3,2022-09-23,2022-09-26,2022-10-06,8,13.83,14.52,5.00,7.93,-2.93,take_profit,7,9.38,80.48
H2,FLRY3,2023-10-03,2023-10-04,2023-10-19,10,13.34,12.60,-5.56,0.38,-5.94,time_stop,7,7.41,145.76
H2,FLRY3,2023-11-10,2023-11-13,2023-11-28,10,14.09,14.20,0.77,5.05,-4.28,time_stop,8,6.24,150.12
H2,FLRY3,2023-12-15,2023-12-18,2024-01-04,10,15.58,14.73,-5.43,0.06,-5.49,time_stop,8,7.42,86.17
H2,FLRY3,2025-07-21,2025-07-22,2025-08-05,10,13.28,13.15,-0.97,-0.75,-0.22,time_stop,7,12.40,537.51
H2,FLRY3,2025-09-19,2025-09-22,2025-10-06,10,14.93,15.03,0.70,-0.93,1.63,time_stop,8,15.66,303.36
H2,GGBR4,2022-03-03,2022-03-04,2022-03-10,4,16.98,17.83,5.00,-0.91,5.91,take_profit,6,3.94,141.22
H2,GGBR4,2022-11-09,2022-11-10,2022-11-11,1,17.73,18.62,5.00,2.31,2.69,take_profit,7,7.65,5.89
H2,GGBR4,2022-11-11,2022-11-14,2022-11-29,10,20.02,21.02,5.00,-1.79,6.79,take_profit,7,18.66,27.74
H2,GGBR4,2022-11-30,2022-12-01,2022-12-15,10,21.63,20.72,-4.24,-6.13,1.88,time_stop,7,28.15,90.31
H2,GGBR4,2023-07-25,2023-07-26,2023-08-09,10,21.42,19.14,-10.64,-3.40,-7.24,time_stop,6,0.89,126.44
H2,GGBR4,2024-11-06,2024-11-07,2024-11-25,10,18.71,19.48,4.14,-0.31,4.45,time_stop,8,9.10,214.72
H2,GOAU4,2022-03-18,2022-03-21,2022-04-04,10,6.62,6.59,-0.41,4.34,-4.75,time_stop,8,7.40,72.45
H2,GOAU4,2022-11-09,2022-11-10,2022-11-11,1,6.96,7.31,5.00,2.31,2.69,take_profit,7,11.23,48.04
H2,GOAU4,2023-07-25,2023-07-26,2023-08-09,10,8.40,7.64,-9.02,-3.40,-5.61,time_stop,6,1.61,65.21
H2,GOAU4,2024-04-22,2024-04-23,2024-05-08,10,7.54,7.82,3.75,3.57,0.18,time_stop,6,4.10,107.88
H2,GOAU4,2024-07-15,2024-07-16,2024-07-30,10,7.73,7.37,-4.54,-2.12,-2.42,time_stop,6,4.66,52.87
H2,GOAU4,2024-11-06,2024-11-07,2024-11-25,10,7.98,8.00,0.29,-0.31,0.60,time_stop,8,8.26,173.18
H2,GOAU4,2025-10-29,2025-10-30,2025-11-13,10,8.06,8.08,0.25,5.77,-5.51,time_stop,8,9.17,8.99
H2,GOAU4,2026-01-13,2026-01-14,2026-01-22,6,9.44,9.92,5.00,6.47,-1.47,take_profit,8,16.18,59.43
H2,GGPS3,2023-05-05,2023-05-08,2023-05-11,3,11.32,11.88,5.00,2.27,2.73,take_profit,7,10.81,46.43
H2,GGPS3,2023-05-11,2023-05-12,2023-05-25,9,11.95,12.55,5.00,1.43,3.57,take_profit,7,14.61,63.99
H2,GGPS3,2023-06-30,2023-07-03,2023-07-17,10,14.45,14.57,0.82,-1.06,1.88,time_stop,6,22.99,18.09
H2,GGPS3,2023-11-14,2023-11-16,2023-11-28,8,14.67,15.40,5.00,1.46,3.54,take_profit,7,4.56,38.91
H2,GGPS3,2025-08-13,2025-08-14,2025-08-27,9,14.32,15.04,5.00,2.13,2.87,take_profit,6,3.66,203.73
H2,GMAT3,2023-05-11,2023-05-12,2023-05-26,10,6.26,6.58,5.00,2.34,2.66,take_profit,7,12.32,72.75
H2,GMAT3,2024-10-31,2024-11-01,2024-11-18,10,7.33,6.90,-5.86,-0.15,-5.70,time_stop,6,0.07,117.77
H2,GMAT3,2025-04-03,2025-04-04,2025-04-22,10,7.26,7.12,-1.87,2.64,-4.52,time_stop,7,5.70,116.43
H2,HAPV3,2023-08-10,2023-08-11,2023-08-25,10,78.60,68.85,-12.40,-1.84,-10.57,time_stop,7,16.04,286.69
H2,HAPV3,2023-09-29,2023-10-02,2023-10-17,10,70.35,58.95,-16.20,0.76,-16.97,time_stop,7,12.81,137.83
H2,HAPV3,2024-05-14,2024-05-15,2024-05-29,10,67.35,62.25,-7.57,-4.11,-3.46,time_stop,6,2.44,200.45
H2,HYPE3,2022-02-25,2022-03-02,2022-03-16,10,28.89,28.81,-0.30,-3.56,3.27,time_stop,7,7.64,210.15
H2,HYPE3,2022-06-01,2022-06-02,2022-06-17,10,36.21,32.92,-9.10,-11.27,2.17,time_stop,7,28.83,560.63
H2,HYPE3,2022-07-29,2022-08-01,2022-08-15,10,36.98,36.31,-1.81,10.56,-12.37,time_stop,7,33.46,112.99
H2,HYPE3,2022-10-19,2022-10-20,2022-11-04,10,42.91,42.09,-1.92,0.97,-2.89,time_stop,7,21.63,340.04
H2,HYPE3,2023-06-09,2023-06-12,2023-06-26,10,40.67,38.48,-5.37,0.69,-6.06,time_stop,6,0.62,782.45
H2,HYPE3,2025-10-30,2025-10-31,2025-11-14,10,25.32,25.29,-0.12,5.42,-5.53,time_stop,6,3.88,102.63
H2,IGTI11,2023-03-15,2023-03-16,2023-03-30,10,18.09,18.29,1.12,0.47,0.65,time_stop,7,7.02,32.77
H2,IGTI11,2023-12-14,2023-12-15,2024-01-03,10,22.80,22.90,0.41,2.15,-1.74,time_stop,6,1.83,17.24
H2,IGTI11,2024-03-13,2024-03-14,2024-03-28,10,22.59,21.85,-3.28,0.41,-3.69,time_stop,7,4.18,102.50
H2,IGTI11,2025-05-08,2025-05-09,2025-05-20,7,21.04,22.09,5.00,2.70,2.30,take_profit,8,3.66,82.70
H2,IGTI11,2025-08-28,2025-08-29,2025-09-12,10,23.19,23.61,1.80,0.51,1.29,time_stop,8,8.93,5.83
H2,INTB3,2022-02-16,2022-02-17,2022-03-07,10,27.37,26.09,-4.67,-1.82,-2.85,time_stop,8,15.67,93.49
H2,INTB3,2022-10-14,2022-10-17,2022-10-31,10,28.89,30.34,5.00,2.05,2.95,take_profit,8,15.52,188.71
H2,INTB3,2024-04-30,2024-05-02,2024-05-08,4,20.09,21.09,5.00,1.95,3.05,take_profit,7,5.39,331.48
H2,IRBR3,2023-05-02,2023-05-03,2023-05-11,6,33.85,35.54,5.00,6.31,-1.31,take_profit,7,15.29,227.50
H2,IRBR3,2023-06-23,2023-06-26,2023-07-05,7,42.80,44.94,5.00,1.24,3.76,take_profit,6,38.33,311.10
H2,IRBR3,2023-07-07,2023-07-10,2023-07-24,10,52.41,42.15,-19.58,3.04,-22.62,time_stop,6,68.42,299.01
H2,IRBR3,2023-08-16,2023-08-17,2023-08-29,8,45.16,47.42,5.00,2.93,2.07,take_profit,7,39.86,286.07
H2,IRBR3,2024-08-15,2024-08-16,2024-08-19,1,43.11,45.27,5.00,1.30,3.70,take_profit,6,3.16,200.30
H2,IRBR3,2024-10-23,2024-10-24,2024-11-07,10,47.91,40.89,-14.65,-0.43,-14.23,time_stop,7,22.17,146.17
H2,IRBR3,2024-12-26,2024-12-27,2025-01-10,8,42.70,44.84,5.00,-1.11,6.11,take_profit,7,16.77,319.36
H2,IRBR3,2025-01-10,2025-01-13,2025-01-15,2,46.08,48.38,5.00,3.06,1.94,take_profit,8,26.69,192.75
H2,IRBR3,2025-01-15,2025-01-16,2025-01-30,10,51.07,53.62,5.00,4.75,0.25,take_profit,7,35.38,43.39
H2,ISAE4,2024-06-21,2024-06-24,2024-07-08,10,23.15,23.56,1.77,3.24,-1.47,time_stop,8,11.58,46.43
H2,ISAE4,2025-12-15,2025-12-16,2026-01-05,10,27.30,26.62,-2.49,2.17,-4.65,time_stop,7,4.20,143.14
H2,ITSA4,2022-02-11,2022-02-14,2022-03-02,10,5.98,5.64,-5.60,1.44,-7.04,time_stop,7,7.54,64.97
H2,ITSA4,2022-10-03,2022-10-04,2022-10-19,10,6.09,6.02,-1.05,0.00,-1.05,time_stop,6,4.46,30.43
H2,ITSA4,2023-02-08,2023-02-09,2023-02-27,10,5.82,5.42,-6.78,-2.06,-4.72,time_stop,7,5.79,121.95
H2,ITSA4,2025-09-19,2025-09-22,2025-10-06,10,10.38,10.21,-1.59,-0.93,-0.66,time_stop,8,6.30,96.84
H2,ITSA4,2025-11-11,2025-11-12,2025-11-27,10,11.11,11.00,-0.99,0.57,-1.56,time_stop,8,1.56,17.05
H2,ITSA4,2026-01-21,2026-01-22,2026-01-26,2,12.74,13.38,5.00,1.48,3.52,take_profit,7,3.78,73.69
H2,ITUB4,2022-08-09,2022-08-10,2022-08-24,10,17.48,17.92,2.53,2.46,0.07,time_stop,7,6.19,295.51
H2,ITUB4,2023-02-08,2023-02-09,2023-02-27,10,18.44,17.53,-4.92,-2.06,-2.86,time_stop,6,4.27,229.20
H2,ITUB4,2023-11-07,2023-11-08,2023-11-20,7,20.85,21.89,5.00,5.83,-0.83,take_profit,7,3.79,205.22
H2,ITUB4,2024-02-06,2024-02-07,2024-02-23,10,24.99,25.63,2.56,-0.44,3.00,time_stop,8,11.29,188.13
H2,ITUB4,2024-08-14,2024-08-15,2024-08-29,10,27.93,28.16,0.79,1.29,-0.50,time_stop,8,8.55,30.76
H2,ITUB4,2024-11-05,2024-11-06,2024-11-22,10,27.57,26.22,-4.91,-0.22,-4.68,time_stop,8,6.66,312.82
H2,ITUB4,2025-05-09,2025-05-12,2025-05-26,10,33.59,33.91,0.96,1.21,-0.25,time_stop,8,16.34,59.50
H2,ITUB4,2026-01-21,2026-01-22,2026-01-26,2,41.93,44.02,5.00,1.48,3.52,take_profit,7,0.34,42.84
H2,KLBN11,2024-03-15,2024-03-18,2024-03-20,2,18.21,19.12,5.00,1.95,3.05,take_profit,6,2.43,81.10
H2,RENT3,2022-02-22,2022-02-23,2022-03-11,10,50.94,46.53,-8.66,0.11,-8.77,time_stop,7,9.26,145.81
H2,RENT3,2022-07-01,2022-07-04,2022-07-07,3,46.49,48.81,5.00,2.29,2.71,take_profit,5,8.17,341.85
H2,RENT3,2022-10-31,2022-11-01,2022-11-17,10,61.83,53.22,-13.93,-6.31,-7.62,time_stop,8,15.87,2.47
H2,RENT3,2025-11-11,2025-11-12,2025-11-27,10,42.71,44.17,3.42,0.57,2.85,time_stop,8,2.00,15.65
H2,RENT3,2025-12-04,2025-12-05,2025-12-19,10,49.00,43.78,-10.66,0.73,-11.39,time_stop,7,10.89,21.59
H2,LREN3,2022-08-03,2022-08-04,2022-08-18,10,21.65,21.45,-0.93,7.28,-8.21,time_stop,7,8.72,176.63
H2,LREN3,2022-10-31,2022-11-01,2022-11-17,10,24.23,18.93,-21.88,-6.31,-15.56,time_stop,8,12.96,12.50
H2,LREN3,2024-08-09,2024-08-12,2024-08-15,3,13.11,13.76,5.00,2.22,2.78,take_profit,6,1.70,43.10
H2,LREN3,2025-05-08,2025-05-09,2025-05-15,4,15.57,16.35,5.00,2.12,2.88,take_profit,8,5.66,99.62
H2,MGLU3,2025-12-04,2025-12-05,2025-12-19,10,11.07,8.81,-20.40,0.73,-21.12,time_stop,7,9.65,20.36
H2,POMO4,2022-09-28,2022-09-29,2022-10-14,10,1.50,1.48,-1.05,4.26,-5.30,time_stop,7,7.30,163.46
H2,POMO4,2022-12-22,2022-12-23,2022-12-28,3,1.40,1.47,5.00,0.75,4.25,take_profit,6,3.05,107.41
H2,POMO4,2023-04-11,2023-04-12,2023-04-27,10,1.92,2.00,4.12,-3.70,7.81,time_stop,7,29.78,32.00
H2,POMO4,2023-04-28,2023-05-02,2023-05-03,1,2.05,2.15,5.00,0.11,4.89,take_profit,8,37.80,106.67
H2,POMO4,2023-05-08,2023-05-09,2023-05-12,3,2.42,2.54,5.00,1.20,3.80,take_profit,7,59.88,220.88
H2,POMO4,2023-08-02,2023-08-03,2023-08-10,5,3.22,3.38,5.00,-1.89,6.89,take_profit,7,46.81,216.46
H2,POMO4,2023-12-05,2023-12-06,2023-12-07,1,3.91,4.11,5.00,0.47,4.53,take_profit,7,24.99,345.55
H2,POMO4,2024-08-02,2024-08-05,2024-08-06,1,4.83,5.07,5.00,0.80,4.20,take_profit,7,9.77,49.08
H2,POMO4,2024-08-06,2024-08-07,2024-08-21,10,5.48,5.11,-6.76,7.01,-13.77,time_stop,7,19.14,83.67
H2,POMO4,2025-08-01,2025-08-04,2025-08-18,10,7.13,7.24,1.57,3.33,-1.76,time_stop,7,14.81,269.05
H2,MBRF3,2023-11-22,2023-11-23,2023-11-28,3,7.64,8.02,5.00,-0.13,5.13,take_profit,7,14.04,105.86
H2,MBRF3,2024-05-08,2024-05-09,2024-05-16,5,8.82,9.26,5.00,0.02,4.98,take_profit,8,16.74,287.65
H2,MBRF3,2024-05-16,2024-05-17,2024-05-20,1,9.67,10.15,5.00,-0.20,5.20,take_profit,7,26.09,238.59
H2,MBRF3,2024-08-19,2024-08-20,2024-09-03,10,12.50,11.71,-6.31,-1.37,-4.94,time_stop,7,34.01,74.20
H2,MBRF3,2024-10-18,2024-10-21,2024-10-30,7,12.48,13.10,5.00,0.38,4.62,take_profit,7,26.79,32.58
H2,MBRF3,2024-11-14,2024-11-18,2024-11-22,3,14.56,15.29,5.00,1.29,3.71,take_profit,7,43.49,531.48
H2,MBRF3,2025-02-27,2025-02-28,2025-03-18,10,15.00,15.75,5.00,6.87,-1.87,take_profit,6,21.06,320.87
H2,MBRF3,2025-05-16,2025-05-19,2025-06-02,10,24.76,25.38,2.50,-2.07,4.57,time_stop,7,54.28,176.28
H2,MBRF3,2025-09-15,2025-09-16,2025-09-30,10,26.21,19.42,-25.91,1.51,-27.42,time_stop,7,20.73,159.79
H2,BEEF3,2022-02-24,2022-02-25,2022-03-09,6,9.56,10.04,5.00,0.81,4.19,take_profit,7,18.07,40.19
H2,BEEF3,2022-08-11,2022-08-12,2022-08-18,4,12.62,13.25,5.00,1.20,3.80,take_profit,8,17.91,26.03
H2,BEEF3,2023-01-11,2023-01-12,2023-01-13,1,13.32,13.98,5.00,-0.84,5.84,take_profit,6,4.92,120.51
H2,BEEF3,2024-08-08,2024-08-09,2024-08-19,6,7.09,7.45,5.00,3.81,1.19,take_profit,7,5.09,74.69
H2,BEEF3,2025-04-09,2025-04-10,2025-04-16,4,6.54,6.86,5.00,1.52,3.48,take_profit,8,14.25,64.85
H2,MOVI3,2023-08-09,2023-08-10,2023-08-22,8,11.32,11.89,5.00,-1.83,6.83,take_profit,7,31.15,196.34
H2,MOVI3,2025-08-08,2025-08-11,2025-08-25,10,6.87,6.45,-6.06,1.97,-8.03,time_stop,7,32.00,217.53
H2,MOVI3,2025-11-11,2025-11-12,2025-11-26,9,9.63,10.11,5.00,0.84,4.16,take_profit,7,39.08,27.37
H2,MOVI3,2026-01-15,2026-01-16,2026-01-26,6,10.61,11.14,5.00,8.50,-3.50,take_profit,7,23.47,38.14
H2,MRVE3,2022-08-04,2022-08-05,2022-08-19,10,11.08,9.65,-12.89,4.66,-17.55,time_stop,7,8.45,168.01
H2,MRVE3,2022-09-02,2022-09-05,2022-09-19,9,11.82,12.42,5.00,-0.21,5.21,take_profit,7,11.03,272.06
H2,MRVE3,2025-08-13,2025-08-14,2025-08-18,2,6.89,7.23,5.00,0.73,4.27,take_profit,7,15.74,213.34
H2,MRVE3,2025-11-13,2025-11-14,2025-11-28,9,8.58,9.01,5.00,0.98,4.02,take_profit,7,20.39,95.62
H2,MULT3,2022-03-25,2022-03-28,2022-04-11,10,21.04,20.76,-1.34,-1.69,0.35,time_stop,7,13.12,109.37
H2,MULT3,2022-04-29,2022-05-02,2022-05-16,10,21.08,22.13,4.95,1.64,3.32,time_stop,7,24.43,149.03
H2,MULT3,2022-10-03,2022-10-04,2022-10-19,10,22.81,21.41,-6.11,0.00,-6.11,time_stop,8,6.88,7.15
H2,MULT3,2022-11-01,2022-11-03,2022-11-18,10,22.40,19.34,-13.66,-7.29,-6.36,time_stop,8,6.59,16.28
H2,MULT3,2023-02-28,2023-03-01,2023-03-15,10,22.26,22.44,0.79,-1.79,2.58,time_stop,8,12.08,181.15
H2,MULT3,2024-07-22,2024-07-23,2024-08-06,10,23.73,23.84,0.47,-0.17,0.64,time_stop,7,0.03,204.46
H2,MULT3,2025-04-25,2025-04-28,2025-05-13,10,25.02,25.18,0.66,3.01,-2.35,time_stop,6,4.14,21.89
H2,NEOE3,2022-04-22,2022-04-25,2022-04-27,2,14.12,14.83,5.00,-1.16,6.16,take_profit,7,9.70,297.43
H2,NEOE3,2023-06-12,2023-06-13,2023-06-15,2,15.85,16.65,5.00,2.18,2.82,take_profit,7,12.07,120.95
H2,NEOE3,2023-06-15,2023-06-16,2023-06-20,2,16.83,17.67,5.00,0.80,4.20,take_profit,6,17.30,107.55
H2,NEOE3,2023-06-21,2023-06-22,2023-07-06,10,18.06,18.67,3.37,-1.41,4.77,time_stop,7,25.48,549.84
H2,NEOE3,2024-11-27,2024-11-28,2024-12-12,10,19.15,19.21,0.29,1.17,-0.88,time_stop,7,7.25,181.47
H2,NEOE3,2025-04-24,2025-04-25,2025-05-12,10,21.26,21.19,-0.32,1.44,-1.76,time_stop,8,10.52,129.13
H2,NEOE3,2025-06-16,2025-06-17,2025-07-02,10,24.67,24.34,-1.32,0.29,-1.61,time_stop,7,19.28,26.28
H2,NEOE3,2025-09-03,2025-09-04,2025-09-18,10,27.50,27.71,0.78,3.28,-2.50,time_stop,7,20.75,618.46
H2,NEOE3,2025-11-24,2025-11-25,2025-12-09,10,31.33,31.28,-0.16,1.03,-1.19,time_stop,8,16.08,1361.55
H2,PCAR3,2022-09-05,2022-09-06,2022-09-21,10,23.71,21.61,-8.86,2.09,-10.94,time_stop,8,10.98,351.43
H2,PCAR3,2023-07-04,2023-07-05,2023-07-07,2,19.99,20.99,5.00,-0.56,5.56,take_profit,7,6.33,311.29
H2,PCAR3,2023-07-07,2023-07-10,2023-07-24,10,21.95,21.57,-1.73,3.04,-4.77,time_stop,6,15.95,204.89
H2,PCAR3,2025-03-31,2025-04-01,2025-04-02,1,3.04,3.19,5.00,0.67,4.33,take_profit,7,5.85,80.49
H2,PCAR3,2025-04-02,2025-04-03,2025-04-14,7,3.65,3.83,5.00,-1.32,6.32,take_profit,7,18.77,323.05
H2,PCAR3,2025-07-17,2025-07-18,2025-08-01,10,3.74,3.49,-6.68,-0.56,-6.12,time_stop,7,21.41,299.27
H2,PCAR3,2025-08-25,2025-08-26,2025-09-02,5,3.53,3.71,5.00,1.80,3.20,take_profit,8,11.04,284.87
H2,PETR3,2022-07-29,2022-08-01,2022-08-08,5,16.07,16.87,5.00,6.33,-1.33,take_profit,7,35.64,235.85
H2,PETR3,2022-08-12,2022-08-15,2022-08-17,2,17.82,18.71,5.00,0.94,4.06,take_profit,8,37.30,140.45
H2,PETR3,2022-10-03,2022-10-04,2022-10-19,10,19.35,20.32,5.00,0.00,5.00,take_profit,7,23.53,51.01
H2,PETR3,2023-06-14,2023-06-15,2023-06-21,4,23.43,24.61,5.00,0.75,4.25,take_profit,6,22.18,15.00
H2,PETR3,2023-10-18,2023-10-19,2023-11-03,10,29.90,27.82,-6.97,3.75,-10.72,time_stop,7,42.48,123.95
H2,PETR3,2024-08-26,2024-08-27,2024-09-10,10,35.82,34.36,-4.07,-1.79,-2.28,time_stop,8,8.60,325.68
H2,PETR3,2024-11-22,2024-11-25,2024-12-09,10,36.32,36.41,0.23,-1.52,1.75,time_stop,8,11.02,18.20
H2,PETR3,2025-02-18,2025-02-19,2025-03-07,10,37.70,33.82,-10.29,-1.66,-8.62,time_stop,8,9.92,143.68
H2,PETR4,2022-07-28,2022-07-29,2022-08-08,6,14.47,15.20,5.00,5.54,-0.54,take_profit,8,29.90,78.06
H2,PETR4,2022-08-12,2022-08-15,2022-08-17,2,16.33,17.15,5.00,0.94,4.06,take_profit,8,38.41,88.67
H2,PETR4,2022-10-03,2022-10-04,2022-10-19,10,17.40,18.27,5.00,0.00,5.00,take_profit,7,22.99,42.49
H2,PETR4,2023-05-11,2023-05-12,2023-05-26,10,16.31,17.08,4.77,2.34,2.43,time_stop,7,8.04,55.94
H2,PETR4,2024-11-22,2024-11-25,2024-12-09,10,32.76,33.31,1.68,-1.52,3.20,time_stop,8,7.87,51.99
H2,PETR4,2026-03-02,2026-03-03,2026-03-11,6,41.70,43.79,5.00,0.51,4.49,take_profit,6,4.95,114.58
H2,RECV3,2022-11-04,2022-11-07,2022-11-22,10,24.65,20.77,-15.78,-5.53,-10.25,time_stop,7,35.33,140.32
H2,RECV3,2022-12-29,2023-01-02,2023-01-16,10,22.85,22.93,0.34,2.77,-2.43,time_stop,7,25.74,176.31
H2,RECV3,2024-01-18,2024-01-19,2024-02-02,10,16.73,16.16,-3.43,-0.21,-3.22,time_stop,7,5.06,261.86
H2,PRIO3,2022-04-28,2022-04-29,2022-05-13,10,26.51,27.05,2.03,-0.11,2.14,time_stop,8,19.21,155.13
H2,PRIO3,2022-10-04,2022-10-05,2022-10-07,2,30.24,31.75,5.00,-0.48,5.48,take_profit,8,14.62,9.08
H2,PRIO3,2023-04-04,2023-04-05,2023-04-11,3,33.45,35.12,5.00,5.41,-0.41,take_profit,6,13.58,308.16
H2,PRIO3,2024-03-13,2024-03-14,2024-03-28,10,48.97,48.74,-0.47,0.41,-0.88,time_stop,6,4.46,81.00
H2,PSSA3,2022-08-08,2022-08-09,2022-08-23,10,17.95,17.72,-1.31,3.86,-5.17,time_stop,6,4.85,55.61
H2,PSSA3,2022-11-03,2022-11-04,2022-11-21,10,21.50,19.45,-9.54,-6.95,-2.59,time_stop,8,17.19,179.92
H2,PSSA3,2023-01-30,2023-01-31,2023-02-10,8,21.63,22.71,5.00,-4.63,9.63,take_profit,8,15.47,401.26
H2,PSSA3,2023-02-10,2023-02-13,2023-03-01,10,23.29,22.69,-2.57,-4.05,1.47,time_stop,8,26.41,257.22
H2,PSSA3,2024-02-28,2024-02-29,2024-03-07,5,26.60,27.93,5.00,-0.46,5.46,take_profit,7,2.34,360.73
H2,PSSA3,2024-05-15,2024-05-16,2024-05-31,10,28.71,28.03,-2.38,-4.73,2.35,time_stop,8,10.20,198.01
H2,PSSA3,2024-11-12,2024-11-13,2024-11-29,10,36.62,35.35,-3.49,-1.62,-1.88,time_stop,8,25.34,225.22
H2,PSSA3,2025-03-19,2025-03-20,2025-04-03,10,39.28,39.78,1.27,-0.58,1.86,time_stop,8,13.08,38.72
H2,PSSA3,2025-05-09,2025-05-12,2025-05-19,5,45.42,47.69,5.00,2.27,2.73,take_profit,8,20.54,79.80
H2,RADL3,2022-08-01,2022-08-02,2022-08-16,10,19.32,20.11,4.06,10.28,-6.21,time_stop,7,5.54,126.30
H2,RADL3,2023-03-08,2023-03-09,2023-03-23,10,21.72,21.19,-2.44,-6.87,4.43,time_stop,8,10.08,31.55
H2,RADL3,2023-04-12,2023-04-13,2023-04-28,10,23.68,23.71,0.15,-1.97,2.12,time_stop,8,15.18,73.25
H2,RADL3,2024-08-05,2024-08-06,2024-08-20,10,28.47,26.88,-5.58,7.90,-13.48,time_stop,7,13.84,25.97
H2,RADL3,2026-02-03,2026-02-04,2026-02-20,10,26.68,26.49,-0.71,4.76,-5.48,time_stop,7,15.01,62.05
H2,RAIZ4,2023-06-26,2023-06-27,2023-07-11,10,4.23,4.05,-4.27,0.03,-4.30,time_stop,6,18.77,168.42
H2,RAPT4,2022-08-01,2022-08-02,2022-08-03,1,9.23,9.69,5.00,0.67,4.33,take_profit,8,8.69,90.26
H2,RAPT4,2023-07-28,2023-07-31,2023-08-14,10,11.68,11.63,-0.48,-3.93,3.45,time_stop,7,26.74,390.29
H2,RAPT4,2024-07-01,2024-07-02,2024-07-04,2,10.93,11.48,5.00,1.06,3.94,take_profit,8,0.42,387.77
H2,RDOR3,2024-05-07,2024-05-08,2024-05-17,7,26.25,27.56,5.00,-1.10,6.10,take_profit,7,5.76,315.82
H2,RDOR3,2024-08-14,2024-08-15,2024-08-20,3,27.62,29.00,5.00,1.49,3.51,take_profit,8,9.46,97.02
H2,RDOR3,2025-01-27,2025-01-28,2025-02-11,10,25.65,26.12,1.83,2.00,-0.17,time_stop,7,2.52,32.72
H2,RDOR3,2025-05-08,2025-05-09,2025-05-15,4,30.39,31.90,5.00,2.12,2.88,take_profit,8,9.77,145.29
H2,RDOR3,2025-08-07,2025-08-08,2025-08-18,6,32.96,34.60,5.00,1.07,3.93,take_profit,8,13.38,67.96
H2,RDOR3,2025-09-18,2025-09-19,2025-10-03,10,37.84,38.24,1.05,-1.10,2.15,time_stop,7,18.31,48.01
H2,RDOR3,2025-11-06,2025-11-07,2025-11-24,10,43.20,41.80,-3.23,1.03,-4.26,time_stop,7,23.00,99.86
H2,RAIL3,2022-05-31,2022-06-01,2022-06-15,10,16.81,16.24,-3.39,-7.53,4.13,time_stop,6,2.40,445.36
H2,RAIL3,2022-08-12,2022-08-15,2022-08-25,8,18.25,19.17,5.00,0.58,4.42,take_profit,8,9.43,48.88
H2,RAIL3,2023-05-05,2023-05-08,2023-05-22,10,20.08,20.16,0.38,3.96,-3.58,time_stop,7,14.45,127.73
H2,RAIL3,2023-06-01,2023-06-02,2023-06-19,10,21.17,21.11,-0.27,6.52,-6.79,time_stop,7,12.63,134.22
H2,RAIL3,2023-09-13,2023-09-14,2023-09-28,10,22.37,21.73,-2.86,-2.95,0.09,time_stop,8,8.43,155.53
H2,SBSP3,2022-03-31,2022-04-01,2022-04-04,1,41.47,43.54,5.00,-0.34,5.34,take_profit,7,20.39,313.63
H2,SBSP3,2022-10-03,2022-10-04,2022-10-19,10,51.29,50.02,-2.49,0.00,-2.49,time_stop,7,25.05,346.37
H2,SBSP3,2023-05-12,2023-05-15,2023-05-29,10,47.25,47.94,1.46,1.23,0.22,time_stop,6,2.12,37.44
H2,SBSP3,2023-08-16,2023-08-17,2023-08-31,10,52.63,52.44,-0.36,0.85,-1.21,time_stop,6,4.54,164.12
H2,SBSP3,2024-01-11,2024-01-12,2024-01-26,10,69.36,69.76,0.57,-1.69,2.26,time_stop,7,18.18,94.65
H2,SBSP3,2025-03-19,2025-03-20,2025-04-03,10,94.58,97.27,2.85,-0.58,3.43,time_stop,8,8.35,19.38
H2,SBSP3,2025-08-12,2025-08-13,2025-08-27,10,116.57,114.38,-1.88,1.90,-3.78,time_stop,8,14.89,72.07
H2,SAPR11,2023-03-30,2023-03-31,2023-04-04,2,15.26,16.02,5.00,0.02,4.98,take_profit,7,10.14,62.76
H2,SAPR11,2023-08-11,2023-08-14,2023-08-28,10,19.50,20.10,3.06,0.17,2.90,time_stop,8,15.03,79.38
H2,SAPR11,2023-10-13,2023-10-16,2023-10-30,10,20.95,19.69,-6.00,-3.52,-2.47,time_stop,8,18.34,323.45
H2,SAPR11,2024-09-05,2024-09-06,2024-09-10,2,27.51,28.88,5.00,-0.25,5.25,take_profit,6,4.82,177.33
H2,SAPR11,2024-09-10,2024-09-11,2024-09-25,10,29.87,27.64,-7.47,-2.51,-4.97,time_stop,7,14.19,312.24
H2,SAPR11,2024-11-27,2024-11-28,2024-11-29,1,25.62,26.90,5.00,0.84,4.16,take_profit,5,3.80,26.22
H2,SAPR11,2024-11-29,2024-12-02,2024-12-05,3,27.95,29.35,5.00,2.16,2.84,take_profit,7,14.24,55.55
H2,SAPR11,2025-06-13,2025-06-16,2025-06-26,7,33.91,35.60,5.00,-1.55,6.55,take_profit,6,19.26,72.03
H2,SAPR11,2025-06-30,2025-07-01,2025-07-15,10,36.31,35.75,-1.55,-3.04,1.49,time_stop,8,24.06,224.77
H2,SAPR11,2026-01-09,2026-01-12,2026-01-23,9,43.60,45.78,5.00,9.71,-4.71,take_profit,8,13.05,417.88
H2,SANB11,2022-03-18,2022-03-21,2022-03-25,4,27.25,28.61,5.00,2.51,2.49,take_profit,6,2.37,94.30
H2,SANB11,2024-04-30,2024-05-02,2024-05-16,10,25.69,24.93,-2.94,0.97,-3.91,time_stop,6,1.72,273.84
H2,SANB11,2025-02-05,2025-02-06,2025-02-20,10,25.07,24.46,-2.45,1.06,-3.51,time_stop,6,2.40,238.45
H2,SANB11,2025-04-30,2025-05-02,2025-05-16,10,27.53,28.39,3.12,3.23,-0.11,time_stop,7,6.29,46.41
H2,SANB11,2025-10-29,2025-10-30,2025-10-31,1,28.93,30.38,5.00,0.49,4.51,take_profit,8,1.15,145.73
H2,SMTO3,2022-03-02,2022-03-03,2022-03-11,6,36.89,38.74,5.00,-2.99,7.99,take_profit,8,22.17,280.56
H2,SMTO3,2022-05-31,2022-06-01,2022-06-15,10,43.33,38.64,-10.83,-7.53,-3.31,time_stop,7,30.41,517.66
H2,CSNA3,2023-11-16,2023-11-17,2023-11-20,1,12.67,13.30,5.00,0.95,4.05,take_profit,6,0.04,119.39
H2,CSNA3,2023-11-20,2023-11-21,2023-11-22,1,13.74,14.43,5.00,0.32,4.68,take_profit,7,9.87,175.83
H2,SIMH3,2023-08-03,2023-08-04,2023-08-18,10,20.80,20.20,-2.85,-3.42,0.58,time_stop,6,19.88,79.31
H2,SIMH3,2025-11-11,2025-11-12,2025-11-26,9,10.80,11.34,5.00,0.84,4.16,take_profit,7,1.25,11.70
H2,SIMH3,2025-11-26,2025-11-27,2025-12-01,2,12.26,12.87,5.00,0.12,4.88,take_profit,6,14.05,30.43
H2,SIMH3,2026-01-15,2026-01-16,2026-01-27,7,11.94,12.54,5.00,10.31,-5.31,take_profit,7,2.05,25.45
H2,SLCE3,2022-03-03,2022-03-04,2022-03-07,1,16.04,16.84,5.00,-2.98,7.98,take_profit,7,18.46,325.11
H2,SLCE3,2022-03-07,2022-03-08,2022-03-22,10,16.98,15.48,-8.86,5.42,-14.28,time_stop,6,31.02,139.70
H2,SLCE3,2022-04-26,2022-04-27,2022-05-03,4,16.92,17.76,5.00,-2.65,7.65,take_profit,8,29.60,123.88
H2,SLCE3,2023-01-27,2023-01-30,2023-02-13,10,16.93,17.25,1.87,-2.97,4.84,time_stop,8,5.45,182.82
H2,SLCE3,2023-07-27,2023-07-28,2023-08-11,10,17.31,16.75,-3.23,-1.95,-1.28,time_stop,6,4.47,212.01
H2,SLCE3,2024-07-01,2024-07-02,2024-07-16,10,15.33,15.86,3.42,3.33,0.09,time_stop,6,2.84,168.33
H2,SMFT3,2023-02-01,2023-02-02,2023-02-16,10,15.15,15.24,0.60,0.19,0.41,time_stop,8,10.60,46.94
H2,SMFT3,2023-05-11,2023-05-12,2023-05-25,9,15.41,16.18,5.00,1.43,3.57,take_profit,8,11.46,355.95
H2,SMFT3,2023-11-14,2023-11-16,2023-11-30,10,21.15,21.48,1.58,2.16,-0.58,time_stop,8,11.89,37.02
H2,SMFT3,2025-08-07,2025-08-08,2025-08-18,6,22.03,23.13,5.00,1.07,3.93,take_profit,8,6.73,174.04
H2,SUZB3,2022-10-28,2022-10-31,2022-11-11,8,49.29,51.75,5.00,-3.21,8.21,take_profit,7,0.46,39.72
H2,SUZB3,2023-09-15,2023-09-18,2023-09-21,3,48.62,51.05,5.00,-1.79,6.79,take_profit,7,5.73,85.07
H2,SUZB3,2023-09-21,2023-09-22,2023-10-06,10,52.12,52.05,-0.12,-1.73,1.61,time_stop,7,15.06,359.43
H2,SUZB3,2024-06-27,2024-06-28,2024-07-12,10,54.50,49.57,-9.04,4.00,-13.05,time_stop,7,5.41,494.00
H2,SUZB3,2024-10-25,2024-10-28,2024-11-11,10,56.18,55.14,-1.86,-2.73,0.87,time_stop,7,6.13,96.70
H2,TAEE11,2022-02-22,2022-02-23,2022-03-04,5,26.60,27.93,5.00,2.62,2.38,take_profit,7,7.71,116.09
H2,TAEE11,2022-03-04,2022-03-07,2022-03-21,10,28.21,28.97,2.71,4.51,-1.80,time_stop,7,12.16,190.30
H2,TAEE11,2024-05-02,2024-05-03,2024-05-17,10,30.77,30.77,0.01,-0.36,0.37,time_stop,7,0.28,236.06
H2,TAEE11,2025-04-30,2025-05-02,2025-05-16,10,33.73,33.78,0.16,3.23,-3.07,time_stop,7,3.64,24.73
H2,TAEE11,2025-11-05,2025-11-06,2025-11-11,3,39.20,41.16,5.00,3.13,1.87,take_profit,8,5.19,101.29
H2,TAEE11,2025-11-11,2025-11-12,2025-11-13,1,41.76,43.85,5.00,-0.22,5.22,take_profit,8,8.21,110.37
H2,VIVT3,2022-03-18,2022-03-21,2022-04-04,10,21.02,21.51,2.31,4.34,-2.03,time_stop,8,16.38,130.68
H2,VIVT3,2024-08-01,2024-08-02,2024-08-16,10,23.35,24.09,3.16,6.46,-3.30,time_stop,6,3.80,171.27
H2,VIVT3,2025-04-01,2025-04-02,2025-04-16,10,25.23,25.00,-0.93,-2.81,1.88,time_stop,7,4.05,152.60
H2,VIVT3,2025-05-30,2025-06-02,2025-06-16,10,28.10,29.49,4.94,1.85,3.09,time_stop,7,7.17,239.50
H2,VIVT3,2025-06-30,2025-07-01,2025-07-15,10,30.26,30.61,1.16,-3.04,4.20,time_stop,8,12.26,257.51
H2,TEND3,2023-03-10,2023-03-13,2023-03-14,1,5.05,5.30,5.00,-0.20,5.20,take_profit,7,13.77,115.18
H2,TEND3,2023-05-04,2023-05-05,2023-05-09,2,6.10,6.40,5.00,1.85,3.15,take_profit,7,32.55,71.14
H2,TEND3,2023-06-30,2023-07-03,2023-07-05,2,10.56,11.09,5.00,-0.09,5.09,take_profit,6,82.66,16.96
H2,TEND3,2024-09-16,2024-09-17,2024-10-01,10,13.53,12.13,-10.33,-1.88,-8.45,time_stop,8,13.19,155.46
H2,TEND3,2024-11-07,2024-11-08,2024-11-11,1,15.47,16.24,5.00,-0.12,5.12,take_profit,7,31.80,321.36
H2,TEND3,2025-05-09,2025-05-12,2025-05-20,6,18.79,19.73,5.00,2.59,2.41,take_profit,7,30.53,106.44
H2,TEND3,2025-11-07,2025-11-10,2025-11-11,1,24.08,25.28,5.00,1.67,3.33,take_profit,8,8.77,224.78
H2,TIMS3,2022-04-01,2022-04-04,2022-04-19,10,10.06,9.48,-5.75,-5.03,-0.71,time_stop,8,8.77,228.40
H2,TIMS3,2023-11-08,2023-11-09,2023-11-24,10,14.02,13.79,-1.62,5.63,-7.25,time_stop,7,21.01,216.27
H2,TIMS3,2024-07-31,2024-08-01,2024-08-15,10,14.96,15.46,3.33,5.45,-2.12,time_stop,6,3.81,160.55
H2,TIMS3,2025-02-11,2025-02-12,2025-02-26,10,14.75,14.52,-1.57,0.47,-2.04,time_stop,6,4.58,86.79
H2,TIMS3,2025-06-26,2025-06-27,2025-07-03,4,20.21,21.22,5.00,3.09,1.91,take_profit,8,24.78,66.40
H2,TIMS3,2026-02-11,2026-02-12,2026-03-02,10,28.03,27.30,-2.60,0.66,-3.27,time_stop,6,1.20,41.28
H2,TOTS3,2022-08-10,2022-08-11,2022-08-25,10,28.89,29.33,1.51,3.51,-2.00,time_stop,6,0.07,58.23
H2,TOTS3,2023-11-08,2023-11-09,2023-11-13,2,29.18,30.64,5.00,1.42,3.58,take_profit,6,1.33,426.58
H2,TOTS3,2023-11-13,2023-11-14,2023-11-29,10,31.71,32.25,1.70,2.22,-0.52,time_stop,7,8.08,352.34
H2,TOTS3,2024-10-31,2024-11-01,2024-11-04,1,29.27,30.73,5.00,2.05,2.95,take_profit,6,1.03,145.93
H2,TOTS3,2025-01-31,2025-02-03,2025-02-17,10,33.25,34.00,2.28,2.13,0.15,time_stop,7,19.52,14.30
H2,UGPA3,2023-05-04,2023-05-05,2023-05-11,4,14.29,15.00,5.00,2.86,2.14,take_profit,7,30.21,211.63
H2,USIM5,2024-01-26,2024-01-29,2024-02-14,10,9.22,9.05,-1.89,-1.22,-0.67,time_stop,7,17.96,391.85
H2,USIM5,2024-02-15,2024-02-16,2024-02-22,4,9.57,10.05,5.00,1.14,3.86,take_profit,7,23.10,417.44
H2,USIM5,2025-12-10,2025-12-11,2025-12-29,10,6.11,5.93,-2.95,0.78,-3.73,time_stop,7,7.16,110.45
H2,USIM5,2026-01-28,2026-01-29,2026-02-12,10,7.10,6.03,-15.07,2.58,-17.65,time_stop,6,7.85,95.24
H2,VALE3,2024-09-26,2024-09-27,2024-10-11,10,56.66,54.41,-3.97,-1.99,-1.98,time_stop,6,1.59,139.31
H2,VALE3,2025-11-28,2025-12-01,2025-12-04,3,64.43,67.65,5.00,3.72,1.28,take_profit,8,5.84,254.19
H2,VALE3,2026-01-21,2026-01-22,2026-01-28,4,82.50,86.62,5.00,5.01,-0.01,take_profit,8,23.14,195.33
H2,VAMO3,2022-04-28,2022-04-29,2022-05-13,10,11.69,11.82,1.17,-0.11,1.27,time_stop,7,6.23,137.36
H2,VAMO3,2022-08-04,2022-08-05,2022-08-08,1,12.33,12.94,5.00,2.01,2.99,take_profit,8,22.05,50.25
H2,VAMO3,2022-08-10,2022-08-11,2022-08-25,10,13.52,12.38,-8.45,3.51,-11.97,time_stop,7,24.25,77.40
H2,VAMO3,2022-10-31,2022-11-01,2022-11-17,10,13.70,10.95,-20.12,-6.31,-13.81,time_stop,8,16.65,34.33
H2,VAMO3,2024-07-04,2024-07-05,2024-07-10,3,7.99,8.39,5.00,0.65,4.35,take_profit,6,2.02,37.81
H2,VBBR3,2022-02-16,2022-02-17,2022-03-07,10,17.98,15.91,-11.53,-1.82,-9.71,time_stop,7,1.34,87.82
H2,VBBR3,2023-08-16,2023-08-17,2023-08-29,8,14.03,14.73,5.00,2.93,2.07,take_profit,7,9.97,118.92
H2,VBBR3,2023-11-07,2023-11-08,2023-11-23,10,17.10,17.55,2.68,6.37,-3.69,time_stop,7,23.86,368.36
H2,VBBR3,2024-11-06,2024-11-07,2024-11-25,10,19.66,18.58,-5.46,-0.31,-5.15,time_stop,5,0.12,83.38
H2,VBBR3,2025-08-28,2025-08-29,2025-09-12,10,21.97,22.19,0.99,0.51,0.48,time_stop,7,18.25,29.48
H2,VBBR3,2026-02-05,2026-02-06,2026-02-24,10,30.99,31.00,0.03,4.76,-4.73,time_stop,8,16.06,68.50
H2,VIVA3,2023-05-12,2023-05-15,2023-05-18,3,21.43,22.50,5.00,1.21,3.79,take_profit,6,1.25,343.84
H2,VIVA3,2025-05-15,2025-05-16,2025-05-26,6,23.64,24.82,5.00,-0.81,5.81,take_profit,6,1.29,71.35
H2,WEGE3,2022-09-30,2022-10-03,2022-10-10,5,29.59,31.07,5.00,-0.28,5.28,take_profit,7,8.02,38.24
H2,WEGE3,2022-10-26,2022-10-27,2022-10-31,2,34.62,36.35,5.00,1.95,3.05,take_profit,6,25.41,188.88
H2,WEGE3,2024-07-31,2024-08-01,2024-08-15,10,47.66,49.83,4.54,5.45,-0.91,time_stop,7,34.00,322.89
H2,WEGE3,2026-01-26,2026-01-27,2026-02-10,10,52.00,52.40,0.77,2.34,-1.57,time_stop,5,2.25,12.85
H2,YDUQ3,2023-05-10,2023-05-11,2023-05-12,1,10.04,10.54,5.00,0.22,4.78,take_profit,7,7.25,391.35
H2,YDUQ3,2023-06-21,2023-06-22,2023-07-06,10,17.89,17.76,-0.75,-1.41,0.66,time_stop,7,69.96,262.54
H2,YDUQ3,2023-08-11,2023-08-14,2023-08-28,10,21.37,18.80,-12.01,0.17,-12.17,time_stop,7,84.95,82.60
H2,YDUQ3,2025-03-18,2025-03-19,2025-04-02,10,10.99,11.40,3.76,-0.54,4.30,time_stop,7,13.19,146.17
H2,YDUQ3,2025-04-17,2025-04-22,2025-05-02,7,13.56,14.24,5.00,3.55,1.45,take_profit,6,40.54,66.65
